nom	id	theme	v25	v2026
<Agenda>.Affiche	1000022880	gestion des champs Agenda (syntaxe préfixée)	1	1
<Agenda>.AffichePériodePrécédente	1000022878	gestion des champs Agenda (syntaxe préfixée)	1	1
<Agenda>.AffichePériodeSuivante	1000022896	gestion des champs Agenda (syntaxe préfixée)	1	1
<Agenda>.AjouteRendezVous	1000022894	gestion des champs Agenda (syntaxe préfixée)	1	1
<Agenda>.ChangeMode	1000022879	gestion des champs Agenda (syntaxe préfixée)	1	1
<Agenda>.CouleurFond	1000022895	gestion des champs Agenda (syntaxe préfixée)	1	1
<Agenda>.DateVisible	1000022915	gestion des champs Agenda (syntaxe préfixée)	1	1
<Agenda>.HeureAffichée	1000022892	gestion des champs Agenda (syntaxe préfixée)	1	1
<Agenda>.HeureOuvrable	1000022916	gestion des champs Agenda (syntaxe préfixée)	1	1
<Agenda>.InfoXY	1000022889	gestion des champs Agenda (syntaxe préfixée)	1	1
<Agenda>.ListeRendezVous	1000022886	gestion des champs Agenda (syntaxe préfixée)	1	1
<Agenda>.Mode	1000022885	gestion des champs Agenda (syntaxe préfixée)	1	1
<Agenda>.PlageSélectionnée	1000022883	gestion des champs Agenda (syntaxe préfixée)	1	1
<Agenda>.Position	1000022897	gestion des champs Agenda (syntaxe préfixée)	1	1
<Agenda>.SelectMoins	1000022882	gestion des champs Agenda (syntaxe préfixée)	1	1
<Agenda>.SelectPlus	1000022881	gestion des champs Agenda (syntaxe préfixée)	1	1
<Agenda>.SupprimeRendezVous	1000022877	gestion des champs Agenda (syntaxe préfixée)	1	1
<Agenda>.SupprimeTout	1000022898	gestion des champs Agenda (syntaxe préfixée)	1	1
<Agenda>.VersiCalendar	1000022899	gestion des champs Agenda (syntaxe préfixée)	1	1
<Arbre>.Affiche	1000023421	gestion des champs Arbre (syntaxe préfixée)	1	1
<Arbre>.Ajoute	1000023422	gestion des champs Arbre (syntaxe préfixée)	1	1
<Arbre>.Cherche	1000023423	gestion des champs Arbre (syntaxe préfixée)	1	1
<Arbre>.CopieElément	1000023424	gestion des champs Arbre (syntaxe préfixée)	1	1
<Arbre>.DéplaceElément	1000023755	gestion des champs Arbre (syntaxe préfixée)	1	1
<Arbre>.Déroule	1000023756	gestion des champs Arbre (syntaxe préfixée)	1	1
<Arbre>.DérouleTout	1000023757	gestion des champs Arbre (syntaxe préfixée)	1	1
<Arbre>.Enroule	1000023758	gestion des champs Arbre (syntaxe préfixée)	1	1
<Arbre>.EnrouleTout	1000023759	gestion des champs Arbre (syntaxe préfixée)	1	1
<Arbre>.EtatElément	1000023878	gestion des champs Arbre (syntaxe préfixée)	1	1
<Arbre>.InfoXY	1000023760	gestion des champs Arbre (syntaxe préfixée)	1	1
<Arbre>.Insère	1000023761	gestion des champs Arbre (syntaxe préfixée)	1	1
<Arbre>.ListeFils	1000023762	gestion des champs Arbre (syntaxe préfixée)	1	1
<Arbre>.Modifie	1000023763	gestion des champs Arbre (syntaxe préfixée)	1	1
<Arbre>.Position	1000023764	gestion des champs Arbre (syntaxe préfixée)	1	1
<Arbre>.RécupèreFils	1000023765	gestion des champs Arbre (syntaxe préfixée)	1	1
<Arbre>.RécupèreIdentifiant	1000023766	gestion des champs Arbre (syntaxe préfixée)	1	1
<Arbre>.Select	1000023767	gestion des champs Arbre (syntaxe préfixée)	1	1
<Arbre>.SelectMoins	1000023768	gestion des champs Arbre (syntaxe préfixée)	1	1
<Arbre>.SelectOccurrence	1000023769	gestion des champs Arbre (syntaxe préfixée)	1	1
<Arbre>.SelectPlus	1000023770	gestion des champs Arbre (syntaxe préfixée)	1	1
<Arbre>.Supprime	1000023771	gestion des champs Arbre (syntaxe préfixée)	1	1
<Arbre>.SupprimeFils	1000023772	gestion des champs Arbre (syntaxe préfixée)	1	1
<Arbre>.SupprimeTout	1000023773	gestion des champs Arbre (syntaxe préfixée)	1	1
<Arbre>.Trie	1000023774	gestion des champs Arbre (syntaxe préfixée)	1	1
<Arbre>.TypeElément	1000023775	gestion des champs Arbre (syntaxe préfixée)	1	1
<AuthToken>.Déconnecte	1410090671	gestion des protocoles OAuth et OpenID (syntaxe préfixée)	0	1
<AuthToken>.RenouvelleToken	1000026285	gestion des protocoles OAuth et OpenID (syntaxe préfixée)	0	1
<AuthToken>.Révoque	1410090672	gestion des protocoles OAuth et OpenID (syntaxe préfixée)	0	1
<Bandeau défilant>.ArrêteDéfilement	1000022628	Bandeau défilant (syntaxe préfixée)	1	1
<Bandeau défilant>.Dernier	1000022630	Bandeau défilant (syntaxe préfixée)	1	1
<Bandeau défilant>.LanceDéfilement	1000022631	Bandeau défilant (syntaxe préfixée)	1	1
<Bandeau défilant>.Précédent	1000022627	Bandeau défilant (syntaxe préfixée)	1	1
<Bandeau défilant>.Premier	1000022629	Bandeau défilant (syntaxe préfixée)	1	1
<Bandeau défilant>.Suivant	1000022626	Bandeau défilant (syntaxe préfixée)	1	1
<Barre d'outils>.Attache	3020006	gestion des champs Barre d'outils (syntaxe préfixée)	1	1
<Barre d'outils>.Détache	3020008	gestion des champs Barre d'outils (syntaxe préfixée)	1	1
<Barre d'outils>.Position	3020007	gestion des champs Barre d'outils (syntaxe préfixée)	1	1
<Bouton segmenté>.Ajoute	1410090903	Bouton segmenté (syntaxe préfixée)	0	1
<Bouton segmenté>.Insère	1410090904	Bouton segmenté (syntaxe préfixée)	0	1
<Bouton segmenté>.Supprime	1410090905	Bouton segmenté (syntaxe préfixée)	0	1
<Bouton segmenté>.SupprimeTout	1410090906	Bouton segmenté (syntaxe préfixée)	0	1
<btlePériphérique>.EtatConnexion	1000022202	BTLE (syntaxe objet)	1	0
<btlePéripherique>.Initialise	1410087649	BTLE (syntaxe préfixée)	0	1
<Buffer>.AnsiVersUnicode	1000026033	gestion des chaînes de caractères (syntaxe préfixée)	0	1
<Buffer>.UTF8Valide	1410090487	gestion des chaînes de caractères (syntaxe préfixée)	0	1
<Calendrier>.Position	1000017361	Calendrier (syntaxe préfixée)	1	1
<Calendrier>.Select	1000017385	Calendrier (syntaxe préfixée)	1	1
<Calendrier>.SelectMoins	1000017363	Calendrier (syntaxe préfixée)	1	1
<Calendrier>.SelectOccurrence	1000017362	Calendrier (syntaxe préfixée)	1	1
<Calendrier>.SelectPlus	1000017343	Calendrier (syntaxe préfixée)	1	1
<Caméra>.Affiche	1000022380	Caméra/Vidéo (syntaxe préfixée)	1	1
<Caméra>.Arrête	1000022381	Caméra/Vidéo (syntaxe préfixée)	1	1
<Caméra>.ArrêteDécodage	1000022474	Caméra/Vidéo (syntaxe préfixée)	1	1
<Caméra>.Capture	1000022382	Caméra/Vidéo (syntaxe préfixée)	1	1
<Caméra>.ChangeDriver	1000022378	Caméra/Vidéo (syntaxe préfixée)	1	1
<Caméra>.Configure	1000022379	Caméra/Vidéo (syntaxe préfixée)	1	1
<Caméra>.DémarreDécodage	1000022475	Caméra/Vidéo (syntaxe préfixée)	1	1
<Caméra>.Etat	1000022476	Caméra/Vidéo (syntaxe préfixée)	1	1
<Caméra>.Photo	1410087895		0	1
<Caméra>.VidéoArrête	1410088061		0	1
<Caméra>.VidéoDémarre	1410088106		0	1
<Captcha>.Affiche	1000019493	Captcha (syntaxe préfixée)	1	1
<Captcha>.Vérifie	1000019567	Captcha (syntaxe préfixée)	1	1
<Carte>.AffichePopup	1000025799	gestion du champ Carte (syntaxe préfixée)	0	1
<Carte>.AffichePosition	1000022394	gestion du champ Carte (syntaxe préfixée)	1	1
<Carte>.AfficheZone	1000025800	gestion du champ Carte (syntaxe préfixée)	0	1
<Carte>.AjouteCalque	1410091552	gestion du champ Carte (syntaxe préfixée)	0	1
<Carte>.AjouteForme	1000025801	gestion du champ Carte (syntaxe préfixée)	0	1
<Carte>.AjouteImage	1000025802	gestion du champ Carte (syntaxe préfixée)	0	1
<Carte>.AjouteItinéraire	1000022420	gestion du champ Carte (syntaxe préfixée)	1	1
<Carte>.AjouteMarqueur	1000022422	gestion du champ Carte (syntaxe préfixée)	1	1
<Carte>.ChangeStyle	1000025797	gestion du champ Carte (syntaxe préfixée)	0	1
<Carte>.DistanceItinéraire	1000022431	gestion du champ Carte (syntaxe préfixée)	1	1
<Carte>.ExécuteJS	1000022384	gestion du champ Carte (syntaxe préfixée)	1	1
<Carte>.FermePopup	1000025803	gestion du champ Carte (syntaxe préfixée)	0	1
<Carte>.FinDéplacement	1000022437	gestion du champ Carte (syntaxe préfixée)	1	1
<Carte>.IdentifiantGgl	1410091156	gestion du champ Carte (syntaxe préfixée)	0	1
<Carte>.InfoPosition	1000022447	gestion du champ Carte (syntaxe préfixée)	1	1
<Carte>.InfoXY	1000022448	gestion du champ Carte (syntaxe préfixée)	1	1
<Carte>.LimiteZone	1000025804	gestion du champ Carte (syntaxe préfixée)	0	1
<Carte>.ModifieForme	1000025805	gestion du champ Carte (syntaxe préfixée)	0	1
<Carte>.ModifieImage	1000025818	gestion du champ Carte (syntaxe préfixée)	0	1
<Carte>.ModifieMarqueur	1000022383	gestion du champ Carte (syntaxe préfixée)	1	1
<Carte>.PopupAffichée	1000025819	gestion du champ Carte (syntaxe préfixée)	0	1
<Carte>.RécupèreImage	1000022462	gestion du champ Carte (syntaxe préfixée)	1	1
<Carte>.RécupèreObjetJS	1000022385	gestion du champ Carte (syntaxe préfixée)	1	1
<Carte>.RécupèrePosition	1000022463	gestion du champ Carte (syntaxe préfixée)	1	1
<Carte>.RécupèreStyle	1000025798	gestion du champ Carte (syntaxe préfixée)	0	1
<Carte>.SuitDéplacement	1000022464	gestion du champ Carte (syntaxe préfixée)	1	1
<Carte>.SupprimeCalque	1410091626	gestion du champ Carte (syntaxe préfixée)	0	1
<Carte>.SupprimeForme	1000025820	gestion du champ Carte (syntaxe préfixée)	0	1
<Carte>.SupprimeImage	1000025829	gestion du champ Carte (syntaxe préfixée)	0	1
<Carte>.SupprimeItinéraire	1000022465	gestion du champ Carte (syntaxe préfixée)	1	1
<Carte>.SupprimeMarqueur	1000022466	gestion du champ Carte (syntaxe préfixée)	1	1
<Carte>.SupprimeTout	1000022472	gestion du champ Carte (syntaxe préfixée)	1	1
<Cellule>.AfficheDialogue	1000021652	gestion des pages (syntaxe préfixée)	1	1
<Cellule>.FermeDialogue	1000021653	gestion des pages (syntaxe préfixée)	1	1
<Chaîne ANSI>.AnsiVersOem	1000024891	gestion des chaînes de caractères (syntaxe préfixée)	0	1
<Chaîne ANSI>.AnsiVersUnicode	1000024892	gestion des chaînes de caractères (syntaxe préfixée)	0	1
<Chaîne ANSI>.BufferVersHexa	1000024894	gestion des chaînes de caractères (syntaxe préfixée)	0	1
<Chaîne ANSI>.CaractOccurrenceType	1000024895	gestion des chaînes de caractères (syntaxe préfixée)	0	1
<Chaîne ANSI>.CommencePar	1000024901	gestion des chaînes de caractères (syntaxe préfixée)	0	1
<Chaîne ANSI>.Complète	1410089823	gestion des chaînes de caractères (syntaxe préfixée)	0	1
<Chaîne ANSI>.Contient	1410089824	gestion des chaînes de caractères (syntaxe préfixée)	0	1
<Chaîne ANSI>.Découpe	1000024902	gestion des chaînes de caractères (syntaxe préfixée)	0	1
<Chaîne ANSI>.Droite	1410089825	gestion des chaînes de caractères (syntaxe préfixée)	0	1
<Chaîne ANSI>.ExtraitChaîne	1000024876	gestion des chaînes de caractères (syntaxe préfixée)	0	1
<Chaîne ANSI>.FinitPar	1000024903	gestion des chaînes de caractères (syntaxe préfixée)	0	1
<Chaîne ANSI>.Formate	1000024877	gestion des chaînes de caractères (syntaxe préfixée)	0	1
<Chaîne ANSI>.Incrémente	1000024905	gestion des chaînes de caractères (syntaxe préfixée)	0	1
<Chaîne ANSI>.Insère	1000024906	gestion des chaînes de caractères (syntaxe préfixée)	0	1
<Chaîne ANSI>.Inverse	1000024908	gestion des chaînes de caractères (syntaxe préfixée)	0	1
<Chaîne ANSI>.RegexCherche	1410090616	gestion des chaînes de caractères (syntaxe préfixée)	0	1
<Chaîne ANSI>.RegexRemplace	1410090617	gestion des chaînes de caractères (syntaxe préfixée)	0	1
<Chaîne ANSI>.RegexVérifie	1410090618	gestion des chaînes de caractères (syntaxe préfixée)	0	1
<Chaîne ANSI>.Remplace	1000024890	gestion des chaînes de caractères (syntaxe préfixée)	0	1
<Chaîne ANSI>.SupprimeDoublon	1410087983	gestion des chaînes de caractères (syntaxe préfixée)	0	1
<Chaîne ANSI>.VersNumérique	1410087984	gestion des chaînes de caractères (syntaxe préfixée)	0	1
<Chaîne OEM>.OemVersAnsi	1410090334	gestion des chaînes de caractères (syntaxe préfixée)	0	1
<Chaîne Unicode>.RegexCherche	1410090619	gestion des chaînes de caractères (syntaxe préfixée)	0	1
<Chaîne Unicode>.RegexRemplace	1410090620	gestion des chaînes de caractères (syntaxe préfixée)	0	1
<Chaîne Unicode>.RegexVérifie	1410090621	gestion des chaînes de caractères (syntaxe préfixée)	0	1
<Champ>.Rectangle	1410090622		0	1
<Champ d'affichage HTML>.DepuisEmail	1410087278	gestion des champs d'affichage HTML (syntaxe préfixée)	0	1
<Champ d'affichage HTML>.ExécuteJS	1000024372		0	1
<Champ d'affichage HTML>.ExécuteProcédureNavigateur	1000026265	gestion des champs d'affichage HTML (syntaxe préfixée)	0	1
<Champ d'affichage HTML>.ExécuteTraitementChamp	1000026266	gestion des champs d'affichage HTML (syntaxe préfixée)	0	1
<Champ d'affichage HTML>.ValeurChamp	1000026268	gestion des champs d'affichage HTML (syntaxe préfixée)	0	1
<Champ d'affichage HTML>.ValideFormulaire	1000026311	gestion des champs d'affichage HTML (syntaxe préfixée)	0	1
<Champ d'afichage HTML>.SurErreurJS	1000026267	gestion des champs d'affichage HTML (syntaxe préfixée)	0	1
<Champ Html>.ExécuteJS	1000024372		1	0
<Chat IA>.AjoutLigne	1410086779	Chat IA (syntaxe préfixée)	0	1
<Chat IA>.ChargeConversation	1410086776	Chat IA (syntaxe préfixée)	0	1
<Chat IA>.Demande	1410091554	Chat IA (syntaxe préfixée)	0	1
<Chat IA>.RegénèreDemande	1410086775	Chat IA (syntaxe préfixée)	0	1
<Chat IA>.SauveConversation	1410086774	Chat IA (syntaxe préfixée)	0	1
<Chat IA>.StopDemande	1410086773		0	1
<Chemin de navigation>.AjouteLien	3083034	gestion des chemins de navigation (syntaxe préfixée)	1	1
<Chemin de navigation>.InsèreLien	3083035	gestion des chemins de navigation (syntaxe préfixée)	1	1
<Chemin de navigation>.ModifieLien	3083036	gestion des chemins de navigation (syntaxe préfixée)	1	1
<Chemin de navigation>.SupprimeLien	3083037	gestion des chemins de navigation (syntaxe préfixée)	1	1
<Chemin de navigation>.SupprimeTout	3083038	gestion des chemins de navigation (syntaxe préfixée)	1	1
<Chrono>.Début	1000023788	gestion des Dates et des Heures (syntaxe préfixée)	1	1
<Chrono>.Fin	1000023789	gestion des Dates et des Heures (syntaxe préfixée)	1	1
<Chrono>.Pause	1000023790	gestion des Dates et des Heures (syntaxe préfixée)	1	1
<Chrono>.RAZ	1000023791	gestion des Dates et des Heures (syntaxe préfixée)	1	1
<Chrono>.Reprend	1000023792	gestion des Dates et des Heures (syntaxe préfixée)	1	1
<CodeWLangageMiseEnForme>.MetEnForme	1410090329		0	1
<Colonne Table hiérarchique>.ChercheFils	1000021901	gestion des champs Table hiérarchique (syntaxe préfixée)	1	1
<Combo>.Ferme	3026004	manipulation des champs Combo (syntaxe préfixée)	1	1
<Combo>.Ouvre	3026005	manipulation des champs Combo (syntaxe préfixée)	1	1
<Composant>.Charge	1410089475		0	1
<Composant>.Exécute	1410089476		0	1
<Connexion>.InfoBlocage	1000022774		1	0
<Connexion HFSQL>.ListeHistoriqueReindexation	1410091225	gestion de HFSQL Client/Serveur (syntaxe préfixée)	0	1
<Connexion HFSQL>.RéindexeAsynchrone	1410091221	gestion de HFSQL Client/Serveur (syntaxe préfixée)	0	1
<Connexion HFSQL>.StatCalculeAsynchrone	1410091224	gestion de HFSQL Client/Serveur (syntaxe préfixée)	0	1
<Connexion HFSQL>.VérifieIndexAsynchrone	1410091223	gestion de HFSQL Client/Serveur (syntaxe préfixée)	0	1
<Connexion HFSQL>.VérifieMémoAsynchrone	1410091222	gestion de HFSQL Client/Serveur (syntaxe préfixée)	0	1
<Description de TâcheParallèle>.Exécute	1000021669	gestion des tâches parallèles (syntaxe préfixée)	0	1
<Destination>.CopieEnreg	1000024206	gestion HFSQL (syntaxe préfixée)	0	1
<Diagramme de Gantt>.AjouteCongé	1000021118	Gantt (syntaxe préfixée)	0	1
<Diagramme de Gantt>.AjouteLien	1000021120	Gantt (syntaxe préfixée)	0	1
<Diagramme de Gantt>.AjouteTâche	1000021121	Gantt (syntaxe préfixée)	0	1
<Diagramme de Gantt>.ChangeMode	1000021122	Gantt (syntaxe préfixée)	0	1
<Diagramme de Gantt>.HeureAffichée	1000021123	Gantt (syntaxe préfixée)	0	1
<Diagramme de Gantt>.HeureOuvrable	1000021124	Gantt (syntaxe préfixée)	0	1
<Diagramme de Gantt>.JourSemaineOuvré	1000021125	Gantt (syntaxe préfixée)	0	1
<Diagramme de Gantt>.ListeLien	1000021128	Gantt (syntaxe préfixée)	0	1
<Diagramme de Gantt>.ListeTâche	1000021129	Gantt (syntaxe préfixée)	0	1
<Diagramme de Gantt>.OrganiseTâche	1000021130	Gantt (syntaxe préfixée)	0	1
<Diagramme de Gantt>.PositionDateHeure	1000021131	Gantt (syntaxe préfixée)	0	1
<Diagramme de Gantt>.RécupèreTâche	1000021137	Gantt (syntaxe préfixée)	0	1
<Diagramme de Gantt>.SupprimeLien	1000021138	Gantt (syntaxe préfixée)	0	1
<Diagramme de Gantt>.SupprimeTâche	1000021139	Gantt (syntaxe préfixée)	0	1
<Diagramme de Gantt>.SupprimeTout	1000021140	Gantt (syntaxe préfixée)	0	1
<Document>.RechercheElémentParNom	1410088861	gestion du champ Traitement de texte (syntaxe préfixée)	0	1
<Editeur de code>.Charge	1410090411	gestion du champ Editeur de code (syntaxe préfixée)	0	1
<Editeur de code>.Commente	1410090412	gestion du champ Editeur de code (syntaxe préfixée)	0	1
<Editeur de code>.Compile	1410090413	gestion du champ Editeur de code (syntaxe préfixée)	0	1
<Editeur de code>.Décommente	1410090414	gestion du champ Editeur de code (syntaxe préfixée)	0	1
<Editeur de code>.DupliqueLigne	1410090415	gestion du champ Editeur de code (syntaxe préfixée)	0	1
<Editeur de code>.Exécute	1410090416	gestion du champ Editeur de code (syntaxe préfixée)	0	1
<Editeur de code>.Insère	1410090417	gestion du champ Editeur de code (syntaxe préfixée)	0	1
<Editeur de code>.Recherche	1410090418	gestion du champ Editeur de code (syntaxe préfixée)	0	1
<Editeur de code>.RécupèreErreur	1410090419	gestion du champ Editeur de code (syntaxe préfixée)	0	1
<Editeur de code>.Remplace	1410090420	gestion du champ Editeur de code (syntaxe préfixée)	0	1
<Editeur de code>.Sauve	1410090421	gestion du champ Editeur de code (syntaxe préfixée)	0	1
<Editeur de code>.SupprimeTout	1410090422	gestion du champ Editeur de code (syntaxe préfixée)	0	1
<Éditeur de diagrammes>.DébutModification	1410088875	gestion des diagrammes (syntaxe préfixée)	0	1
<Éditeur de diagrammes>.FinModification	1410088876	gestion des diagrammes (syntaxe préfixée)	0	1
<Éditeur de diagrammes>.InfoXY	1410088737	gestion des diagrammes (syntaxe préfixée)	0	1
<Éditeur de diagrammes>.Sauve	1410088687	gestion des diagrammes (syntaxe préfixée)	0	1
<Éditeur de diagrammes>.SelectMoins	1410088688	gestion des diagrammes (syntaxe préfixée)	0	1
<Éditeur de diagrammes>.SelectPlus	1410088689	gestion des diagrammes (syntaxe préfixée)	0	1
<Editeur HTML>.DepuisEmail	1000026296	gestion du champ Editeur HTML (syntaxe préfixée)	0	1
<Editeur HTML>.ExécuteJS	1000026297	gestion du champ Editeur HTML (syntaxe préfixée)	0	1
<Editeur HTML>.FormateSelection	1000026298	gestion du champ Editeur HTML (syntaxe préfixée)	0	1
<Editeur HTML>.Insère	1000026299	gestion du champ Editeur HTML (syntaxe préfixée)	0	1
<Editeur HTML>.InsèreTableau	1000026300	gestion du champ Editeur HTML (syntaxe préfixée)	0	1
<Editeur HTML>.Recherche	1000026301	gestion du champ Editeur HTML (syntaxe préfixée)	0	1
<Editeur HTML>.Récupère	1000026302	gestion du champ Editeur HTML (syntaxe préfixée)	0	1
<Editeur HTML>.RécupèreDocument	1000026304	gestion du champ Editeur HTML (syntaxe préfixée)	0	1
<Editeur HTML>.RécupèreSélection	1000026305	gestion du champ Editeur HTML (syntaxe préfixée)	0	1
<Editeur HTML>.Remplace	1000026306	gestion du champ Editeur HTML (syntaxe préfixée)	0	1
<Editeur HTML>.Sélectionne	1000026307	gestion du champ Editeur HTML (syntaxe préfixée)	0	1
<Editeur HTML>.VersEmail	1000026308	gestion du champ Editeur HTML (syntaxe préfixée)	0	1
<Editeur HTML>.VersPDF	1000026309	gestion du champ Editeur HTML (syntaxe préfixée)	0	1
<Éditeur d'images>.Crée	1000023430	gestion du champ Editeur d'images et des variables WDPic (syntaxe préfixée)	1	1
<Éditeur d'images>.Ferme	1000023431	gestion du champ Editeur d'images et des variables WDPic (syntaxe préfixée)	1	1
<Éditeur d'images>.Ouvre	1000023432	gestion du champ Editeur d'images et des variables WDPic (syntaxe préfixée)	1	1
<Éditeur d'images>.Sauve	1000023433	gestion du champ Editeur d'images et des variables WDPic (syntaxe préfixée)	1	1
<Elément>.DemandeMiseAJourUI	1410088728	gestion des fenêtres (syntaxe préfixée)	0	1
<Elément>.ExécuteMiseAJourUI	1410088729	gestion des fenêtres (syntaxe préfixée)	0	1
<EmailSessionIMAP>.RécupèreTout	1000022308	gestion des emails (syntaxe préfixée)	1	1
<Etat>.Imprime	1000024554	impression (syntaxe préfixée)	1	1
<Etat>.InitEtatVerso	1410090633	impression (syntaxe préfixée)	0	1
<Etat>.InitRequête	1000025143	impression (syntaxe préfixée)	0	1
<Etat>.InitRequêteConnexion	1000025144	impression (syntaxe préfixée)	0	1
<Etat>.InitSousEtat	1000025145	impression (syntaxe préfixée)	0	1
<Fenêtre>.ActiveGFI	1410088766	gestion des fenêtres (syntaxe préfixée)	0	1
<Fenêtre>.AgencementEnCours	1410088841	gestion des fenêtres (syntaxe préfixée)	0	1
<Fenêtre>.ChangeAgencement	1410088842	gestion des fenêtres (syntaxe préfixée)	0	1
<Fenêtre>.DepuisFichier	1000021387	liaison (syntaxe préfixée)	0	1
<Fenêtre>.DepuisSource	1000021388	liaison (syntaxe préfixée)	1	1
<Fenêtre>.EdActive	1000022294	manipulation de l'UI par l'utilisateur final (syntaxe préfixée)	0	1
<Fenêtre>.EdCharge	1000022292	manipulation de l'UI par l'utilisateur final (syntaxe préfixée)	0	1
<Fenêtre>.EdCréeNote	1000022301	manipulation de l'UI par l'utilisateur final (syntaxe préfixée)	0	1
<Fenêtre>.EdDésélectionneTout	1000022317	manipulation de l'UI par l'utilisateur final (syntaxe préfixée)	0	1
<Fenêtre>.EdDo	1000022327	manipulation de l'UI par l'utilisateur final (syntaxe préfixée)	0	1
<Fenêtre>.EdRedo	1000022328	manipulation de l'UI par l'utilisateur final (syntaxe préfixée)	0	1
<Fenêtre>.EdRestaure	1000022329	manipulation de l'UI par l'utilisateur final (syntaxe préfixée)	0	1
<Fenêtre>.EdSauve	1000022330	manipulation de l'UI par l'utilisateur final (syntaxe préfixée)	0	1
<Fenêtre>.EdSelect	1000022331	manipulation de l'UI par l'utilisateur final (syntaxe préfixée)	0	1
<Fenêtre>.EdSelectMoins	1000022332	manipulation de l'UI par l'utilisateur final (syntaxe préfixée)	0	1
<Fenêtre>.EdSelectOccurrence	1000022333	manipulation de l'UI par l'utilisateur final (syntaxe préfixée)	0	1
<Fenêtre>.EdSelectPlus	1000022334	manipulation de l'UI par l'utilisateur final (syntaxe préfixée)	0	1
<Fenêtre>.EdUndo	1000022335	manipulation de l'UI par l'utilisateur final (syntaxe préfixée)	0	1
<Fenêtre>.ExtHaut	1410088867	gestion des fenêtres (syntaxe préfixée)	0	1
<Fenêtre>.ExtLarg	1410090624	gestion des fenêtres (syntaxe préfixée)	0	1
<Fenêtre>.ExtPosX	1410090628	gestion des fenêtres (syntaxe préfixée)	0	1
<Fenêtre>.ExtPosY	1410090625	gestion des fenêtres (syntaxe préfixée)	0	1
<Fenêtre>.Iconise	1000023884	gestion des fenêtres (syntaxe préfixée)	1	1
<Fenêtre>.ImageFenêtre	1000023885	gestion des fenêtres (syntaxe préfixée)	1	1
<Fenêtre>.IntHaut	1410090629	gestion des fenêtres (syntaxe préfixée)	0	1
<Fenêtre>.IntLarg	1410090626	gestion des fenêtres (syntaxe préfixée)	0	1
<Fenêtre>.IntPosX	1410088866	gestion des fenêtres (syntaxe préfixée)	0	1
<Fenêtre>.IntPosY	1410090627	gestion des fenêtres (syntaxe préfixée)	0	1
<Fenêtre>.Maximise	1000023886	gestion des fenêtres (syntaxe préfixée)	1	1
<Fenêtre>.MDIOuvre	3052007	MDI (syntaxe préfixée)	1	1
<Fenêtre>.Ouvre	1000023903	gestion des fenêtres (syntaxe préfixée)	0	1
<Fenêtre>.OuvreAsynchrone	1410087862	gestion des fenêtres (syntaxe préfixée)	0	1
<Fenêtre>.OuvreFenêtreMobile	1000023887	gestion des fenêtres (syntaxe préfixée)	1	1
<Fenêtre>.OuvreFille	1000023904	gestion des fenêtres (syntaxe préfixée)	0	1
<Fenêtre>.OuvrePopupAsynchrone	1410087873	gestion des fenêtres (syntaxe préfixée)	0	1
<Fenêtre>.OuvrePopupPosition	1410087874	gestion des fenêtres (syntaxe préfixée)	0	1
<Fenêtre>.OuvreSoeur	1410086669	gestion des fenêtres (syntaxe préfixée)	0	1
<Fenêtre>.PaletteRécupère	1410091003	Palette (syntaxe préfixée)	0	1
<Fenêtre>.Repeint	1000023634	gestion des fenêtres (syntaxe préfixée)	1	1
<Fenêtre>.Restaure	1000023888	gestion des fenêtres (syntaxe préfixée)	1	1
<Fenêtre>.VersFichier	1000021385	liaison (syntaxe préfixée)	0	1
<Fenêtre>.VersSource	1000021386	liaison (syntaxe préfixée)	0	1
<Fenetre interne>.ChangeFenêtreSource	1000020950		0	1
<Fenêtre/Page>.DepuisFichier	1000021387	liaison (syntaxe objet)	1	0
<Fenêtre/Page>.VersFichier	1000021385	liaison (syntaxe objet)	1	0
<Fenêtre/Page>.VersSource	1000021386	liaison (syntaxe objet)	1	0
<Graphe>.AjouteDonnée	1000023533	gestion des graphes (syntaxe préfixée)	1	1
<Graphe>.AjouteDonnéeTemporelle	1000024162	gestion des graphes (syntaxe préfixée)	1	1
<Graphe>.AngleDépart	1410088091	gestion des graphes (syntaxe préfixée)	0	1
<Graphe>.AxePosition	1000023563	gestion des graphes (syntaxe préfixée)	1	1
<Graphe>.AxeVisible	1000023564	gestion des graphes (syntaxe préfixée)	1	1
<Graphe>.BourseAjouteDonnée	1000023565	gestion des graphes (syntaxe préfixée)	1	1
<Graphe>.BourseRécupèreDonnée	1000023566	gestion des graphes (syntaxe préfixée)	1	1
<Graphe>.Bulle	1000024163	gestion des graphes (syntaxe préfixée)	1	1
<Graphe>.ChargeParamètre	1000023568	gestion des graphes (syntaxe préfixée)	1	1
<Graphe>.ComparatifPositionSérie	1000024961	gestion des graphes (syntaxe préfixée)	0	1
<Graphe>.Couleur	1000024164	gestion des graphes (syntaxe préfixée)	1	1
<Graphe>.CouleurBarre	1000023569	gestion des graphes (syntaxe préfixée)	1	1
<Graphe>.CouleurCatégorie	1000023570	gestion des graphes (syntaxe préfixée)	1	1
<Graphe>.CouleurPoint	1000023571	gestion des graphes (syntaxe préfixée)	1	1
<Graphe>.CouleurSérie	1000023599	gestion des graphes (syntaxe préfixée)	1	1
<Graphe>.CPAjouteDonnée	1410088092	gestion des graphes (syntaxe préfixée)	0	1
<Graphe>.CPSensDeRotation	1410088093	gestion des graphes (syntaxe préfixée)	0	1
<Graphe>.CPValeurMaximale	1410088094	gestion des graphes (syntaxe préfixée)	0	1
<Graphe>.Dégradé	1000024061	gestion des graphes (syntaxe préfixée)	1	1
<Graphe>.Dessine	1000024062	gestion des graphes (syntaxe préfixée)	1	1
<Graphe>.DonutPourcentageTrou	1000024069	gestion des graphes (syntaxe préfixée)	1	1
<Graphe>.EpaisseurTrait	1000024071	gestion des graphes (syntaxe préfixée)	1	1
<Graphe>.EtiquetteCatégorie	1000024072	gestion des graphes (syntaxe préfixée)	1	1
<Graphe>.EtiquetteSérie	1000024073	gestion des graphes (syntaxe préfixée)	1	1
<Graphe>.Existe	1000024074	gestion des graphes (syntaxe préfixée)	1	1
<Graphe>.Graduation	1000024076	gestion des graphes (syntaxe préfixée)	1	1
<Graphe>.HistoAgrégation	1000024077	gestion des graphes (syntaxe préfixée)	1	1
<Graphe>.HistoEspacement	1000024078	gestion des graphes (syntaxe préfixée)	1	1
<Graphe>.HistoTypeBarre	1410090316	gestion des graphes (syntaxe préfixée)	0	1
<Graphe>.HMAjouteDonnée	1000024079	gestion des graphes (syntaxe préfixée)	1	1
<Graphe>.HMCouleur	1000024080	gestion des graphes (syntaxe préfixée)	1	1
<Graphe>.HMLibelléX	1000024081	gestion des graphes (syntaxe préfixée)	1	1
<Graphe>.HMLibelléY	1000024082	gestion des graphes (syntaxe préfixée)	1	1
<Graphe>.HMRécupèreDonnée	1000024083	gestion des graphes (syntaxe préfixée)	1	1
<Graphe>.HMSupprimeCouleur	1000024084	gestion des graphes (syntaxe préfixée)	1	1
<Graphe>.Imprime	1000024085	gestion des graphes (syntaxe préfixée)	1	1
<Graphe>.IncrémenteDonnée	1000024086	gestion des graphes (syntaxe préfixée)	1	1
<Graphe>.InfoPoint	1000024087	gestion des graphes (syntaxe préfixée)	1	1
<Graphe>.InfoXY	1000024088	gestion des graphes (syntaxe préfixée)	1	1
<Graphe>.Légende	1000024089	gestion des graphes (syntaxe préfixée)	1	1
<Graphe>.Libellé	1000024165	gestion des graphes (syntaxe préfixée)	1	1
<Graphe>.Lissage	1000024090	gestion des graphes (syntaxe préfixée)	1	1
<Graphe>.MAJAutomatiqueEtiquetteCatégorie	1000024091	gestion des graphes (syntaxe préfixée)	1	1
<Graphe>.MAJAutomatiqueSérie	1000024092	gestion des graphes (syntaxe préfixée)	1	1
<Graphe>.Masque	1000024093	gestion des graphes (syntaxe préfixée)	1	1
<Graphe>.Menu	1000024094	gestion des menus (syntaxe préfixée)	1	1
<Graphe>.NiveauTemporelMasque	1000024095	gestion des graphes (syntaxe préfixée)	1	1
<Graphe>.NiveauTemporelMax	1000024096	gestion des graphes (syntaxe préfixée)	1	1
<Graphe>.Nuage3DAjouteDonnée	1000024097	gestion des graphes (syntaxe préfixée)	1	1
<Graphe>.Nuage3DCouleurAltitude	1000024098	gestion des graphes (syntaxe préfixée)	1	1
<Graphe>.Nuage3DLibelléGraduation	1000024099	gestion des graphes (syntaxe préfixée)	1	1
<Graphe>.Nuage3DProjection	1000024100	gestion des graphes (syntaxe préfixée)	1	1
<Graphe>.Nuage3DQuadrillage	1000024101	gestion des graphes (syntaxe préfixée)	1	1
<Graphe>.Nuage3DReliePoint	1000024102	gestion des graphes (syntaxe préfixée)	1	1
<Graphe>.Nuage3DSupprimeCouleurAltitude	1000024103	gestion des graphes (syntaxe préfixée)	1	1
<Graphe>.Nuage3DSupprimeLibelléGraduation	1000024104	gestion des graphes (syntaxe préfixée)	1	1
<Graphe>.NuageAjouteDonnéeXY	1000024105	gestion des graphes (syntaxe préfixée)	1	1
<Graphe>.NuageCouleurSérie	1000024106	gestion des graphes (syntaxe préfixée)	1	1
<Graphe>.NuageEtiquetteSérie	1000024107	gestion des graphes (syntaxe préfixée)	1	1
<Graphe>.NuageRécupèreDonnéeXY	1000024108	gestion des graphes (syntaxe préfixée)	1	1
<Graphe>.NuageReliePoint	1000024109	gestion des graphes (syntaxe préfixée)	1	1
<Graphe>.NuageTaillePoint	1000024110	gestion des graphes (syntaxe préfixée)	1	1
<Graphe>.OpacitéSérie	1000024111	gestion des graphes (syntaxe préfixée)	1	1
<Graphe>.OptionMenu	1000024112	gestion des graphes (syntaxe préfixée)	1	1
<Graphe>.Orientation	1000024113	gestion des graphes (syntaxe préfixée)	1	1
<Graphe>.Origine	1000024114	gestion des graphes (syntaxe préfixée)	1	1
<Graphe>.Paramètre3DS	1000024116	gestion des graphes (syntaxe préfixée)	1	1
<Graphe>.Paramètre	1000024115	gestion des graphes (syntaxe préfixée)	1	1
<Graphe>.PIImage	1410090894	gestion des graphes (syntaxe préfixée)	0	1
<Graphe>.PIValeurMaximale	1410090895	gestion des graphes (syntaxe préfixée)	0	1
<Graphe>.PoliceEtiquette	1000024117	gestion des graphes (syntaxe préfixée)	1	1
<Graphe>.PoliceLégende	1000024118	gestion des graphes (syntaxe préfixée)	1	1
<Graphe>.PoliceTitre	1000024119	gestion des graphes (syntaxe préfixée)	1	1
<Graphe>.PoliceTitreAxe	1000024120	gestion des graphes (syntaxe préfixée)	1	1
<Graphe>.PourcentageTrou	1410088090	gestion des graphes (syntaxe préfixée)	0	1
<Graphe>.Quadrillage	1000024121	gestion des graphes (syntaxe préfixée)	1	1
<Graphe>.RécupèreDonnée	1000024122	gestion des graphes (syntaxe préfixée)	1	1
<Graphe>.Relief	1000024123	gestion des graphes (syntaxe préfixée)	1	1
<Graphe>.Rotation	1000024124	gestion des graphes (syntaxe préfixée)	1	1
<Graphe>.SauveBMP	1000024125	gestion des graphes (syntaxe préfixée)	1	1
<Graphe>.SauveEMF	1000024126	gestion des graphes (syntaxe préfixée)	1	1
<Graphe>.SauveParamètre	1000024127	gestion des graphes (syntaxe préfixée)	1	1
<Graphe>.SauveWMF	1000024128	gestion des graphes (syntaxe préfixée)	1	1
<Graphe>.SecteurAngleDépart	1000024129	gestion des graphes (syntaxe préfixée)	1	1
<Graphe>.SecteurPartExcentrée	1000024130	gestion des graphes (syntaxe préfixée)	1	1
<Graphe>.SérieAxeSecondaire	1000024131	gestion des graphes (syntaxe préfixée)	1	1
<Graphe>.SMNAjouteDonnée	1000024132	gestion des graphes (syntaxe préfixée)	1	1
<Graphe>.SMNAngleDépart	1000024133	gestion des graphes (syntaxe préfixée)	1	1
<Graphe>.SMNCouleurPortion	1000024134	gestion des graphes (syntaxe préfixée)	1	1
<Graphe>.SMNPartExcentrée	1000024135	gestion des graphes (syntaxe préfixée)	1	1
<Graphe>.SMNPortionRacine	1000024136	gestion des graphes (syntaxe préfixée)	1	1
<Graphe>.SMNRécupèreDonnée	1000024137	gestion des graphes (syntaxe préfixée)	1	1
<Graphe>.SourceEtiquetteCatégorie	1000024138	gestion des graphes (syntaxe préfixée)	1	1
<Graphe>.SourceSérie	1000024139	gestion des graphes (syntaxe préfixée)	1	1
<Graphe>.SuperposeGraphe	1000024140	gestion des graphes (syntaxe préfixée)	1	1
<Graphe>.SupprimeSérie	1000024141	gestion des graphes (syntaxe préfixée)	1	1
<Graphe>.SupprimeTout	1000024170	gestion des graphes (syntaxe préfixée)	1	1
<Graphe>.SurfaceAjouteDonnée	1000024143	gestion des graphes (syntaxe préfixée)	1	1
<Graphe>.SurfaceCouleurAltitude	1000024144	gestion des graphes (syntaxe préfixée)	1	1
<Graphe>.SurfaceLibelléGraduation	1000024145	gestion des graphes (syntaxe préfixée)	1	1
<Graphe>.SurfaceMaillage	1000024146	gestion des graphes (syntaxe préfixée)	1	1
<Graphe>.SurfaceQuadrillage	1000024147	gestion des graphes (syntaxe préfixée)	1	1
<Graphe>.SurfaceRécupèreDonnée	1000024148	gestion des graphes (syntaxe préfixée)	1	1
<Graphe>.SurfaceSupprimeCouleurAltitude	1000024149	gestion des graphes (syntaxe préfixée)	1	1
<Graphe>.SurfaceSupprimeLibelléGraduation	1000024150	gestion des graphes (syntaxe préfixée)	1	1
<Graphe>.TaillePoint	1000024152	gestion des graphes (syntaxe préfixée)	1	1
<Graphe>.TempsRéelIntervalle	1000024167	gestion des graphes (syntaxe préfixée)	1	1
<Graphe>.Titre	1000024166	gestion des graphes (syntaxe préfixée)	1	1
<Graphe>.TitreAxe	1000024153	gestion des graphes (syntaxe préfixée)	1	1
<Graphe>.Type	1000024168	gestion des graphes (syntaxe préfixée)	1	1
<Graphe>.TypePoint	1000024154	gestion des graphes (syntaxe préfixée)	1	1
<Graphe>.TypePointSérie	1000024155	gestion des graphes (syntaxe préfixée)	1	1
<Graphe>.TypeSérie	1000024156	gestion des graphes (syntaxe préfixée)	1	1
<Graphe>.TypeTraitSérie	1000024157	gestion des graphes (syntaxe préfixée)	1	1
<Graphe>.VignetteCatégorie	1410090892	gestion des graphes (syntaxe préfixée)	0	1
<Graphe>.WaffleTaille	1410090314	gestion des graphes (syntaxe préfixée)	0	1
<Graphe>.WaffleTypeCellule	1410090315	gestion des graphes (syntaxe préfixée)	0	1
<Graphe>.WaterfallCouleur	1000024158	gestion des graphes (syntaxe préfixée)	1	1
<Graphe>.WaterfallTypeCatégorie	1000024159	gestion des graphes (syntaxe préfixée)	1	1
<Graphe>.Zoom	1000024169	gestion des graphes (syntaxe préfixée)	1	1
<Grille>.AjouteColonne	1410087389	manipulation des champs Grille (syntaxe préfixée)	0	1
<Grille>.AjouteLigne	1410087432	manipulation des champs Grille (syntaxe préfixée)	0	1
<Grille>.InsèreColonne	1410087437	manipulation des champs Grille (syntaxe préfixée)	0	1
<Grille>.InsèreLigne	1410087440	manipulation des champs Grille (syntaxe préfixée)	0	1
<Grille>.SupprimeColonne	1410087433	manipulation des champs Grille (syntaxe préfixée)	0	1
<Grille>.SupprimeLigne	1410087435	manipulation des champs Grille (syntaxe préfixée)	0	1
<Html>.Navigue	1000023633	gestion des champs d'affichage HTML (syntaxe préfixée)	1	1
<Image>.AnimationChangeParamètre	3017006		0	1
<Image>.AnimationChangeType	3017007		0	1
<Image>.AnimationLitParamètre	3017008		0	1
<Image>.ArrêteDéfilement	1000023746	gestion des images (syntaxe préfixée)	1	1
<Image>.CalqueVisible	1000023747	gestion des images (syntaxe préfixée)	1	1
<Image>.ChangeMode	1000023997	dessin et de traitement des images (syntaxe préfixée)	1	1
<Image>.CoordonnéeDepuisImage	1410088125		0	1
<Image>.CoordonnéeVersImage	1410088124		0	1
<Image>.Copie	1000024324	dessin et de traitement des images (syntaxe préfixée)	1	1
<Image>.CouleurDominanteImage	1000024325	dessin et de traitement des images (syntaxe préfixée)	1	1
<Image>.DébutDessin	1000024326	dessin et de traitement des images (syntaxe préfixée)	1	1
<Image>.Dernier	1000023748	gestion des images (syntaxe préfixée)	1	1
<Image>.DessineArc	1000023982	dessin et de traitement des images (syntaxe préfixée)	1	1
<Image>.DessineCadre	1000023987	dessin et de traitement des images (syntaxe préfixée)	1	1
<Image>.DessineCercle	1000023988	dessin et de traitement des images (syntaxe préfixée)	1	1
<Image>.DessineCorde	1000023998	dessin et de traitement des images (syntaxe préfixée)	1	1
<Image>.DessineLigne	1000024000	dessin et de traitement des images (syntaxe préfixée)	1	1
<Image>.DessinePoint	1000024006	dessin et de traitement des images (syntaxe préfixée)	1	1
<Image>.DessinePolygone	1000024008	dessin et de traitement des images (syntaxe préfixée)	1	1
<Image>.DessinePolyligne	1000024010	dessin et de traitement des images (syntaxe préfixée)	1	1
<Image>.DessinePortion	1000024011	dessin et de traitement des images (syntaxe préfixée)	1	1
<Image>.DessineRectangle	1000024012	dessin et de traitement des images (syntaxe préfixée)	1	1
<Image>.DessineRectangleArrondi	1000024013	dessin et de traitement des images (syntaxe préfixée)	1	1
<Image>.DessineRectangleDégradé	1000024014	dessin et de traitement des images (syntaxe préfixée)	1	1
<Image>.DessineTexte	1000024017	dessin et de traitement des images (syntaxe préfixée)	1	1
<Image>.DessineTexteMarkdown	1410089253	dessin et de traitement des images (syntaxe préfixée)	0	1
<Image>.DessineTexteRTF	1000024018	dessin et de traitement des images (syntaxe préfixée)	1	1
<Image>.Différence	1410091283	dessin et de traitement des images (syntaxe préfixée)	0	1
<Image>.Efface	1410090483	dessin et de traitement des images (syntaxe préfixée)	0	1
<Image>.FinDessin	1000024327	dessin et de traitement des images (syntaxe préfixée)	1	1
<Image>.Flou	1410089006	dessin et de traitement des images (syntaxe préfixée)	0	1
<Image>.Fond	1000023999	dessin et de traitement des images (syntaxe préfixée)	1	1
<Image>.Fusionne	1000024328	dessin et de traitement des images (syntaxe préfixée)	1	1
<Image>.InverseCouleur	1000024329	dessin et de traitement des images (syntaxe préfixée)	1	1
<Image>.LanceDéfilement	1000023749	gestion des images (syntaxe préfixée)	1	1
<Image>.ModifieContraste	1410089003	dessin et de traitement des images (syntaxe préfixée)	0	1
<Image>.ModifieLuminosité	1000024330	dessin et de traitement des images (syntaxe préfixée)	1	1
<Image>.ModifieSaturation	1000024332	dessin et de traitement des images (syntaxe préfixée)	1	1
<Image>.ModifieTeinte	1000024333	dessin et de traitement des images (syntaxe préfixée)	1	1
<Image>.ModifieTSL	1000024334	dessin et de traitement des images (syntaxe préfixée)	1	1
<Image>.Occurrence	1000023750	gestion des images (syntaxe préfixée)	1	1
<Image>.PixelCouleur	1000024335	dessin et de traitement des images (syntaxe préfixée)	1	1
<Image>.PixelOpacité	1000024336	dessin et de traitement des images (syntaxe préfixée)	1	1
<Image>.Police	1000024007	dessin et de traitement des images (syntaxe préfixée)	1	1
<Image>.PositionDéfilement	1000023751	gestion des images (syntaxe préfixée)	1	1
<Image>.Précédent	1000023752	gestion des images (syntaxe préfixée)	1	1
<Image>.Premier	1000023753	gestion des images (syntaxe préfixée)	1	1
<Image>.Redimensionne	1000024337	dessin et de traitement des images (syntaxe préfixée)	1	1
<Image>.Redresse	1410089495	dessin et de traitement des images (syntaxe préfixée)	0	1
<Image>.Remplissage	1000024015	dessin et de traitement des images (syntaxe préfixée)	1	1
<Image>.Rotation	1000024338	dessin et de traitement des images (syntaxe préfixée)	1	1
<Image>.SauveBMP	1000024341	dessin et de traitement des images (syntaxe préfixée)	1	1
<Image>.SauveGIF	1000024342	dessin et de traitement des images (syntaxe préfixée)	1	1
<Image>.SauveJPEG	1000024344	dessin et de traitement des images (syntaxe préfixée)	1	1
<Image>.SauvePNG	1000024345	dessin et de traitement des images (syntaxe préfixée)	1	1
<Image>.Stylo	1000024016	dessin et de traitement des images (syntaxe préfixée)	1	1
<Image>.Suivant	1000023754	gestion des images (syntaxe préfixée)	1	1
<Image>.SymétrieHorizontale	1000024339	dessin et de traitement des images (syntaxe préfixée)	1	1
<Image>.SymétrieVerticale	1000024340	dessin et de traitement des images (syntaxe préfixée)	1	1
<Image>.TexteHauteur	1410091517	dessin et de traitement des images (syntaxe préfixée)	0	1
<Image>.TexteLargeur	1410086771	dessin et de traitement des images (syntaxe préfixée)	0	1
<Interrupteur>.Ajoute	1000021291	gestion des champs Interrupteur (syntaxe préfixée)	1	1
<Interrupteur>.Insère	1000021307	gestion des champs Interrupteur (syntaxe préfixée)	1	1
<Interrupteur>.Occurrence	1000021308	gestion des champs Interrupteur (syntaxe préfixée)	1	1
<Interrupteur>.Supprime	1000021309	gestion des champs Interrupteur (syntaxe préfixée)	1	1
<Kanban>.Affiche	1410089620	gestion des champs Kanban (syntaxe préfixée)	0	1
<Kanban>.AjouteCarte	1410089560	gestion des champs Kanban (syntaxe préfixée)	0	1
<Kanban>.AjouteListe	1410089621	gestion des champs Kanban (syntaxe préfixée)	0	1
<Kanban>.DéplaceCarte	1410089622	gestion des champs Kanban (syntaxe préfixée)	0	1
<Kanban>.DéplaceListe	1410089623	gestion des champs Kanban (syntaxe préfixée)	0	1
<Kanban>.Enregistre	1410089624	gestion des champs Kanban (syntaxe préfixée)	0	1
<Kanban>.Filtre	1410089625	gestion des champs Kanban (syntaxe préfixée)	0	1
<Kanban>.IndiceListe	1410089629	gestion des champs Kanban (syntaxe préfixée)	0	1
<Kanban>.InsèreCarte	1410089561	gestion des champs Kanban (syntaxe préfixée)	0	1
<Kanban>.InsèreListe	1410089626	gestion des champs Kanban (syntaxe préfixée)	0	1
<Kanban>.Occurrence	1410089627	gestion des champs Kanban (syntaxe préfixée)	0	1
<Kanban>.SupprimeCarte	1410089630	gestion des champs Kanban (syntaxe préfixée)	0	1
<Kanban>.SupprimeListe	1410089628	gestion des champs Kanban (syntaxe préfixée)	0	1
<Kanban>.SupprimeToutCarte	1410089631	gestion des champs Kanban (syntaxe préfixée)	0	1
<Lecteur PDF>.AfficheSignet	1410089536	gestion du champ Lecteur PDF (syntaxe préfixée)	0	1
<Lecteur PDF>.AjouteFiligrane	1410087870		0	1
<Lecteur PDF>.Ferme	1000023695	gestion du champ Lecteur PDF (syntaxe préfixée)	1	1
<Lecteur PDF>.InfoXY	1000025359	gestion du champ Lecteur PDF (syntaxe préfixée)	0	1
<Lecteur PDF>.NbSignature	1410088155		0	1
<Lecteur PDF>.Ouvre	1000023776	gestion du champ Lecteur PDF (syntaxe préfixée)	1	1
<Lecteur PDF>.RecherchePrécédent	1000023777	gestion du champ Lecteur PDF (syntaxe préfixée)	1	1
<Lecteur PDF>.RecherchePremier	1000023778	gestion du champ Lecteur PDF (syntaxe préfixée)	1	1
<Lecteur PDF>.RechercheSuivant	1000023779	gestion du champ Lecteur PDF (syntaxe préfixée)	1	1
<Lecteur PDF>.RécupèreDateSignature	1410088156		0	1
<Lecteur PDF>.RécupèreSignature	1410088158		0	1
<Lecteur PDF>.Sauve	1000024900	gestion du champ Lecteur PDF (syntaxe préfixée)	0	1
<Lecteur PDF>.Surligne	1000023545	gestion du champ Lecteur PDF (syntaxe préfixée)	0	1
<Lecteur PDF>.TournePage	1000024412	gestion du champ Lecteur PDF (syntaxe préfixée)	1	1
<LecteurPDF>.Surligne	1000023545	gestion du champ Lecteur PDF (syntaxe objet)	1	0
<Libellé>.AnimationChangeParamètre	3017009		0	1
<Libellé>.AnimationChangeType	3017010		0	1
<Libellé>.AnimationLitParamètre	3017011		0	1
<Liste>.Affiche	1000017318	gestion des champs Liste, Liste image et Combo (syntaxe préfixée)	1	1
<Liste>.Ajoute	1000017319	gestion des champs Liste, Liste image et Combo (syntaxe préfixée)	1	1
<Liste>.Cherche	1000017320	gestion des champs Liste, Liste image et Combo (syntaxe préfixée)	1	1
<Liste>.DéplaceLigne	1000017322	gestion des champs Liste, Liste image et Combo (syntaxe préfixée)	1	1
<Liste>.InfoXY	1000017323	gestion des champs Liste, Liste image et Combo (syntaxe préfixée)	1	1
<Liste>.Insère	1000017326	gestion des champs Liste, Liste image et Combo (syntaxe préfixée)	1	1
<Liste>.Modifie	1000017327	gestion des champs Liste, Liste image et Combo (syntaxe préfixée)	1	1
<Liste>.Occurrence	1000017334	gestion des champs Liste, Liste image et Combo (syntaxe préfixée)	1	1
<Liste>.Position	1000017335	gestion des champs Liste, Liste image et Combo (syntaxe préfixée)	1	1
<Liste>.Select	1000017336	gestion des champs Liste, Liste image et Combo (syntaxe préfixée)	1	1
<Liste>.SelectMoins	1000017393	gestion des champs Liste, Liste image et Combo (syntaxe préfixée)	1	1
<Liste>.SelectOccurrence	1000017394	gestion des champs Liste, Liste image et Combo (syntaxe préfixée)	1	1
<Liste>.SelectPlus	1000017414	gestion des champs Liste, Liste image et Combo (syntaxe préfixée)	1	1
<Liste>.Supprime	1000017415	gestion des champs Liste, Liste image et Combo (syntaxe préfixée)	1	1
<Liste>.SupprimeTout	1000017416	gestion des champs Liste, Liste image et Combo (syntaxe préfixée)	1	1
<Liste>.Trie	1000017417	gestion des champs Liste, Liste image et Combo (syntaxe préfixée)	1	1
<Liste image>.ProcédureChargeImage	1410090913	gestion des champs Liste, Liste image et Combo (syntaxe préfixée)	0	1
<Liste de Kanban>.AjouteCarte	1410089484	gestion des champs Kanban (syntaxe préfixée)	0	1
<Liste de Kanban>.IndiceListe	1410089485	gestion des champs Kanban (syntaxe préfixée)	0	1
<Liste de Kanban>.InsèreCarte	1410089486	gestion des champs Kanban (syntaxe préfixée)	0	1
<Liste de Kanban>.PositionListe	1410089487	gestion des champs Kanban (syntaxe préfixée)	0	1
<Liste de Kanban>.SupprimeCarte	1410089488	gestion des champs Kanban (syntaxe préfixée)	0	1
<Liste de Kanban>.SupprimeToutCarte	1410089489	gestion des champs Kanban (syntaxe préfixée)	0	1
<Menu>.Ajoute	1000020591	gestion des menus (syntaxe préfixée)	1	1
<Menu>.AjouteMenu	1000020592	gestion des menus (syntaxe préfixée)	1	1
<Menu>.AjouteMenuNavigateur	1410091027	gestion des menus (syntaxe préfixée)	0	1
<Menu>.AjouteOption	1000020593	gestion des menus (syntaxe préfixée)	1	1
<Menu>.AjouteOptionNavigateur	1410091028	gestion des menus (syntaxe préfixée)	0	1
<Menu>.AjouteOptionURL	1000020594	gestion des menus (syntaxe préfixée)	1	1
<Menu>.AjoutePopup	1000020602	gestion des menus (syntaxe préfixée)	1	1
<Menu>.AjouteSéparateur	1000020603	gestion des menus (syntaxe préfixée)	1	1
<Menu>.Clone	1000020604	gestion des menus (syntaxe préfixée)	1	1
<Menu>.Existe	1000020605	gestion des menus (syntaxe préfixée)	1	1
<Menu>.InsèreMenu	1000020606	gestion des menus (syntaxe préfixée)	1	1
<Menu>.InsèreOption	1000020609	gestion des menus (syntaxe préfixée)	1	1
<Menu>.InsèreSéparateur	1000020610	gestion des menus (syntaxe préfixée)	1	1
<Menu>.Supprime	1000020614	gestion des menus (syntaxe préfixée)	1	1
<modbusSession>.Déconnecte	1000025954	Modbus (syntaxe préfixée)	0	1
<modbusSession>.EcritBit	1000025967	Modbus (syntaxe préfixée)	0	1
<modbusSession>.EcritFlottant	1000026035	Modbus (syntaxe préfixée)	0	1
<modbusSession>.EcritRegistre	1000026036	Modbus (syntaxe préfixée)	0	1
<modbusSession>.EnvoieTrameBrute	1410090468	Modbus (syntaxe préfixée)	0	1
<modbusSession>.LitBit	1000026065	Modbus (syntaxe préfixée)	0	1
<modbusSession>.LitFlottant	1000026079	Modbus (syntaxe préfixée)	0	1
<modbusSession>.LitRegistre	1000026080	Modbus (syntaxe préfixée)	0	1
<Multimédia>.Arrêt	1000019987	multimédia (syntaxe préfixée)	1	1
<Multimédia>.Début	1000019988	multimédia (syntaxe préfixée)	1	1
<Multimédia>.Durée	1000019989	multimédia (syntaxe préfixée)	1	1
<Multimédia>.Etat	1000019990	multimédia (syntaxe préfixée)	1	1
<Multimédia>.Fin	1000019991	multimédia (syntaxe préfixée)	1	1
<Multimédia>.Hauteur	1000019999	multimédia (syntaxe préfixée)	1	1
<Multimédia>.Joue	1000020089	multimédia (syntaxe préfixée)	1	1
<Multimédia>.Largeur	1000020093	multimédia (syntaxe préfixée)	1	1
<Multimédia>.Pause	1000020094	multimédia (syntaxe préfixée)	1	1
<Multimédia>.Position	1000020095	multimédia (syntaxe préfixée)	1	1
<Multimédia>.Volume	1000020096	multimédia (syntaxe préfixée)	1	1
<Onglet>.ChargeConfiguration	1000021699	gestion des champs Onglet (syntaxe préfixée)	1	1
<Onglet>.Etat	1000021700	gestion des champs Onglet (syntaxe préfixée)	1	1
<Onglet>.Ferme	1000021702	gestion des champs Onglet (syntaxe préfixée)	1	1
<Onglet>.FermeTout	1000021703	gestion des champs Onglet (syntaxe préfixée)	1	1
<Onglet>.Ouvre	1000021704	gestion des champs Onglet (syntaxe préfixée)	1	1
<Onglet>.SauveConfiguration	1000021708	gestion des champs Onglet (syntaxe préfixée)	1	1
<Organigramme>.Affiche	1000019974	gestion des champs Organigramme (syntaxe préfixée)	1	1
<Organigramme>.Ajoute	1000019975	gestion des champs Organigramme (syntaxe préfixée)	1	1
<Organigramme>.AjouteFils	1000019976	gestion des champs Organigramme (syntaxe préfixée)	1	1
<Organigramme>.CopieImage	1000023708		1	1
<Organigramme>.InfoXY	1000019977	gestion des champs Organigramme (syntaxe préfixée)	1	1
<Organigramme>.Modifie	1000019978	gestion des champs Organigramme (syntaxe préfixée)	1	1
<Organigramme>.Occurrence	1000019979	gestion des champs Organigramme (syntaxe préfixée)	1	1
<Organigramme>.SauveImage	1000019980	gestion des champs Organigramme (syntaxe préfixée)	1	1
<Organigramme>.Select	1000019981	gestion des champs Organigramme (syntaxe préfixée)	1	1
<Organigramme>.SelectMoins	1000019982	gestion des champs Organigramme (syntaxe préfixée)	1	1
<Organigramme>.SelectPlus	1000019983	gestion des champs Organigramme (syntaxe préfixée)	1	1
<Organigramme>.Supprime	1000019984	gestion des champs Organigramme (syntaxe préfixée)	1	1
<Organigramme>.SupprimeTout	1000019985	gestion des champs Organigramme (syntaxe préfixée)	1	1
<Page>.Actualise	1000021659	gestion des pages (syntaxe préfixée)	1	1
<Page>.Adresse	1000021660	gestion des pages (syntaxe préfixée)	1	1
<Page>.Affiche	1000021661	gestion des pages (syntaxe préfixée)	1	1
<Page>.AfficheDialogue	1000021663	gestion des pages (syntaxe préfixée)	1	1
<Page>.AffichePopup	1410087260	gestion des pages (syntaxe préfixée)	0	1
<Page>.DepuisFichier	1000021389	liaison (syntaxe préfixée)	1	1
<Page>.DepuisSource	1000021393	liaison (syntaxe préfixée)	1	1
<Page>.Existe	1000021658	gestion des pages (syntaxe préfixée)	1	1
<Page>.FermePopup	1410087261	gestion des pages (syntaxe préfixée)	0	1
<Page>.Utilise	1000021664	gestion des pages (syntaxe préfixée)	1	1
<Page>.VersFichier	1000021390	liaison (syntaxe préfixée)	1	1
<Page>.VersSource	1000021392	liaison (syntaxe préfixée)	1	1
<Panneau>.Détache	1000024407		0	1
<Panneau>.Position	1000024408		0	1
<Panneau dockable>.Active	1000024406		0	1
<Panneau dockable>.Attache	1000024404		0	1
<Planning>.Affiche	1000022900	gestion des champs Planning (syntaxe préfixée)	1	1
<Planning>.AffichePériodePrécédente	1000022901	gestion des champs Planning (syntaxe préfixée)	1	1
<Planning>.AffichePériodeSuivante	1000022902	gestion des champs Planning (syntaxe préfixée)	1	1
<Planning>.AjouteRendezVous	1000022904	gestion des champs Planning (syntaxe préfixée)	1	1
<Planning>.AjouteRessource	1000022905	gestion des champs Planning (syntaxe préfixée)	1	1
<Planning>.ChangeMode	1000022906	gestion des champs Planning (syntaxe préfixée)	1	1
<Planning>.CouleurFond	1000022922	gestion des champs Planning (syntaxe préfixée)	0	1
<Planning>.DateVisible	1000022918	gestion des champs Planning (syntaxe préfixée)	1	1
<Planning>.HeureAffichée	1000022907	gestion des champs Planning (syntaxe préfixée)	1	1
<Planning>.InfoXY	1000022908	gestion des champs Planning (syntaxe préfixée)	1	1
<Planning>.ListeRendezVous	1000022909	gestion des champs Planning (syntaxe préfixée)	1	1
<Planning>.PositionDateHeure	1000022920	gestion des champs Planning (syntaxe préfixée)	1	1
<Planning>.PositionRessource	1000022921	gestion des champs Planning (syntaxe préfixée)	1	1
<Planning>.SelectMoins	1000022910	gestion des champs Planning (syntaxe préfixée)	1	1
<Planning>.SelectPlus	1000022911	gestion des champs Planning (syntaxe préfixée)	1	1
<Planning>.SupprimeRendezVous	1000022912	gestion des champs Planning (syntaxe préfixée)	1	1
<Planning>.SupprimeRessource	1000022913	gestion des champs Planning (syntaxe préfixée)	1	1
<Planning>.SupprimeTout	1000022914	gestion des champs Planning (syntaxe préfixée)	1	1
<Popup>.Affiche	1000021654	gestion des pages (syntaxe préfixée)	1	1
<Popup>.Anime	1000021655	gestion des pages (syntaxe préfixée)	1	1
<Popup>.Ferme	1000021656	gestion des pages (syntaxe préfixée)	1	1
<redisConnexion>.Abonne	1410088279	gestion d'une base Big Data Redis (syntaxe préfixée)	0	1
<redisConnexion>.Affecte	1410088245	gestion d'une base Big Data Redis (syntaxe préfixée)	0	1
<redisConnexion>.Connecte	1410088280	gestion d'une base Big Data Redis (syntaxe préfixée)	0	1
<redisConnexion>.Désabonne	1410088281	gestion d'une base Big Data Redis (syntaxe préfixée)	0	1
<redisConnexion>.ExécuteCommande	1410088282	gestion d'une base Big Data Redis (syntaxe préfixée)	0	1
<redisConnexion>.PipelineAjoute	1410088283	gestion d'une base Big Data Redis (syntaxe préfixée)	0	1
<redisConnexion>.PipelineRAZ	1410088284	gestion d'une base Big Data Redis (syntaxe préfixée)	0	1
<redisConnexion>.PipelineRécupère	1410088285	gestion d'une base Big Data Redis (syntaxe préfixée)	0	1
<redisConnexion>.Publie	1410088286	gestion d'une base Big Data Redis (syntaxe préfixée)	0	1
<redisConnexion>.Récupère	1410088278	gestion d'une base Big Data Redis (syntaxe préfixée)	0	1
<Ruban>.FinModeDéplié	1000020784		0	1
<Saisie>.AjouteJeton	1000024043	gestion des jetons (syntaxe préfixée)	1	1
<Saisie>.AjouteSaisieAssistée	1000023671	gestion de la saisie assistée (syntaxe préfixée)	1	1
<Saisie>.CalendrierOuvre	1000017423	Calendrier (syntaxe préfixée)	1	1
<Saisie>.FermeSaisieAssistée	1000023946	gestion de la saisie assistée (syntaxe préfixée)	1	1
<Saisie>.InsèreJeton	1000024044	gestion des jetons (syntaxe préfixée)	1	1
<Saisie>.OccurrenceJeton	1000024045	gestion des jetons (syntaxe préfixée)	1	1
<Saisie>.OuvreSaisieAssistée	1000024063	gestion de la saisie assistée (syntaxe préfixée)	1	1
<Saisie>.ParamètreSaisieAssistée	1000024064	gestion de la saisie assistée (syntaxe préfixée)	1	1
<Saisie>.SupprimeJeton	1000024046	gestion des jetons (syntaxe préfixée)	1	1
<Saisie>.SupprimeToutJeton	1000024047	gestion des jetons (syntaxe préfixée)	1	1
<Saisie>.SupprimeToutSaisieAssistée	1000024065	gestion de la saisie assistée (syntaxe préfixée)	1	1
<Sélecteur>.Ajoute	1000021186	gestion des champs Sélecteur (syntaxe préfixée)	1	1
<Sélecteur>.Insère	1000021187	gestion des champs Sélecteur (syntaxe préfixée)	1	1
<Sélecteur>.Occurrence	1000021188	gestion des champs Sélecteur (syntaxe préfixée)	1	1
<Sélecteur>.Supprime	1000021189	gestion des champs Sélecteur (syntaxe préfixée)	1	1
<Source>.ActiveFiltre	1000023969	gestion HFSQL (syntaxe préfixée)	0	1
<Source>.ActiveFiltreAuto	1000024171	gestion HFSQL (syntaxe préfixée)	0	1
<Source>.Ajoute	1000024187	gestion HFSQL (syntaxe préfixée)	0	1
<Source>.Alias	1000024191	gestion HFSQL (syntaxe préfixée)	0	1
<Source>.AnnuleDéclaration	1000024192	gestion HFSQL (syntaxe préfixée)	0	1
<Source>.AnnuleRecherche	1000024193	gestion HFSQL (syntaxe préfixée)	0	1
<Source>.AttacheMémo	1000024194	gestion HFSQL (syntaxe préfixée)	0	1
<Source>.Avance	1000024195	gestion HFSQL (syntaxe préfixée)	0	1
<Source>.BloqueFichier	1000024196	gestion HFSQL (syntaxe préfixée)	0	1
<Source>.BloqueNumEnr	1000024197	gestion HFSQL (syntaxe préfixée)	0	1
<Source>.ChangeClé	1000024198	gestion HFSQL (syntaxe préfixée)	0	1
<Source>.ChangeConnexion	1000024199	gestion HFSQL (syntaxe préfixée)	0	1
<Source>.ChangeLocalisation	1000024200	gestion HFSQL (syntaxe préfixée)	0	1
<Source>.ChangeMotDePasse	1000024591	gestion de HFSQL Client/Serveur (syntaxe préfixée)	0	1
<Source>.ChangeNom	1000024201	gestion HFSQL (syntaxe préfixée)	0	1
<Source>.ChangeRep	1000024202	gestion HFSQL (syntaxe préfixée)	0	1
<Source>.ChangeRepJnl	1000024203	gestion HFSQL (syntaxe préfixée)	0	1
<Source>.CompareRubrique	1000024204	gestion HFSQL (syntaxe préfixée)	0	1
<Source>.ConstruitValClé	1000024205	gestion HFSQL (syntaxe préfixée)	0	1
<Source>.Création	1000024207	gestion HFSQL (syntaxe préfixée)	0	1
<Source>.CréationSiInexistant	1000024208	gestion HFSQL (syntaxe préfixée)	0	1
<Source>.CréeVue	1000024209	gestion HFSQL (syntaxe préfixée)	0	1
<Source>.DateEnreg	1000024210	gestion HFSQL (syntaxe préfixée)	0	1
<Source>.DébloqueFichier	1000024211	gestion HFSQL (syntaxe préfixée)	0	1
<Source>.DébloqueNumEnr	1000024212	gestion HFSQL (syntaxe préfixée)	0	1
<Source>.Déclare	1000024213	gestion HFSQL (syntaxe préfixée)	0	1
<Source>.DéclareExterne	1000024214	gestion HFSQL (syntaxe préfixée)	0	1
<Source>.DécritFichier	1000024215	gestion HFSQL (syntaxe préfixée)	0	1
<Source>.DécritTrigger	1000024216	gestion HFSQL (syntaxe préfixée)	0	1
<Source>.DepuisFenêtre	1000021403	liaison (syntaxe préfixée)	0	1
<Source>.DepuisPage	1000021405	liaison (syntaxe préfixée)	0	1
<Source>.Dernier	1000024217	gestion HFSQL (syntaxe préfixée)	0	1
<Source>.DésactiveFiltre	1000024218	gestion HFSQL (syntaxe préfixée)	0	1
<Source>.DésactiveFiltreAuto	1000024219	gestion HFSQL (syntaxe préfixée)	0	1
<Source>.DétruitTrigger	1000024220	gestion HFSQL (syntaxe préfixée)	0	1
<Source>.DétruitVue	1000024221	gestion HFSQL (syntaxe préfixée)	0	1
<Source>.DupliqueEnregistrement	1000024222	gestion HFSQL (syntaxe préfixée)	0	1
<Source>.Ecrit	1000024331	gestion HFSQL (syntaxe préfixée)	0	1
<Source>.EnDehors	1000024605	gestion HFSQL (syntaxe préfixée)	0	1
<Source>.Enregistre	1000024606	gestion HFSQL (syntaxe préfixée)	0	1
<Source>.EnregistrementVersChaîne	1000026034	gestion HFSQL (syntaxe préfixée)	0	1
<Source>.EnregistrementVersJSON	1000024607	gestion HFSQL (syntaxe préfixée)	0	1
<Source>.EnregistrementVersXML	1000024610	XML (syntaxe préfixée)	0	1
<Source>.ErreurEtatModification	1000024941	gestion HFSQL (syntaxe préfixée)	0	1
<Source>.ErreurModification	1000024942	gestion HFSQL (syntaxe préfixée)	0	1
<Source>.Etat	1000024943	gestion HFSQL (syntaxe préfixée)	0	1
<Source>.ExécuteRequête	1000024944	gestion HFSQL (syntaxe préfixée)	0	1
<Source>.ExécuteRequêteAsynchrone	1000026111	gestion HFSQL (syntaxe préfixée)	0	1
<Source>.ExécuteRequêteSQL	1000024948	gestion HFSQL (syntaxe préfixée)	0	1
<Source>.ExécuteRequêteSQLAsynchrone	1000026112	gestion HFSQL (syntaxe préfixée)	0	1
<Source>.ExécuteVue	1000024949	gestion HFSQL (syntaxe préfixée)	0	1
<Source>.ExporteChaîneJSON	1410088491	gestion HFSQL (syntaxe préfixée)	0	1
<Source>.ExporteCSV	1000024952	gestion HFSQL (syntaxe préfixée)	0	1
<Source>.ExporteJSON	1000024954	gestion HFSQL (syntaxe préfixée)	0	1
<Source>.ExporteXLS	1000024955	gestion HFSQL (syntaxe préfixée)	0	1
<Source>.ExporteXML	1000024956	XML (syntaxe préfixée)	0	1
<Source>.ExtraitMémo	1000024957	gestion HFSQL (syntaxe préfixée)	0	1
<Source>.Ferme	1000024958	gestion HFSQL (syntaxe préfixée)	0	1
<Source>.FichierExiste	1000024959	gestion HFSQL (syntaxe préfixée)	0	1
<Source>.Filtre	1000024960	gestion HFSQL (syntaxe préfixée)	0	1
<Source>.FiltreCommencePar	1000024976	gestion HFSQL (syntaxe préfixée)	0	1
<Source>.FiltreComprisEntre	1000024977	gestion HFSQL (syntaxe préfixée)	0	1
<Source>.FiltreContient	1000024978	gestion HFSQL (syntaxe préfixée)	0	1
<Source>.FiltreIdentique	1000024979	gestion HFSQL (syntaxe préfixée)	0	1
<Source>.FinInterditModif	1000024980	gestion HFSQL (syntaxe préfixée)	0	1
<Source>.ForceEcriture	1000024981	gestion HFSQL (syntaxe préfixée)	0	1
<Source>.FTListeMot	1000024982	gestion HFSQL (syntaxe préfixée)	0	1
<Source>.FusionneVue	1000024983	gestion HFSQL (syntaxe préfixée)	0	1
<Source>.GèreDoublon	1000024985	gestion HFSQL (syntaxe préfixée)	0	1
<Source>.GèreJournal	1000024986	gestion HFSQL (syntaxe préfixée)	0	1
<Source>.GèreMémo	1000024987	gestion HFSQL (syntaxe préfixée)	0	1
<Source>.GèreTransaction	1000024988	gestion HFSQL (syntaxe préfixée)	0	1
<Source>.HistoriqueModification	1000024989	gestion HFSQL (syntaxe préfixée)	0	1
<Source>.ImporteCSV	1410090623	gestion HFSQL (syntaxe préfixée)	0	1
<Source>.ImporteHF55	1000024990	gestion HFSQL (syntaxe préfixée)	0	1
<Source>.ImporteJSON	1000024991	gestion HFSQL (syntaxe préfixée)	0	1
<Source>.ImporteTexte	1000024992	gestion HFSQL (syntaxe préfixée)	0	1
<Source>.ImporteXLS	1000024993	gestion HFSQL (syntaxe préfixée)	0	1
<Source>.ImporteXML	1000024994	XML (syntaxe préfixée)	0	1
<Source>.InfoBlocage	1000024995	gestion de HFSQL Client/Serveur (syntaxe préfixée)	0	1
<Source>.InfoFichier	1000024996	gestion HFSQL (syntaxe préfixée)	0	1
<Source>.InfoMémo	1000024997	gestion HFSQL (syntaxe préfixée)	0	1
<Source>.InitAbonné	1000024998	gestion HFSQL (syntaxe préfixée)	0	1
<Source>.InterditModif	1000024999	gestion HFSQL (syntaxe préfixée)	0	1
<Source>.JournalInfo	1000025000	gestion HFSQL (syntaxe préfixée)	0	1
<Source>.JournalRecrée	1000025006	gestion HFSQL (syntaxe préfixée)	0	1
<Source>.JournalRedémarre	1000025007	gestion HFSQL (syntaxe préfixée)	0	1
<Source>.JournalStop	1000025008	gestion HFSQL (syntaxe préfixée)	0	1
<Source>.JSONVersEnregistrement	1000025009	gestion HFSQL (syntaxe préfixée)	0	1
<Source>.LibèreRequête	1000025011	gestion HFSQL (syntaxe préfixée)	0	1
<Source>.ListeClé	1000025012	gestion HFSQL (syntaxe préfixée)	0	1
<Source>.ListeClésSpatiales	1410090489	gestion HFSQL (syntaxe préfixée)	0	1
<Source>.ListeIndexFullText	1000025013	gestion HFSQL (syntaxe préfixée)	0	1
<Source>.ListeLiaison	1000025014	gestion HFSQL (syntaxe préfixée)	0	1
<Source>.ListeMotVide	1000025015	gestion HFSQL (syntaxe préfixée)	0	1
<Source>.ListeParamRequête	1000025016	gestion HFSQL (syntaxe préfixée)	0	1
<Source>.ListeRubrique	1000025017	gestion HFSQL (syntaxe préfixée)	0	1
<Source>.ListeSynonyme	1000025018	gestion HFSQL (syntaxe préfixée)	0	1
<Source>.Lit	1000025019	gestion HFSQL (syntaxe préfixée)	0	1
<Source>.LitDernier	1000025020	gestion HFSQL (syntaxe préfixée)	0	1
<Source>.LitPrécédent	1000025021	gestion HFSQL (syntaxe préfixée)	0	1
<Source>.LitPremier	1000025022	gestion HFSQL (syntaxe préfixée)	0	1
<Source>.LitRecherche	1000025023	gestion HFSQL (syntaxe préfixée)	0	1
<Source>.LitRechercheDernier	1000025024	gestion HFSQL (syntaxe préfixée)	0	1
<Source>.LitRecherchePremier	1000025034	gestion HFSQL (syntaxe préfixée)	0	1
<Source>.LitSuivant	1000025035	gestion HFSQL (syntaxe préfixée)	0	1
<Source>.MigreCléComposéeReliée	1000025036	gestion HFSQL (syntaxe préfixée)	0	1
<Source>.MiseAJourLiaison	1000025025	gestion de HFSQL Client/Serveur (syntaxe préfixée)	0	1
<Source>.Mode	1000025037	gestion HFSQL (syntaxe préfixée)	0	1
<Source>.Modifie	1000025038	gestion HFSQL (syntaxe préfixée)	0	1
<Source>.ModifieStructure	1000025039	gestion HFSQL (syntaxe préfixée)	0	1
<Source>.MotDePasse	1000025044	gestion HFSQL (syntaxe préfixée)	0	1
<Source>.NbEnr	1000025040	gestion HFSQL (syntaxe préfixée)	0	1
<Source>.NumEnr	1000025041	gestion HFSQL (syntaxe préfixée)	0	1
<Source>.Optimise	1000025042	gestion HFSQL (syntaxe préfixée)	0	1
<Source>.Ouvre	1000025043	gestion HFSQL (syntaxe préfixée)	0	1
<Source>.PositionCourante	1000025045	gestion HFSQL (syntaxe préfixée)	0	1
<Source>.Positionne	1000025046	gestion HFSQL (syntaxe préfixée)	0	1
<Source>.Précédent	1000025047	gestion HFSQL (syntaxe préfixée)	0	1
<Source>.Premier	1000025048	gestion HFSQL (syntaxe préfixée)	0	1
<Source>.PrépareRequête	1000025049	gestion HFSQL (syntaxe préfixée)	0	1
<Source>.PrépareRequêteSQL	1000025050	gestion HFSQL (syntaxe préfixée)	0	1
<Source>.Raye	1000025051	gestion HFSQL (syntaxe préfixée)	0	1
<Source>.RAZ	1000025052	gestion HFSQL (syntaxe préfixée)	0	1
<Source>.Recherche	1000025053	gestion HFSQL (syntaxe préfixée)	0	1
<Source>.RechercheDernier	1000025054	gestion HFSQL (syntaxe préfixée)	0	1
<Source>.RecherchePremier	1000025055	gestion HFSQL (syntaxe préfixée)	0	1
<Source>.Recule	1000025056	gestion HFSQL (syntaxe préfixée)	0	1
<Source>.RécupèreEnregistrement	1000025057	gestion HFSQL (syntaxe préfixée)	0	1
<Source>.RécupèreRubrique	1000025058	gestion HFSQL (syntaxe préfixée)	0	1
<Source>.RéindexationEnCours	1000025059	gestion HFSQL (syntaxe préfixée)	0	1
<Source>.Réindexe	1000025060	gestion HFSQL (syntaxe préfixée)	0	1
<Source>.RequêteExécutée	1410090480	gestion HFSQL (syntaxe préfixée)	0	1
<Source>.RetourPosition	1000025061	gestion HFSQL (syntaxe préfixée)	0	1
<Source>.SauvePosition	1000025062	gestion HFSQL (syntaxe préfixée)	0	1
<Source>.Sécurité	1000025063	gestion HFSQL (syntaxe préfixée)	0	1
<Source>.SourceDeDonnéesConnue	1410090481	gestion HFSQL (syntaxe préfixée)	0	1
<Source>.StatCalcule	1000025064	gestion HFSQL (syntaxe préfixée)	0	1
<Source>.StatDate	1000025065	gestion HFSQL (syntaxe préfixée)	0	1
<Source>.StatHeure	1000025066	gestion HFSQL (syntaxe préfixée)	0	1
<Source>.StatNbDoublon	1000025067	gestion HFSQL (syntaxe préfixée)	0	1
<Source>.StatNbEnr	1000025068	gestion HFSQL (syntaxe préfixée)	0	1
<Source>.StatNbEnrIntervalle	1000025069	gestion HFSQL (syntaxe préfixée)	0	1
<Source>.Suivant	1000025070	gestion HFSQL (syntaxe préfixée)	0	1
<Source>.Supprime	1000025071	gestion HFSQL (syntaxe préfixée)	0	1
<Source>.SupprimeTout	1000025072	gestion HFSQL (syntaxe préfixée)	0	1
<Source>.SupprimeToutRayé	1000025010	gestion HFSQL (syntaxe préfixée)	0	1
<Source>.SurErreur	1000025073	gestion HFSQL (syntaxe préfixée)	0	1
<Source>.Surveille	1000025029	gestion de HFSQL Client/Serveur (syntaxe préfixée)	0	1
<Source>.SurveilleStop	1000025030	gestion de HFSQL Client/Serveur (syntaxe préfixée)	0	1
<Source>.TransactionLibère	1000025074	gestion HFSQL (syntaxe préfixée)	0	1
<Source>.TrieVue	1000025075	gestion HFSQL (syntaxe préfixée)	0	1
<Source>.Trouve	1000025076	gestion HFSQL (syntaxe préfixée)	0	1
<Source>.VérifieInaltéré	1000025077	gestion HFSQL (syntaxe préfixée)	0	1
<Source>.VérifieIndex	1000025078	gestion HFSQL (syntaxe préfixée)	0	1
<Source>.VérifieMémo	1000025079	gestion HFSQL (syntaxe préfixée)	0	1
<Source>.VérifieStructure	1000025080	gestion HFSQL (syntaxe préfixée)	0	1
<Source>.VersFenêtre	1000021397	liaison (syntaxe préfixée)	0	1
<Source>.VersFichier	1000025081	gestion HFSQL (syntaxe préfixée)	0	1
<Source>.Version	1000025082	gestion HFSQL (syntaxe préfixée)	0	1
<Source>.VersPage	1000021401	liaison (syntaxe préfixée)	0	1
<Source>.VersRubrique	1000025083	gestion HFSQL (syntaxe préfixée)	0	1
<Source>.VueVersFichier	1000025084	gestion HFSQL (syntaxe préfixée)	0	1
<Table>.Affiche	1000023505	gestion des champs Table (syntaxe préfixée)	1	1
<Table>.Ajoute	1000023600	gestion des champs Table (syntaxe préfixée)	1	1
<Table>.AjouteColonne	1000023607	gestion des champs Table (syntaxe préfixée)	1	1
<Table>.AjouteDébut	1410090638	gestion des champs Table (syntaxe préfixée)	0	1
<Table>.AjouteLigne	1000023404	gestion des champs Table (syntaxe préfixée)	1	1
<Table>.AjouteLigneAvecAnimation	1000023678	gestion des champs Table (syntaxe préfixée)	1	1
<Table>.AjoutEnCours	1000023838	gestion des champs Table (syntaxe préfixée)	1	1
<Table>.AjouteSurEntête	1000023839	gestion des champs Table (syntaxe préfixée)	1	1
<Table>.Ajuste	1000023840	gestion des champs Table (syntaxe préfixée)	1	1
<Table>.CelluleSelect	1000023841	gestion des champs Table (syntaxe préfixée)	1	1
<Table>.CelluleSelectOccurrence	1000023842	gestion des champs Table (syntaxe préfixée)	1	1
<Table>.CherchePartout	1410088374	gestion des champs Table (syntaxe préfixée)	0	1
<Table>.ColonnesFiltrées	1000024053	gestion des champs Table (syntaxe préfixée)	1	1
<Table>.ColonnesTriées	1000024054	gestion des champs Table (syntaxe préfixée)	1	1
<Table>.DébutRemplissage	1000024055	gestion des champs Table (syntaxe préfixée)	1	1
<Table>.DéplaceColonne	1000024244	gestion des champs Table (syntaxe préfixée)	1	1
<Table>.DéplaceLigne	1000024245	gestion des champs Table (syntaxe préfixée)	1	1
<Table>.DepuisJSON	1410090403		0	1
<Table>.Déroule	1000021929	gestion des champs Table hiérarchique (syntaxe préfixée)	1	1
<Table>.DérouleTout	1000021834	gestion des champs Table hiérarchique (syntaxe préfixée)	1	1
<Table>.DésactiveFiltre	1000024246	gestion des champs Table (syntaxe préfixée)	1	1
<Table>.DonneFocus	1000024247	gestion des champs Table (syntaxe préfixée)	1	1
<Table>.EchangeLigne	1000024248	gestion des champs Table (syntaxe préfixée)	1	1
<Table>.Enregistre	1000024249	gestion des champs Table (syntaxe préfixée)	1	1
<Table>.Enroule	1000021931	gestion des champs Table hiérarchique (syntaxe préfixée)	1	1
<Table>.EnrouleDéroule	1000024802	gestion des champs Table (syntaxe préfixée)	1	1
<Table>.EnrouleTout	1000021847	gestion des champs Table hiérarchique (syntaxe préfixée)	1	1
<Table>.EnumèreColonne	1000024250	gestion des champs Table (syntaxe préfixée)	1	1
<Table>.EnumèreRupture	1000024251	gestion des champs Table (syntaxe préfixée)	1	1
<Table>.Fin	1000024294	gestion des champs Table (syntaxe préfixée)	1	1
<Table>.FinRemplissage	1000024252	gestion des champs Table (syntaxe préfixée)	1	1
<Table>.FixeColonne	1000024253	gestion des champs Table (syntaxe préfixée)	1	1
<Table>.FormuleAjoute	1000024254	gestion des champs Table (syntaxe préfixée)	1	1
<Table>.FormuleSupprimeTout	1000024255	gestion des champs Table (syntaxe préfixée)	1	1
<Table>.Imprime	1000024256	gestion des champs Table (syntaxe préfixée)	1	1
<Table>.IndiceColonne	1000024257	gestion des champs Table (syntaxe préfixée)	1	1
<Table>.IndiceRupture	1000024258	gestion des champs Table (syntaxe objet)	1	1
<Table>.InfoXY	1000024259	gestion des champs Table (syntaxe préfixée)	1	1
<Table>.Insère	1000024260	gestion des champs Table (syntaxe préfixée)	1	1
<Table>.InsèreColonne	1000024261	gestion des champs Table (syntaxe préfixée)	1	1
<Table>.InsèreLigne	1000023407	gestion des champs Table (syntaxe préfixée)	1	1
<Table>.InsèreLigneAvecAnimation	1000024272	gestion des champs Table (syntaxe préfixée)	1	1
<Table>.Modifie	1000024273	gestion des champs Table (syntaxe préfixée)	1	1
<Table>.ModifieColonne	1000024274	gestion des champs Table (syntaxe préfixée)	1	1
<Table>.ModifieLigne	1000024275	gestion des champs Table (syntaxe préfixée)	1	1
<Table>.NumEnr	1000024276	gestion des champs Table (syntaxe préfixée)	1	1
<Table>.Occurrence	1000024277	gestion des champs Table (syntaxe préfixée)	1	1
<Table>.Position	1000024278	gestion des champs Table (syntaxe préfixée)	1	1
<Table>.RafraîchissementVisible	1000024279	gestion des champs Table (syntaxe préfixée)	1	1
<Table>.RestaurePositionEtSélection	1000024280	gestion des champs Table (syntaxe préfixée)	1	1
<Table>.SaisieEnCours	1000024281	gestion des champs Table (syntaxe préfixée)	1	1
<Table>.SaisieLoupe	1000024282	gestion des champs Table (syntaxe préfixée)	1	1
<Table>.SauvePositionEtSélection	1000024283	gestion des champs Table (syntaxe préfixée)	1	1
<Table>.Select	1000024284	gestion des champs Table (syntaxe préfixée)	1	1
<Table>.SelectMoins	1000024285	gestion des champs Table (syntaxe préfixée)	1	1
<Table>.SelectOccurrence	1000024286	gestion des champs Table (syntaxe préfixée)	1	1
<Table>.SelectPlus	1000024287	gestion des champs Table (syntaxe préfixée)	1	1
<Table>.SelectVersFichier	1000024288	gestion des champs Table (syntaxe préfixée)	1	1
<Table>.Supprime	1000024289	gestion des champs Table (syntaxe préfixée)	1	1
<Table>.SupprimeAvecAnimation	1000024290	gestion des champs Table (syntaxe préfixée)	1	1
<Table>.SupprimeSelect	1000024291	gestion des champs Table (syntaxe préfixée)	1	1
<Table>.SupprimeTout	1000024292	gestion des champs Table (syntaxe préfixée)	1	1
<Table>.Trie	1000024293	gestion des champs Table (syntaxe préfixée)	1	1
<Table>.VersExcel	1410088379	gestion des champs Table (syntaxe préfixée)	0	1
<Table>.VersJSON	1410090402	gestion des champs Table (syntaxe préfixée)	0	1
<Table>.VersPressePapier	1410088375	gestion des champs Table (syntaxe préfixée)	0	1
<Table>.VersTexte	1410088376	gestion des champs Table (syntaxe préfixée)	0	1
<Table>.VersWord	1410088377	gestion des champs Table (syntaxe préfixée)	0	1
<Table>.VersXML	1410088378	gestion des champs Table (syntaxe préfixée)	0	1
<Table hiérarchique>.AjouteFils	1000021891	gestion des champs Table hiérarchique (syntaxe préfixée)	1	1
<Table hiérarchique>.DéplaceBranche	1000021923	gestion des champs Table hiérarchique (syntaxe préfixée)	1	1
<Table hiérarchique>.EchangeBranche	1000021930	gestion des champs Table hiérarchique (syntaxe préfixée)	1	1
<Table hiérarchique>.EtatElément	1000021932	gestion des champs Table hiérarchique (syntaxe préfixée)	1	1
<Table hiérarchique>.FilsOccurrence	1000021933	gestion des champs Table hiérarchique (syntaxe préfixée)	1	1
<Table hiérarchique>.InsèreFils	1000021934	gestion des champs Table hiérarchique (syntaxe préfixée)	1	1
<Table hiérarchique>.ListeFils	1000021935	gestion des champs Table hiérarchique (syntaxe préfixée)	1	1
<Table hiérarchique>.RécupèreFils	1000021936	gestion des champs Table hiérarchique (syntaxe préfixée)	1	1
<Table hiérarchique>.RécupèreParent	1000021937	gestion des champs Table hiérarchique (syntaxe préfixée)	1	1
<Table hiérarchique>.SupprimeFils	1000021938	gestion des champs Table hiérarchique (syntaxe préfixée)	1	1
<Table hiérarchique>.TrieFils	1000021939	gestion des champs Table hiérarchique (syntaxe préfixée)	1	1
<Table hiérarchique>.TypeElément	1000021940	gestion des champs Table hiérarchique (syntaxe préfixée)	1	1
<Tableau>.Agrège	1000024951	gestion des tableaux (syntaxe préfixée)	0	1
<Tableau>.Ajoute	1000024299	gestion des tableaux (syntaxe préfixée)	0	1
<Tableau>.AjouteLigne	1000024300	gestion des tableaux (syntaxe préfixée)	0	1
<Tableau>.AjouteRéférence	1000025416	gestion des tableaux (syntaxe préfixée)	0	1
<Tableau>.AjouteTrié	1000024301	gestion des tableaux (syntaxe préfixée)	0	1
<Tableau>.Applique	1000024969	gestion des tableaux (syntaxe préfixée)	0	1
<Tableau>.Cherche	1000024302	gestion des tableaux (syntaxe préfixée)	0	1
<Tableau>.ChercheParProcédure	1000024303	gestion des tableaux (syntaxe préfixée)	0	1
<Tableau>.Copie	1000024304	gestion des tableaux (syntaxe préfixée)	0	1
<Tableau>.Déplace	1000024305	gestion des tableaux (syntaxe préfixée)	0	1
<Tableau>.DéplaceLigne	1000024306	gestion des tableaux (syntaxe préfixée)	0	1
<Tableau>.Distinct	1000025406	gestion des tableaux (syntaxe préfixée)	0	1
<Tableau>.EchangeLigne	1000024307	gestion des tableaux (syntaxe préfixée)	0	1
<Tableau>.Filtre	1000024968	gestion des tableaux (syntaxe préfixée)	0	1
<Tableau>.Info	1000024308	gestion des tableaux (syntaxe préfixée)	0	1
<Tableau>.Insère	1000024309	gestion des tableaux (syntaxe préfixée)	0	1
<Tableau>.InsèreLigne	1000024310	gestion des tableaux (syntaxe préfixée)	0	1
<Tableau>.InsèreRéférence	1000025414	gestion des tableaux (syntaxe préfixée)	0	1
<Tableau>.Intersection	1000025407	gestion des tableaux (syntaxe préfixée)	0	1
<Tableau>.Inverse	1000024311	gestion des tableaux (syntaxe préfixée)	0	1
<Tableau>.Max	1000025411	gestion des tableaux (syntaxe préfixée)	0	1
<Tableau>.Mélange	1000024312	gestion des tableaux (syntaxe préfixée)	0	1
<Tableau>.Min	1000025412	gestion des tableaux (syntaxe préfixée)	0	1
<Tableau>.Moyenne	1000025417	gestion des tableaux (syntaxe préfixée)	0	1
<Tableau>.Occurrence	1000024313	gestion des tableaux (syntaxe préfixée)	0	1
<Tableau>.Somme	1000025415	gestion des tableaux (syntaxe préfixée)	0	1
<Tableau>.Supprime	1000024314	gestion des tableaux (syntaxe préfixée)	0	1
<Tableau>.SupprimeDoublon	1000024315	gestion des tableaux (syntaxe préfixée)	0	1
<Tableau>.SupprimeLigne	1000024316	gestion des tableaux (syntaxe préfixée)	0	1
<Tableau>.SupprimeTout	1000024317	gestion des tableaux (syntaxe préfixée)	0	1
<Tableau>.TousFaux	1000024935	gestion des tableaux (syntaxe préfixée)	0	1
<Tableau>.TousVrai	1000024936	gestion des tableaux (syntaxe préfixée)	0	1
<Tableau>.Transforme	1000025418	gestion des tableaux (syntaxe préfixée)	0	1
<Tableau>.Trie	1000024318	gestion des tableaux (syntaxe préfixée)	0	1
<Tableau>.UnFaux	1000024937	gestion des tableaux (syntaxe préfixée)	0	1
<Tableau>.Union	1000025408	gestion des tableaux (syntaxe préfixée)	0	1
<Tableau>.UnionTout	1000025410	gestion des tableaux (syntaxe préfixée)	0	1
<Tableau>.UnVrai	1000024938	gestion des tableaux (syntaxe préfixée)	0	1
<Tableau de bord>.Affiche	1000022500	gestion des champs Tableau de bord (syntaxe préfixée)	1	1
<Tableau de bord>.AjouteWidget	1000022502	gestion des champs Tableau de bord (syntaxe préfixée)	1	1
<Tableau de bord>.ChangeTailleWidget	1000022504	gestion des champs Tableau de bord (syntaxe préfixée)	1	1
<Tableau de bord>.ChargeConfiguration	1000022506	gestion des champs Tableau de bord (syntaxe préfixée)	1	1
<Tableau de bord>.ConfigurationInitiale	1000022525	gestion des champs Tableau de bord (syntaxe préfixée)	1	1
<Tableau de bord>.DéplaceWidget	1000022527	gestion des champs Tableau de bord (syntaxe préfixée)	1	1
<Tableau de bord>.InfoXY	1000022529	gestion des champs Tableau de bord (syntaxe préfixée)	1	1
<Tableau de bord>.Mode	1000022532	gestion des champs Tableau de bord (syntaxe préfixée)	1	1
<Tableau de bord>.Occurrence	1000022538	gestion des champs Tableau de bord (syntaxe préfixée)	1	1
<Tableau de bord>.RécupèreWidgetPosition	1000022533	gestion des champs Tableau de bord (syntaxe préfixée)	1	1
<Tableau de bord>.SauveConfiguration	1000022534	gestion des champs Tableau de bord (syntaxe préfixée)	1	1
<Tableau de bord>.Supprime	1000022535	gestion des champs Tableau de bord (syntaxe préfixée)	1	1
<Tableau de bord>.SupprimeTout	1000022536	gestion des champs Tableau de bord (syntaxe préfixée)	1	1
<Tableau croisé dynamique>.AxeXY	1000022178	gestion des champs Tableau croisé dynamique (syntaxe préfixée)	1	1
<Tableau croisé dynamique>.AxeY	1000023710		0	1
<Tableau croisé dynamique>.CalculeMiseAJour	1000022179	gestion des champs Tableau croisé dynamique (syntaxe préfixée)	1	1
<Tableau croisé dynamique>.CalculeMiseAJourAsynchrone	1410090404	gestion des champs Tableau croisé dynamique (syntaxe préfixée)	0	1
<Tableau croisé dynamique>.CalculeTout	1000022180	gestion des champs Tableau croisé dynamique (syntaxe préfixée)	1	1
<Tableau croisé dynamique>.CalculeToutAsynchrone	1410090405	gestion des champs Tableau croisé dynamique (syntaxe préfixée)	0	1
<Tableau croisé dynamique>.Charge	1000022181	gestion des champs Tableau croisé dynamique (syntaxe préfixée)	1	1
<Tableau croisé dynamique>.Déroule	1000022182	gestion des champs Tableau croisé dynamique (syntaxe préfixée)	1	1
<Tableau croisé dynamique>.DérouleTout	1000022183	gestion des champs Tableau croisé dynamique (syntaxe préfixée)	1	1
<Tableau croisé dynamique>.Enroule	1000022184	gestion des champs Tableau croisé dynamique (syntaxe préfixée)	1	1
<Tableau croisé dynamique>.EnrouleTout	1000022185	gestion des champs Tableau croisé dynamique (syntaxe préfixée)	1	1
<Tableau croisé dynamique>.Filtre	1000022186	gestion des champs Tableau croisé dynamique (syntaxe préfixée)	1	1
<Tableau croisé dynamique>.InfoXY	1000022187	gestion des champs Tableau croisé dynamique (syntaxe préfixée)	1	1
<Tableau croisé dynamique>.ListePositionEntête	1000022188	gestion des champs Tableau croisé dynamique (syntaxe préfixée)	1	1
<Tableau croisé dynamique>.Sauve	1000022189	gestion des champs Tableau croisé dynamique (syntaxe préfixée)	1	1
<Tableau croisé dynamique>.Select	1000022190	gestion des champs Tableau croisé dynamique (syntaxe préfixée)	1	1
<Tableau croisé dynamique>.SelectOccurrence	1000022191	gestion des champs Tableau croisé dynamique (syntaxe préfixée)	1	1
<Tableau croisé dynamique>.ValeurEntête	1000022192	gestion des champs Tableau croisé dynamique (syntaxe préfixée)	1	1
<Tableau croisé dynamique>.VersExcel	1000022193	gestion des champs Tableau croisé dynamique (syntaxe préfixée)	1	1
<Tableur>.AjouteDonnée	1000023711	Tableur (syntaxe préfixée)	1	1
<Tableur>.AjouteFeuille	1000023712	Tableur (syntaxe préfixée)	1	1
<Tableur>.AjouteFormule	1000023713	Tableur (syntaxe préfixée)	1	1
<Tableur>.AjouteImage	1000023714	Tableur (syntaxe préfixée)	1	1
<Tableur>.AjouteLien	1410090430	Tableur (syntaxe préfixée)	0	1
<Tableur>.AjouteNom	1000023715	Tableur (syntaxe préfixée)	1	1
<Tableur>.AutoriseProcédure	1000023716	Tableur (syntaxe préfixée)	1	1
<Tableur>.CadreSélection	1000023717	Tableur (syntaxe préfixée)	1	1
<Tableur>.ChampFormule	1000023718	Tableur (syntaxe préfixée)	1	1
<Tableur>.Charge	1000023719	Tableur (syntaxe préfixée)	1	1
<Tableur>.Cherche	1000023720	Tableur (syntaxe préfixée)	1	1
<Tableur>.DébutModification	1000023721	Tableur (syntaxe préfixée)	1	1
<Tableur>.DéfusionneCellule	1410089570	Tableur (syntaxe préfixée)	0	1
<Tableur>.DéplaceFeuille	1410087262	Tableur (syntaxe préfixée)	0	1
<Tableur>.Ferme	1000023722	Tableur (syntaxe préfixée)	1	1
<Tableur>.Fige	1000023723	Tableur (syntaxe préfixée)	1	1
<Tableur>.FinModification	1000023724	Tableur (syntaxe préfixée)	1	1
<Tableur>.FusionneCellule	1000026322	Tableur (syntaxe préfixée)	0	1
<Tableur>.InsèreColonne	1000023725	Tableur (syntaxe préfixée)	1	1
<Tableur>.InsèreFeuille	1000023726	Tableur (syntaxe préfixée)	1	1
<Tableur>.InsèreLigne	1000023727	Tableur (syntaxe préfixée)	1	1
<Tableur>.ListeCommentaire	1410090614	Tableur (syntaxe préfixée)	0	1
<Tableur>.Position	1000023728	Tableur (syntaxe préfixée)	1	1
<Tableur>.RecalculeTout	1000023729	Tableur (syntaxe préfixée)	1	1
<Tableur>.RécupèreFormule	1000023730	Tableur (syntaxe préfixée)	1	1
<Tableur>.RécupèreFusion	1000023731	Tableur (syntaxe préfixée)	1	1
<Tableur>.RécupèreSélection	1000023732	Tableur (syntaxe préfixée)	1	1
<Tableur>.Remplace	1000023898	Tableur (syntaxe préfixée)	1	1
<Tableur>.RestaurePositionEtSélection	1000023733	Tableur (syntaxe préfixée)	1	1
<Tableur>.Sauve	1000023734	Tableur (syntaxe préfixée)	1	1
<Tableur>.SauvePositionEtSélection	1000023735	Tableur (syntaxe préfixée)	1	1
<Tableur>.SelectCommentaire	1410090615	Tableur (syntaxe préfixée)	0	1
<Tableur>.SelectFeuille	1000023736	Tableur (syntaxe préfixée)	1	1
<Tableur>.SelectMoins	1000023737	Tableur (syntaxe préfixée)	1	1
<Tableur>.SelectPlus	1000023738	Tableur (syntaxe préfixée)	1	1
<Tableur>.StyleSélection	1000023739	Tableur (syntaxe préfixée)	1	1
<Tableur>.SupprimeColonne	1000023740	Tableur (syntaxe préfixée)	1	1
<Tableur>.SupprimeFeuille	1000023741	Tableur (syntaxe préfixée)	1	1
<Tableur>.SupprimeLigne	1000023742	Tableur (syntaxe préfixée)	1	1
<Tableur>.SupprimeTout	1000023743	Tableur (syntaxe préfixée)	1	1
<Tableur>.TrieSélection	1000023744	Tableur (syntaxe préfixée)	1	1
<Tableur>.TypeEtMasqueSélection	1000023745	Tableur (syntaxe préfixée)	1	1
<Thread>.DemandeArrêt	1000024924	gestion des threads (syntaxe préfixée)	0	1
<Thread>.EnvoieSignal	1000024926	gestion des threads (syntaxe préfixée)	0	1
<Thread>.Reprend	1000024927		0	1
<Thread>.Suspend	1000024929		0	1
<TimeLine>.Affiche	1000020775	gestion des champs TimeLine (syntaxe préfixée)	1	1
<TimeLine>.AjouteEvénement	1000020776	gestion des champs TimeLine (syntaxe préfixée)	1	1
<TimeLine>.AjoutePiste	1000020777	gestion des champs TimeLine (syntaxe préfixée)	1	1
<TimeLine>.ChangeMode	1000020778	gestion des champs TimeLine (syntaxe préfixée)	1	1
<TimeLine>.ListeEvénement	1000020779	gestion des champs TimeLine (syntaxe préfixée)	1	1
<TimeLine>.SupprimeEvénement	1000020780	gestion des champs TimeLine (syntaxe préfixée)	1	1
<TimeLine>.SupprimePiste	1000020781	gestion des champs TimeLine (syntaxe préfixée)	1	1
<TimeLine>.SupprimeTout	1000020782	gestion des champs TimeLine (syntaxe préfixée)	1	1
<Toast>.Affiche	1000024863		0	1
<Traitement de texte>.Ajoute	1000024032	gestion du champ Traitement de texte (syntaxe préfixée)	1	1
<Traitement de texte>.DébutModification	1000023405	gestion du champ Traitement de texte (syntaxe préfixée)	1	1
<Traitement de texte>.EffaceMiseEnForme	1410090632	gestion du champ Traitement de texte (syntaxe préfixée)	0	1
<Traitement de texte>.EntreEdition	1000024263	gestion du champ Traitement de texte (syntaxe préfixée)	1	1
<Traitement de texte>.Ferme	1000024264	gestion du champ Traitement de texte (syntaxe préfixée)	1	1
<Traitement de texte>.FinModification	1000024265	gestion du champ Traitement de texte (syntaxe préfixée)	1	1
<Traitement de texte>.Imprime	1000024266	gestion du champ Traitement de texte (syntaxe préfixée)	1	1
<Traitement de texte>.InfoXY	1000025346	gestion du champ Traitement de texte (syntaxe préfixée)	0	1
<Traitement de texte>.Insère	1000024267	gestion du champ Traitement de texte (syntaxe préfixée)	1	1
<Traitement de texte>.InsèreTableau	1000024268	gestion du champ Traitement de texte (syntaxe préfixée)	1	1
<Traitement de texte>.ModeCopieMiseEnForme	1410090630	gestion du champ Traitement de texte (syntaxe préfixée)	0	1
<Traitement de texte>.Ouvre	1000024269	gestion du champ Traitement de texte (syntaxe préfixée)	1	1
<Traitement de texte>.Positionne	1000024270	gestion du champ Traitement de texte (syntaxe préfixée)	1	1
<Traitement de texte>.Recherche	1000024271	gestion du champ Traitement de texte (syntaxe préfixée)	1	1
<Traitement de texte>.RechercheElémentParNom	1410088862	gestion du champ Traitement de texte (syntaxe préfixée)	0	1
<Traitement de texte>.Redo	1000024390	gestion du champ Traitement de texte (syntaxe préfixée)	1	1
<Traitement de texte>.RedoOccurrence	1000024391	gestion du champ Traitement de texte (syntaxe préfixée)	1	1
<Traitement de texte>.Remplace	1000024392	gestion du champ Traitement de texte (syntaxe préfixée)	1	1
<Traitement de texte>.Sauve	1000024393	gestion du champ Traitement de texte (syntaxe préfixée)	1	1
<Traitement de texte>.Sélectionne	1000024394	gestion du champ Traitement de texte (syntaxe préfixée)	1	1
<Traitement de texte>.SortEdition	1000024395	gestion du champ Traitement de texte (syntaxe préfixée)	1	1
<Traitement de texte>.Undo	1000024397	gestion du champ Traitement de texte (syntaxe préfixée)	1	1
<Traitement de texte>.UndoOccurrence	1000024398	gestion du champ Traitement de texte (syntaxe préfixée)	1	1
<Traitement de texte>.UndoRedoSupprimeTout	1000024399	gestion du champ Traitement de texte (syntaxe préfixée)	1	1
<Traitement de texte>.VersHTML	1000024400	gestion du champ Traitement de texte (syntaxe préfixée)	1	1
<Traitement de texte>.VersImage	1000024401	gestion du champ Traitement de texte (syntaxe préfixée)	1	1
<Traitement de texte>.VersPDF	1000024402	gestion du champ Traitement de texte (syntaxe préfixée)	1	1
<Traitement de texte>.VersTexte	1000024403	gestion du champ Traitement de texte (syntaxe préfixée)	1	1
<TreeMap>.Ajoute	1000019740	gestion des champs TreeMap (syntaxe préfixée)	1	1
<TreeMap>.Cherche	1000019742	gestion des champs TreeMap (syntaxe préfixée)	1	1
<TreeMap>.InfoXY	1000019743	gestion des champs TreeMap (syntaxe préfixée)	1	1
<TreeMap>.Occurrence	1000019752	gestion des champs TreeMap (syntaxe préfixée)	1	1
<TreeMap>.SelectGroupe	1000019793	gestion des champs TreeMap (syntaxe préfixée)	1	1
<TreeMap>.Supprime	1000019799	gestion des champs TreeMap (syntaxe préfixée)	1	1
<TreeMap>.SupprimeTout	1000019800	gestion des champs TreeMap (syntaxe préfixée)	1	1
<Type Buffer>.CrypteAsymétrique	1410087279	cryptage / compression (syntaxe préfixée)	0	1
<Type Buffer>.CrypteAsymétriqueEnveloppé	1410087280	cryptage / compression (syntaxe préfixée)	0	1
<Type Buffer>.CrypteStandard	1410087281	cryptage / compression (syntaxe préfixée)	0	1
<Type Buffer>.Décode	1410087344	cryptage / compression (syntaxe préfixée)	0	1
<Type Buffer>.DécrypteAsymétrique	1410087282	cryptage / compression (syntaxe préfixée)	0	1
<Type Buffer>.DécrypteAsymétriqueEnveloppé	1410087283	cryptage / compression (syntaxe préfixée)	0	1
<Type Buffer>.Encode	1410087345	cryptage / compression (syntaxe préfixée)	0	1
<Type Date>.VersChaîne	1000023952	gestion des Dates et des Heures (syntaxe préfixée)	1	1
<Type Date>.VersEntier	1000024029	gestion des Dates et des Heures (syntaxe préfixée)	1	1
<Type Date>.VersJour	1000024030	gestion des Dates et des Heures (syntaxe préfixée)	1	1
<Type Date>.VersJourDansLAnnée	1410090343	gestion des Dates et des Heures (syntaxe préfixée)	0	1
<Type Date>.VersJourEnLettre	1000024031	gestion des Dates et des Heures (syntaxe préfixée)	1	1
<Type Date>.VersMoisEnLettre	1000024051	gestion des Dates et des Heures (syntaxe préfixée)	1	1
<Type Date>.VersNuméroDeSemaine	1000024160	gestion des Dates et des Heures (syntaxe préfixée)	1	1
<Type DateHeure>.VersChaîne	1000025807	gestion des Dates et des Heures (syntaxe préfixée)	0	1
<Type DateHeure>.VersEpoch	1000024161	gestion des Dates et des Heures (syntaxe préfixée)	1	1
<Type DateHeure>.VersRéel	1000024190	gestion des Dates et des Heures (syntaxe préfixée)	1	1
<Type Durée>.VersChaîne	1000023947	gestion des Dates et des Heures (syntaxe préfixée)	1	1
<Type Tableau>.Contient	1410091180	gestion des tableaux (syntaxe préfixée)	0	1
<Upload>.CopieFichier	1000019046	Upload (syntaxe préfixée)	1	1
<Upload>.FichierEnCours	1000019047	Upload (syntaxe préfixée)	1	1
<Upload>.Lance	1000019063	Upload (syntaxe préfixée)	1	1
<Upload>.NomFichier	1000019064	Upload (syntaxe préfixée)	1	1
<Upload>.Supprime	1000019065	Upload (syntaxe préfixée)	1	1
<Upload>.SupprimeTout	1000019069	Upload (syntaxe préfixée)	1	1
<Upload>.Taille	1000019070	Upload (syntaxe préfixée)	1	1
<Upload>.TailleEnvoyée	1000019071	Upload (syntaxe préfixée)	1	1
<Upload>.TailleEnvoyéeFichierEnCours	1000019074	Upload (syntaxe préfixée)	1	1
<Upload>.TailleFichier	1000019075	Upload (syntaxe préfixée)	1	1
<Upload>.TailleFichierEnCours	1000019076	Upload (syntaxe préfixée)	1	1
<Variable>.Ajoute	1000024295	gestion des tableaux (syntaxe objet)	1	0
<Variable>.Insère	1000024296	gestion des tableaux (syntaxe objet)	1	0
<Variable>.Supprime	1000024297	gestion des tableaux (syntaxe objet)	1	0
<Variable>.SupprimeTout	1000024298	gestion des tableaux (syntaxe objet)	1	0
<Variable ActionRapide>.Ajoute	1410090385	gestion des raccourcis d'application (app shortcuts)  (syntaxe préfixée)	0	1
<Variable ActionRapide>.Epingle	1410090409	gestion des raccourcis d'application (app shortcuts)  (syntaxe préfixée)	0	1
<Variable ActionRapide>.Supprime	1410090386	gestion des raccourcis d'application (app shortcuts)  (syntaxe préfixée)	0	1
<Variable adminWBAuth>.CréeCompte	1410089712	pilotage du Serveur d'application WEBDEV (syntaxe préfixée)	0	1
<Variable adminWBAuth>.Déconnecte	1410089713	pilotage du Serveur d'application WEBDEV (syntaxe préfixée)	0	1
<Variable adminWBAuth>.ListeApplication	1410090464	pilotage du Serveur d'application WEBDEV (syntaxe préfixée)	0	1
<Variable adminWBAuth>.ListeCompte	1410089714	pilotage du Serveur d'application WEBDEV (syntaxe préfixée)	0	1
<Variable adminWBAuth>.ListeConnexion	1410089715	pilotage du Serveur d'application WEBDEV (syntaxe préfixée)	0	1
<Variable adminWBAuth>.ModifieCompte	1410089716	pilotage du Serveur d'application WEBDEV (syntaxe préfixée)	0	1
<Variable adminWBAuth>.SupprimeApplication	1410090465	pilotage du Serveur d'application WEBDEV (syntaxe préfixée)	0	1
<Variable adminWBAuth>.SupprimeCompte	1410089717	pilotage du Serveur d'application WEBDEV (syntaxe préfixée)	0	1
<Variable AuthToken>.OpenIDLitIdentité	1000023629	gestion des protocoles OAuth et OpenID (syntaxe préfixée)	1	1
<Variable btleCaractéristique>.ChangementValeur	1000022171	BTLE (syntaxe préfixée)	1	1
<Variable btleCaractéristique>.EcritValeur	1000022172	BTLE (syntaxe préfixée)	1	1
<Variable btleCaractéristique>.LitValeur	1000022173	BTLE (syntaxe préfixée)	1	1
<Variable btleCaractéristique>.RécupèreUnDescripteur	1000022218	BTLE (syntaxe préfixée)	1	1
<Variable btleDescripteur>.EcritValeur	1000022199	BTLE (syntaxe préfixée)	1	1
<Variable btleDescripteur>.LitValeur	1000022200	BTLE (syntaxe préfixée)	1	1
<Variable btlePériphérique>.Connecte	1000022195	BTLE (syntaxe préfixée)	1	1
<Variable btlePériphérique>.Déconnecte	1000022196	BTLE (syntaxe préfixée)	1	1
<Variable btlePériphérique>.EtatConnexion	1000022202	BTLE (syntaxe préfixée)	0	1
<Variable btlePériphérique>.RécupèreTousServices	1000022216	BTLE (syntaxe préfixée)	1	1
<Variable btlePériphérique>.RécupèreUnService	1000022222	BTLE (syntaxe préfixée)	1	1
<Variable btleService>.RécupèreToutesCaractéristiques	1000022217	BTLE (syntaxe préfixée)	1	1
<Variable btleService>.RécupèreUneCaractéristique	1000022221	BTLE (syntaxe préfixée)	1	1
<Variable Certificat>.ExtraitValeurExtension	1410087241	gestion des certificats (syntaxe préfixée)	0	1
<Variable Certificat>.OuvrePropriétés	1000024378	gestion des certificats (syntaxe préfixée)	1	1
<Variable Commande>.AjouteArgument	1410090748	gestion de l'exécution des commandes en mode console (syntaxe préfixée)	0	1
<Variable Commande>.AjouteOption	1410090749	gestion de l'exécution des commandes en mode console (syntaxe préfixée)	0	1
<Variable Commande>.EcritEntréeStandard	1410090750	gestion de l'exécution des commandes en mode console (syntaxe préfixée)	0	1
<Variable Commande>.Exécute	1410090751	gestion de l'exécution des commandes en mode console (syntaxe préfixée)	0	1
<Variable Commande>.ExécutionEstEnCours	1410091033	gestion de l'exécution des commandes en mode console (syntaxe préfixée)	0	1
<Variable Commande>.LitSortieErreur	1410090752	gestion de l'exécution des commandes en mode console (syntaxe préfixée)	0	1
<Variable Commande>.LitSortieStandard	1410090753	gestion de l'exécution des commandes en mode console (syntaxe préfixée)	0	1
<Variable Commande>.RécupèreCodeRetour	1410090754	gestion de l'exécution des commandes en mode console (syntaxe préfixée)	0	1
<Variable Commande>.Termine	1410091034	gestion de l'exécution des commandes en mode console (syntaxe préfixée)	0	1
<Variable Connection>.RSRenommeNomServeur	1410088539		0	1
<Variable Connexion>.ActiveTriggerServeur	1000022637	gestion de HFSQL Client/Serveur (syntaxe préfixée)	1	1
<Variable Connexion>.AjouteGroupe	1000022638	gestion de HFSQL Client/Serveur (syntaxe préfixée)	1	1
<Variable Connexion>.AjouteLiaison	1000022639	gestion de HFSQL Client/Serveur (syntaxe préfixée)	1	1
<Variable Connexion>.AjouteOptimisationPlanifiée	1000022641	gestion de HFSQL Client/Serveur (syntaxe préfixée)	1	1
<Variable Connexion>.AjoutePlanification	1000022642	gestion de HFSQL Client/Serveur (syntaxe préfixée)	1	1
<Variable Connexion>.AjouteSauvegardePlanifiée	1000022644	gestion de HFSQL Client/Serveur (syntaxe préfixée)	1	1
<Variable Connexion>.AjouteTâche	1000022645	gestion de HFSQL Client/Serveur (syntaxe préfixée)	1	1
<Variable Connexion>.AjouteUtilisateur	1000022646	gestion de HFSQL Client/Serveur (syntaxe préfixée)	1	1
<Variable Connexion>.AnnuleSauvegarde	1000022647	gestion de HFSQL Client/Serveur (syntaxe préfixée)	1	1
<Variable Connexion>.ArrêteServeur	1000022648	gestion de HFSQL Client/Serveur (syntaxe préfixée)	1	1
<Variable Connexion>.ChargeParamètre	1000022649	gestion de HFSQL Client/Serveur (syntaxe préfixée)	1	1
<Variable Connexion>.CopieFichier	1000022650	gestion de HFSQL Client/Serveur (syntaxe préfixée)	1	1
<Variable Connexion>.DéclencheMiseAJourServeur	1000022651	gestion de HFSQL Client/Serveur (syntaxe préfixée)	1	1
<Variable Connexion>.DéconnecteClient	1000022652	gestion de HFSQL Client/Serveur (syntaxe préfixée)	1	1
<Variable Connexion>.DécritTriggerServeur	1000022653	gestion de HFSQL Client/Serveur (syntaxe préfixée)	1	1
<Variable Connexion>.DésactiveTriggerServeur	1000022654	gestion de HFSQL Client/Serveur (syntaxe préfixée)	1	1
<Variable Connexion>.DétruitTriggerServeur	1000022655	gestion de HFSQL Client/Serveur (syntaxe préfixée)	1	1
<Variable Connexion>.DupliqueBaseDeDonnées	1000022656	gestion de HFSQL Client/Serveur (syntaxe préfixée)	1	1
<Variable Connexion>.EnvoieMessageVersClient	1000022657	gestion de HFSQL Client/Serveur (syntaxe préfixée)	1	1
<Variable Connexion>.ExécutePlanification	1000022658	gestion de HFSQL Client/Serveur (syntaxe préfixée)	1	1
<Variable Connexion>.ExécuteProcédure	1000022659	gestion de HFSQL Client/Serveur (syntaxe préfixée)	1	1
<Variable Connexion>.ExécuteProcédureAsynchrone	1410091179	gestion de HFSQL Client/Serveur (syntaxe préfixée)	0	1
<Variable Connexion>.ExécuteSauvegardePlanifiée	1000022660	gestion de HFSQL Client/Serveur (syntaxe préfixée)	1	1
<Variable Connexion>.FermeConnexion	1000023941	gestion HFSQL (syntaxe préfixée)	1	1
<Variable Connexion>.FichierExiste	1000023959	gestion HFSQL (syntaxe préfixée)	1	1
<Variable Connexion>.FinInterditAccèsBaseDeDonnées	1000022661	gestion de HFSQL Client/Serveur (syntaxe préfixée)	1	1
<Variable Connexion>.GèreIntégrité	1000023960	gestion HFSQL (syntaxe préfixée)	1	1
<Variable Connexion>.GèreMiseAJourServeur	1000022662	gestion de HFSQL Client/Serveur (syntaxe préfixée)	1	1
<Variable Connexion>.GèreServeur	1000022664	gestion de HFSQL Client/Serveur (syntaxe préfixée)	1	1
<Variable Connexion>.GèreTâche	1000022665	gestion de HFSQL Client/Serveur (syntaxe préfixée)	1	1
<Variable Connexion>.InfoBlocage	1000022774	gestion de HFSQL Client/Serveur (syntaxe préfixée)	0	1
<Variable Connexion>.InfoDroitBaseDeDonnées	1000022666	gestion de HFSQL Client/Serveur (syntaxe préfixée)	1	1
<Variable Connexion>.InfoDroitFichier	1000022667	gestion de HFSQL Client/Serveur (syntaxe préfixée)	1	1
<Variable Connexion>.InfoDroitRubrique	1410090543	gestion de HFSQL Client/Serveur (syntaxe préfixée)	0	1
<Variable Connexion>.InfoDroitServeur	1000022668	gestion de HFSQL Client/Serveur (syntaxe préfixée)	1	1
<Variable Connexion>.InfoDroitVue	1000022669	gestion de HFSQL Client/Serveur (syntaxe préfixée)	1	1
<Variable Connexion>.InfoFichier	1000023961	gestion HFSQL (syntaxe préfixée)	1	1
<Variable Connexion>.InfoGroupe	1000022670	gestion de HFSQL Client/Serveur (syntaxe préfixée)	1	1
<Variable Connexion>.InfoPropriétéBaseDeDonnées	1000022673	gestion de HFSQL Client/Serveur (syntaxe préfixée)	1	1
<Variable Connexion>.InfoPropriétéFichier	1000022674	gestion de HFSQL Client/Serveur (syntaxe préfixée)	1	1
<Variable Connexion>.InfoPropriétéServeur	1000022675	gestion de HFSQL Client/Serveur (syntaxe préfixée)	1	1
<Variable Connexion>.InfoSauvegarde	1000022679	gestion de HFSQL Client/Serveur (syntaxe préfixée)	1	1
<Variable Connexion>.InfoServeur	1000022682	gestion de HFSQL Client/Serveur (syntaxe préfixée)	1	1
<Variable Connexion>.InfoTâche	1000022686	gestion de HFSQL Client/Serveur (syntaxe préfixée)	1	1
<Variable Connexion>.InfoUtilisateur	1000022687	gestion de HFSQL Client/Serveur (syntaxe préfixée)	1	1
<Variable Connexion>.InfoVue	1000022688	gestion de HFSQL Client/Serveur (syntaxe préfixée)	1	1
<Variable Connexion>.InterditAccèsBaseDeDonnées	1000022690	gestion de HFSQL Client/Serveur (syntaxe préfixée)	1	1
<Variable Connexion>.ListeBaseDeDonnées	1000022692	gestion de HFSQL Client/Serveur (syntaxe préfixée)	1	1
<Variable Connexion>.ListeElémentStocké	1000022693	gestion de HFSQL Client/Serveur (syntaxe préfixée)	1	1
<Variable Connexion>.ListeFichiersSurveillés	1410090429	gestion de HFSQL Client/Serveur (syntaxe préfixée)	0	1
<Variable Connexion>.ListeGroupe	1000022694	gestion de HFSQL Client/Serveur (syntaxe préfixée)	1	1
<Variable Connexion>.ListeHistoriquePlanification	1410090890	gestion de HFSQL Client/Serveur (syntaxe préfixée)	0	1
<Variable Connexion>.ListeOptimisationPlanifiée	1000022695	gestion de HFSQL Client/Serveur (syntaxe préfixée)	1	1
<Variable Connexion>.ListeParamètre	1000022697	gestion de HFSQL Client/Serveur (syntaxe préfixée)	1	1
<Variable Connexion>.ListePlanification	1000022698	gestion de HFSQL Client/Serveur (syntaxe préfixée)	1	1
<Variable Connexion>.ListeSauvegardePlanifiée	1000022699	gestion de HFSQL Client/Serveur (syntaxe préfixée)	1	1
<Variable Connexion>.ListeTâche	1000022700	gestion de HFSQL Client/Serveur (syntaxe préfixée)	1	1
<Variable Connexion>.ListeUtilisateur	1000022701	gestion de HFSQL Client/Serveur (syntaxe préfixée)	1	1
<Variable Connexion>.MaintenanceServeur	1000022702	gestion de HFSQL Client/Serveur (syntaxe préfixée)	1	1
<Variable Connexion>.MiseAJourCollection	1000022704	gestion de HFSQL Client/Serveur (syntaxe préfixée)	1	1
<Variable Connexion>.MiseAJourRequête	1000022705	gestion de HFSQL Client/Serveur (syntaxe préfixée)	1	1
<Variable Connexion>.MiseAJourVue	1000022706	gestion de HFSQL Client/Serveur (syntaxe préfixée)	1	1
<Variable Connexion>.ModifieDroitBaseDeDonnées	1000022707	gestion de HFSQL Client/Serveur (syntaxe préfixée)	1	1
<Variable Connexion>.ModifieDroitFichier	1000022709	gestion de HFSQL Client/Serveur (syntaxe préfixée)	1	1
<Variable Connexion>.ModifieDroitRubrique	1410090544	gestion de HFSQL Client/Serveur (syntaxe préfixée)	0	1
<Variable Connexion>.ModifieDroitServeur	1000022710	gestion de HFSQL Client/Serveur (syntaxe préfixée)	1	1
<Variable Connexion>.ModifieDroitVue	1000022711	gestion de HFSQL Client/Serveur (syntaxe préfixée)	1	1
<Variable Connexion>.ModifieGroupe	1000022714	gestion de HFSQL Client/Serveur (syntaxe préfixée)	1	1
<Variable Connexion>.ModifieOptimisationPlanifiée	1000022715	gestion de HFSQL Client/Serveur (syntaxe préfixée)	1	1
<Variable Connexion>.ModifiePlanification	1000022716	gestion de HFSQL Client/Serveur (syntaxe préfixée)	1	1
<Variable Connexion>.ModifiePropriétéBaseDeDonnées	1000022717	gestion de HFSQL Client/Serveur (syntaxe préfixée)	1	1
<Variable Connexion>.ModifiePropriétéFichier	1000022718	gestion de HFSQL Client/Serveur (syntaxe préfixée)	0	1
<Variable Connexion>.ModifiePropriétéServeur	1000022720	gestion de HFSQL Client/Serveur (syntaxe préfixée)	1	1
<Variable Connexion>.ModifieSauvegardePlanifiée	1000022721	gestion de HFSQL Client/Serveur (syntaxe préfixée)	1	1
<Variable Connexion>.ModifieTâche	1000022722	gestion de HFSQL Client/Serveur (syntaxe préfixée)	1	1
<Variable Connexion>.ModifieUtilisateur	1000022723	gestion de HFSQL Client/Serveur (syntaxe préfixée)	1	1
<Variable Connexion>.NotifAjouteDestinataireCC	1000022724	gestion de HFSQL Client/Serveur (syntaxe préfixée)	1	1
<Variable Connexion>.NotifAjouteDestinataireEmail	1000022725	gestion de HFSQL Client/Serveur (syntaxe préfixée)	1	1
<Variable Connexion>.NotifConfigure	1000022726	gestion de HFSQL Client/Serveur (syntaxe préfixée)	1	1
<Variable Connexion>.NotifListeDestinataireCC	1000022727	gestion de HFSQL Client/Serveur (syntaxe préfixée)	1	1
<Variable Connexion>.NotifListeDestinataireEmail	1000022729	gestion de HFSQL Client/Serveur (syntaxe préfixée)	1	1
<Variable Connexion>.NotifSupprimeDestinataireCC	1000022731	gestion de HFSQL Client/Serveur (syntaxe préfixée)	1	1
<Variable Connexion>.NotifSupprimeDestinataireEmail	1000022733	gestion de HFSQL Client/Serveur (syntaxe préfixée)	1	1
<Variable Connexion>.OpérationEncours	1000022745	gestion de HFSQL Client/Serveur (syntaxe préfixée)	1	1
<Variable Connexion>.OuvreConnexion	1000023962	gestion HFSQL (syntaxe préfixée)	1	1
<Variable Connexion>.PolitiqueSécuritéDébloqueCompte	1410091327	gestion de HFSQL Client/Serveur (syntaxe préfixée)	0	1
<Variable Connexion>.PolitiqueSécuritéModifie	1410091328	gestion de HFSQL Client/Serveur (syntaxe préfixée)	0	1
<Variable Connexion>.PolitiqueSécuritéRécupère	1410086666	gestion de HFSQL Client/Serveur (syntaxe préfixée)	0	1
<Variable Connexion>.PolitiqueSécuritéVérifie	1410091329	gestion de HFSQL Client/Serveur (syntaxe préfixée)	0	1
<Variable Connexion>.Priorité	1000022746	gestion de HFSQL Client/Serveur (syntaxe préfixée)	1	1
<Variable Connexion>.PrioritéClient	1000022747	gestion de HFSQL Client/Serveur (syntaxe préfixée)	1	1
<Variable Connexion>.QualitéConnexion	1000022748	gestion de HFSQL Client/Serveur (syntaxe préfixée)	1	1
<Variable Connexion>.RafraîchitVue	1000023963	gestion HFSQL (syntaxe préfixée)	1	1
<Variable Connexion>.RécupèreLog	1000022749	gestion de HFSQL Client/Serveur (syntaxe préfixée)	1	1
<Variable Connexion>.RécupèreSauvegarde	1000022750	gestion de HFSQL Client/Serveur (syntaxe préfixée)	1	1
<Variable Connexion>.RégénèreFichier	1000023964	gestion HFSQL (syntaxe préfixée)	1	1
<Variable Connexion>.RestaureSauvegarde	1000022751	gestion de HFSQL Client/Serveur (syntaxe préfixée)	1	1
<Variable Connexion>.RSAjouteConfig	1000023471		1	1
<Variable Connexion>.RSAttendTraitementDonnées	1000023528		1	1
<Variable Connexion>.RSDéclenche	1000023529		1	1
<Variable Connexion>.RSIgnoreErreur	1410090601		0	1
<Variable Connexion>.RSInfo	1000023536		1	1
<Variable Connexion>.RSInit	1000023550		1	1
<Variable Connexion>.RSListeConfig	1000023554		1	1
<Variable Connexion>.RSModifieConfig	1000023574		1	1
<Variable Connexion>.RSSupprimeConfig	1000023579		1	1
<Variable Connexion>.RSTransformeSpareEnServeur	1410091036		0	1
<Variable Connexion>.Sauvegarde	1000022752	gestion de HFSQL Client/Serveur (syntaxe préfixée)	1	1
<Variable Connexion>.SauveParamètre	1000022753	gestion de HFSQL Client/Serveur (syntaxe préfixée)	1	1
<Variable Connexion>.SimuleRéseau	1000022754	gestion de HFSQL Client/Serveur (syntaxe préfixée)	1	1
<Variable Connexion>.SupprimeBaseDeDonnées	1000022755	gestion de HFSQL Client/Serveur (syntaxe préfixée)	1	1
<Variable Connexion>.SupprimeCollection	1000022756	gestion de HFSQL Client/Serveur (syntaxe préfixée)	1	1
<Variable Connexion>.SupprimeFichier	1000022757	gestion de HFSQL Client/Serveur (syntaxe préfixée)	1	1
<Variable Connexion>.SupprimeGroupe	1000022758	gestion de HFSQL Client/Serveur (syntaxe préfixée)	1	1
<Variable Connexion>.SupprimeHistoriquePlanification	1410090891	gestion de HFSQL Client/Serveur (syntaxe préfixée)	0	1
<Variable Connexion>.SupprimeLiaison	1000022759	gestion de HFSQL Client/Serveur (syntaxe préfixée)	1	1
<Variable Connexion>.SupprimeOptimisationPlanifiée	1000022760	gestion de HFSQL Client/Serveur (syntaxe préfixée)	1	1
<Variable Connexion>.SupprimeParamètre	1000022761	gestion de HFSQL Client/Serveur (syntaxe préfixée)	1	1
<Variable Connexion>.SupprimePlanification	1000022762	gestion de HFSQL Client/Serveur (syntaxe préfixée)	1	1
<Variable Connexion>.SupprimeRépertoire	1000022763	gestion de HFSQL Client/Serveur (syntaxe préfixée)	1	1
<Variable Connexion>.SupprimeRequête	1000022764	gestion de HFSQL Client/Serveur (syntaxe préfixée)	1	1
<Variable Connexion>.SupprimeSauvegarde	1000022765	gestion de HFSQL Client/Serveur (syntaxe préfixée)	1	1
<Variable Connexion>.SupprimeSauvegardePlanifiée	1000022766	gestion de HFSQL Client/Serveur (syntaxe préfixée)	1	1
<Variable Connexion>.SupprimeTâche	1000022767	gestion de HFSQL Client/Serveur (syntaxe préfixée)	1	1
<Variable Connexion>.SupprimeUtilisateur	1000022769	gestion de HFSQL Client/Serveur (syntaxe préfixée)	1	1
<Variable Connexion>.SupprimeVue	1410088611	gestion de HFSQL Client/Serveur (syntaxe préfixée)	0	1
<Variable Connexion>.Transaction	1000023965	gestion HFSQL (syntaxe préfixée)	1	1
<Variable Connexion>.TransactionAnnule	1000023966	gestion HFSQL (syntaxe préfixée)	1	1
<Variable Connexion>.TransactionDébut	1000023967	gestion HFSQL (syntaxe préfixée)	1	1
<Variable Connexion>.TransactionFin	1000023968	gestion HFSQL (syntaxe préfixée)	1	1
<Variable Connexion>.TransactionIsolation	1000022770	gestion de HFSQL Client/Serveur (syntaxe préfixée)	1	1
<Variable Connexion>.TransactionListe	1000022771	gestion de HFSQL Client/Serveur (syntaxe préfixée)	1	1
<Variable Connexion>.TransactionPointDeSauvegarde	1410087876	gestion de HFSQL Client/Serveur (syntaxe préfixée)	0	1
<Variable Connexion>.TransactionRetourneAuPointDeSauvegarde	1410087877	gestion de HFSQL Client/Serveur (syntaxe préfixée)	0	1
<Variable Connexion>.VérifieMiseAJourServeur	1000022772	gestion de HFSQL Client/Serveur (syntaxe préfixée)	1	1
<Variable diagBibliothèque>.ChargeBibliothèque	1410088685	gestion des diagrammes (syntaxe préfixée)	0	1
<Variable diagForme>.VersImage	1410088686	gestion des diagrammes (syntaxe préfixée)	0	1
<Variable Diagramme>.Charge	1410088669	gestion des diagrammes (syntaxe préfixée)	0	1
<Variable Diagramme>.DébutModification	1410088877	gestion des diagrammes (syntaxe préfixée)	0	1
<Variable Diagramme>.FinModification	1410088878	gestion des diagrammes (syntaxe préfixée)	0	1
<Variable Diagramme>.Recherche	1410089986	gestion des diagrammes (syntaxe préfixée)	0	1
<Variable Diagramme>.Sauve	1410089987	gestion des diagrammes (syntaxe préfixée)	0	1
<Variable Diagramme>.VersImage	1410088690	gestion des diagrammes (syntaxe préfixée)	0	1
<Variable Diagramme>.VersSVG	1410088880	gestion des diagrammes (syntaxe préfixée)	0	1
<Variable docElément>.ChangeAltitude	1000024413	gestion du champ Traitement de texte (syntaxe objet)	1	0
<Variable docFragment>.Ajoute	1000024505	gestion du champ Traitement de texte (syntaxe préfixée)	1	1
<Variable docFragment>.EffaceMiseEnForme	1410090631	gestion du champ Traitement de texte (syntaxe préfixée)	0	1
<Variable docFragment>.Insère	1000024512	gestion du champ Traitement de texte (syntaxe préfixée)	1	1
<Variable docFragment>.InsèreTableau	1000024514	gestion du champ Traitement de texte (syntaxe préfixée)	1	1
<Variable Document>.Ajoute	1000024506	gestion du champ Traitement de texte (syntaxe préfixée)	1	1
<Variable Document>.DébutModification	1000024507	gestion du champ Traitement de texte (syntaxe préfixée)	1	1
<Variable Document>.Ferme	1000024508	gestion du champ Traitement de texte (syntaxe préfixée)	1	1
<Variable Document>.FinModification	1000024510	gestion du champ Traitement de texte (syntaxe préfixée)	1	1
<Variable Document>.Imprime	1000024511	gestion du champ Traitement de texte (syntaxe préfixée)	1	1
<Variable Document>.Insère	1000024513	gestion du champ Traitement de texte (syntaxe préfixée)	1	1
<Variable Document>.InsèreTableau	1000024515	gestion du champ Traitement de texte (syntaxe préfixée)	1	1
<Variable Document>.Recherche	1000024519	gestion du champ Traitement de texte (syntaxe préfixée)	1	1
<Variable Document>.Redo	1000024534	gestion du champ Traitement de texte (syntaxe préfixée)	1	1
<Variable Document>.RedoOccurrence	1000024535	gestion du champ Traitement de texte (syntaxe préfixée)	1	1
<Variable Document>.Remplace	1000024536	gestion du champ Traitement de texte (syntaxe préfixée)	1	1
<Variable Document>.Sauve	1000024537	gestion du champ Traitement de texte (syntaxe préfixée)	1	1
<Variable Document>.Undo	1000024538	gestion du champ Traitement de texte (syntaxe préfixée)	1	1
<Variable Document>.UndoOccurrence	1000024539	gestion du champ Traitement de texte (syntaxe préfixée)	1	1
<Variable Document>.UndoRedoSupprimeTout	1000024540	gestion du champ Traitement de texte (syntaxe préfixée)	1	1
<Variable Document>.VersHTML	1000024541	gestion du champ Traitement de texte (syntaxe préfixée)	1	1
<Variable Document>.VersImage	1000024542	gestion du champ Traitement de texte (syntaxe préfixée)	1	1
<Variable Document>.VersTexte	1000024543	gestion du champ Traitement de texte (syntaxe préfixée)	1	1
<Variable Drive>.CopieFichier	1410090349	gestion des drives : OneDrive, Google Drive, Dropbox (syntaxe préfixée)	0	1
<Variable Drive>.CopieRépertoire	1410090351	gestion des drives : OneDrive, Google Drive, Dropbox (syntaxe préfixée)	0	1
<Variable Drive>.CréeFichier	1410090352	gestion des drives : OneDrive, Google Drive, Dropbox (syntaxe préfixée)	0	1
<Variable Drive>.CréeRépertoire	1410090353	gestion des drives : OneDrive, Google Drive, Dropbox (syntaxe préfixée)	0	1
<Variable Drive>.DéplaceFichier	1410090354	gestion des drives : OneDrive, Google Drive, Dropbox (syntaxe préfixée)	0	1
<Variable Drive>.DéplaceRépertoire	1410090356	gestion des drives : OneDrive, Google Drive, Dropbox (syntaxe préfixée)	0	1
<Variable Drive>.EnvoieFichier	1410090357	gestion des drives : OneDrive, Google Drive, Dropbox (syntaxe préfixée)	0	1
<Variable Drive>.EnvoieRépertoire	1410090358	gestion des drives : OneDrive, Google Drive, Dropbox (syntaxe préfixée)	0	1
<Variable Drive>.ListeFichier	1410090359	gestion des drives : OneDrive, Google Drive, Dropbox (syntaxe préfixée)	0	1
<Variable Drive>.ListeRépertoire	1410090361	gestion des drives : OneDrive, Google Drive, Dropbox (syntaxe préfixée)	0	1
<Variable Drive>.RécupèreFichier	1410090362	gestion des drives : OneDrive, Google Drive, Dropbox (syntaxe préfixée)	0	1
<Variable Drive>.RécupèreRépertoire	1410090364	gestion des drives : OneDrive, Google Drive, Dropbox (syntaxe préfixée)	0	1
<Variable Drive>.Renomme	1410090365	gestion des drives : OneDrive, Google Drive, Dropbox (syntaxe préfixée)	0	1
<Variable Drive>.SupprimeFichier	1410090368	gestion des drives : OneDrive, Google Drive, Dropbox (syntaxe préfixée)	0	1
<Variable Drive>.SupprimeRépertoire	1410090369	gestion des drives : OneDrive, Google Drive, Dropbox (syntaxe préfixée)	0	1
<Variable Email>.ChargeFichierAttaché	1000022277	gestion des emails (syntaxe préfixée)	1	1
<Variable Email>.ConstruitSource	1000022278	gestion des emails (syntaxe préfixée)	1	1
<Variable Email>.ExporteHTML	1000026178	gestion des emails (syntaxe préfixée)	0	1
<Variable Email>.ImporteHTML	1000022287	gestion des emails (syntaxe préfixée)	1	1
<Variable Email>.ImporteSource	1000022288	gestion des emails (syntaxe préfixée)	1	1
<Variable emailAttache>.SauveFichierAttaché	1000022289	gestion des emails (syntaxe préfixée)	1	1
<Variable emailSessionIMAP>.AbonneAuDossier	1410091167	gestion des emails (syntaxe préfixée)	0	1
<Variable emailSessionIMAP>.AjouteDossier	1000022273	gestion des emails (syntaxe préfixée)	1	1
<Variable emailSessionIMAP>.ChangeDossier	1000022275	gestion des emails (syntaxe préfixée)	1	1
<Variable emailSessionIMAP>.ChangeEtat	1000022313	gestion des emails (syntaxe préfixée)	1	1
<Variable emailSessionIMAP>.DésabonneDuDossier	1410091267	gestion des emails (syntaxe préfixée)	0	1
<Variable emailSessionIMAP>.Détruit	1000022279	gestion des emails (syntaxe préfixée)	1	1
<Variable emailSessionIMAP>.DossierCourant	1000022280	gestion des emails (syntaxe préfixée)	1	1
<Variable emailSessionIMAP>.ExécuteCommande	1410091166	gestion des emails (syntaxe préfixée)	0	1
<Variable emailSessionIMAP>.FermeSession	1000022282	gestion des emails (syntaxe préfixée)	1	1
<Variable emailSessionIMAP>.ListeDossier	1000022290	gestion des emails (syntaxe préfixée)	1	1
<Variable emailSessionIMAP>.NbMessage	1000022297	gestion des emails (syntaxe préfixée)	1	1
<Variable emailSessionIMAP>.OuvreSession	1000022304	gestion des emails (syntaxe préfixée)	1	1
<Variable emailSessionIMAP>.SupprimeDossier	1000022299	gestion des emails (syntaxe préfixée)	1	1
<Variable emailSessionNotes>.EnvoieMessage	1000022316	gestion des emails (syntaxe préfixée)	0	1
<Variable emailSessionNotes>.FermeSession	1000022285	gestion des emails (syntaxe préfixée)	1	1
<Variable emailSessionNotes>.NbMessage	1000022295	gestion des emails (syntaxe préfixée)	1	1
<Variable EmailSessionNotes>.OuvreSession	1000022303	gestion des emails (syntaxe préfixée)	1	1
<Variable EmailSessionNotes>.RécupèreTout	1000022309	gestion des emails (syntaxe préfixée)	1	1
<Variable emailSessionOutlook>.AjouteDossier	1000022274	gestion des emails (syntaxe préfixée)	1	1
<Variable emailSessionOutlook>.ChangeDossier	1000022276	gestion des emails (syntaxe préfixée)	1	1
<Variable emailSessionOutlook>.ChangeEtat	1000022312	gestion des emails (syntaxe préfixée)	1	1
<Variable emailSessionOutlook>.DossierCourant	1000022281	gestion des emails (syntaxe préfixée)	1	1
<Variable emailSessionOutlook>.EnvoieMessage	1000022315	gestion des emails (syntaxe préfixée)	0	1
<Variable emailSessionOutlook>.FermeSession	1000022284	gestion des emails (syntaxe préfixée)	1	1
<Variable emailSessionOutlook>.ListeDossier	1000022291	gestion des emails (syntaxe préfixée)	1	1
<Variable EmailSessionOutlook>.MiseAJour	1000022293	gestion des emails (syntaxe préfixée)	1	1
<Variable emailSessionOutlook>.NbMessage	1000022296	gestion des emails (syntaxe préfixée)	1	1
<Variable EmailSessionOutlook>.OuvreSession	1000022302	gestion des emails (syntaxe préfixée)	1	1
<Variable EmailSessionOutlook>.RécupèreTout	1000022307	gestion des emails (syntaxe préfixée)	1	1
<Variable emailSessionOutlook>.SupprimeDossier	1000022300	gestion des emails (syntaxe préfixée)	1	1
<Variable emailSessionPOP3>.FermeSession	1000022283	gestion des emails (syntaxe préfixée)	1	1
<Variable emailSessionPOP3>.NbMessage	1000022298	gestion des emails (syntaxe préfixée)	1	1
<Variable emailSessionPOP3>.OuvreSession	1000022305	gestion des emails (syntaxe préfixée)	1	1
<Variable EmailSessionPOP3>.RécupèreTout	1000022310	gestion des emails (syntaxe préfixée)	1	1
<Variable emailSessionSMTP>.EnvoieMessage	1000022314	gestion des emails (syntaxe préfixée)	0	1
<Variable emailSessionSMTP>.FermeSession	1000022286	gestion des emails (syntaxe préfixée)	1	1
<Variable emailSessionSMTP>.OuvreSession	1000022306	gestion des emails (syntaxe préfixée)	1	1
<Variable fbSession>.Etat	1000021942	Facebook (syntaxe préfixée)	1	1
<Variable fbSession>.Ferme	1000021943	Facebook (syntaxe préfixée)	1	1
<Variable fbSession>.Ouvre	1000021944	Facebook (syntaxe préfixée)	1	1
<Variable fbSession>.RécupèreInformationUtilisateur	1000021945	Facebook (syntaxe préfixée)	1	1
<Variable fbSession>.Requête	1000021946	Facebook (syntaxe préfixée)	1	1
<Variable FichierDisque>.Bloque	1410089037	gestion des répertoires et des fichiers externes (syntaxe préfixée)	0	1
<Variable FichierDisque>.ChangeTaille	1410089038	gestion des répertoires et des fichiers externes (syntaxe préfixée)	0	1
<Variable FichierDisque>.Cherche	1410089039	gestion des répertoires et des fichiers externes (syntaxe préfixée)	0	1
<Variable FichierDisque>.Crée	1410090211	gestion des répertoires et des fichiers externes (syntaxe préfixée)	0	1
<Variable FichierDisque>.Débloque	1410089040	gestion des répertoires et des fichiers externes (syntaxe préfixée)	0	1
<Variable FichierDisque>.Ecrit	1410089041	gestion des répertoires et des fichiers externes (syntaxe préfixée)	0	1
<Variable FichierDisque>.EcritLigne	1410089042	gestion des répertoires et des fichiers externes (syntaxe préfixée)	0	1
<Variable FichierDisque>.Ferme	1410089043	gestion des répertoires et des fichiers externes (syntaxe préfixée)	0	1
<Variable FichierDisque>.Lit	1410089044	gestion des répertoires et des fichiers externes (syntaxe préfixée)	0	1
<Variable FichierDisque>.LitLigne	1410089045	gestion des répertoires et des fichiers externes (syntaxe préfixée)	0	1
<Variable FichierDisque>.LitLigneExpressionRégulière	1410089046	gestion des répertoires et des fichiers externes (syntaxe préfixée)	0	1
<Variable FichierDisque>.NomFichier	1410089047	gestion des répertoires et des fichiers externes (syntaxe préfixée)	0	1
<Variable FichierDisque>.Ouvre	1410090197	gestion des répertoires et des fichiers externes (syntaxe préfixée)	0	1
<Variable FichierDisque>.OuvreFichierTemp	1410090203	gestion des répertoires et des fichiers externes (syntaxe préfixée)	0	1
<Variable FichierDisque>.Positionne	1410089048	gestion des répertoires et des fichiers externes (syntaxe préfixée)	0	1
<Variable FichierDisque>.Taille	1410089049	gestion des répertoires et des fichiers externes (syntaxe préfixée)	0	1
<Variable File>.Défile	1000019585	gestion des files, des piles et des listes (syntaxe préfixée)	1	1
<Variable File>.Enfile	1000019586	gestion des files, des piles et des listes (syntaxe préfixée)	1	1
<Variable File>.Info	1000019587	gestion des files, des piles et des listes (syntaxe préfixée)	1	1
<Variable ftpConnexion>.Attribut	1410091117	FTP Standard (syntaxe préfixée)	0	1
<Variable ftpConnexion>.Commande	1410091118	FTP Standard (syntaxe préfixée)	0	1
<Variable ftpConnexion>.Connecte	1410091119	FTP Standard (syntaxe préfixée)	0	1
<Variable ftpConnexion>.Date	1410091120	FTP Standard (syntaxe préfixée)	0	1
<Variable ftpConnexion>.DateHeure	1410091121	FTP Standard (syntaxe préfixée)	0	1
<Variable ftpConnexion>.Déconnecte	1410091122	FTP Standard (syntaxe préfixée)	0	1
<Variable ftpConnexion>.Envoie	1410091123	FTP Standard (syntaxe préfixée)	0	1
<Variable ftpConnexion>.FichierExiste	1410091124	FTP Standard (syntaxe préfixée)	0	1
<Variable ftpConnexion>.Heure	1410091125	FTP Standard (syntaxe préfixée)	0	1
<Variable ftpConnexion>.ListeFichier	1410091126	FTP Standard (syntaxe préfixée)	0	1
<Variable ftpConnexion>.Nom	1410091137	FTP Standard (syntaxe préfixée)	0	1
<Variable ftpConnexion>.Récupère	1410091127	FTP Standard (syntaxe préfixée)	0	1
<Variable ftpConnexion>.RécupèreFichier	1410091128	FTP Standard (syntaxe préfixée)	0	1
<Variable ftpConnexion>.RenommeFichier	1410091129	FTP Standard (syntaxe préfixée)	0	1
<Variable ftpConnexion>.RepCrée	1410091130	FTP Standard (syntaxe préfixée)	0	1
<Variable ftpConnexion>.RepEnCours	1410091131	FTP Standard (syntaxe préfixée)	0	1
<Variable ftpConnexion>.RepExiste	1410091282	FTP Standard (syntaxe préfixée)	0	1
<Variable ftpConnexion>.RepSupprime	1410091132	FTP Standard (syntaxe préfixée)	0	1
<Variable ftpConnexion>.SupprimeFichier	1410091133	FTP Standard (syntaxe préfixée)	0	1
<Variable ftpConnexion>.Taille	1410091134	FTP Standard (syntaxe préfixée)	0	1
<Variable gglConnexion>.Connecte	1000021455		1	1
<Variable gglConnexion>.Déconnecte	1000021459		1	1
<Variable gglConnexion>.Ecrit	1000021460	gestion des agendas Google (syntaxe préfixée)	1	1
<Variable gglConnexion>.EnvoieDocument	1000020424	gestion des documents Google (syntaxe préfixée)	1	1
<Variable gglConnexion>.ListeAgenda	1000017747	gestion des agendas Google (syntaxe préfixée)	1	1
<Variable gglConnexion>.ListeAlbum	1000018564	gestion des albums Picasa (syntaxe objet)	1	0
<Variable gglConnexion>.ListeCommentaire	1000018566	gestion des albums Picasa (syntaxe objet)	1	0
<Variable gglConnection>.ListeContact	1000017757	gestion des contacts Google (syntaxe préfixée)	1	1
<Variable gglConnection>.ListeContactParRequête	1000017758	gestion des contacts Google (syntaxe préfixée)	1	1
<Variable gglConnexion>.ListeDocument	1000020436	gestion des documents Google (syntaxe préfixée)	1	1
<Variable gglConnection>.ListeGroupeContact	1000017759	gestion des contacts Google (syntaxe préfixée)	1	1
<Variable gglConnexion>.ListePhoto	1000018567	gestion des albums Picasa (syntaxe objet)	1	0
<Variable gglConnexion>.ListeTag	1000018568	gestion des albums Picasa (syntaxe objet)	1	0
<Variable gglConnexion>.RécupèreAgenda	1000017748	gestion des agendas Google (syntaxe préfixée)	1	1
<Variable gglConnexion>.RécupèreAlbum	1000018569	gestion des albums Picasa (syntaxe objet)	1	0
<Variable gglConnexion>.RécupèreDocument	1000020437	gestion des documents Google (syntaxe préfixée)	1	1
<Variable gglConnexion>.RemplitAgenda	1000017749	gestion des agendas Google (syntaxe préfixée)	1	1
<Variable gglConnexion>.RemplitAgendaParRequête	1000017750	gestion des agendas Google (syntaxe préfixée)	1	1
<Variable gglConnexion>.RemplitAlbum	1000018571	gestion des albums Picasa (syntaxe objet)	1	0
<Variable gglConnexion>.RemplitPhoto	1000018570	gestion des albums Picasa (syntaxe objet)	1	0
<Variable gglConnexion>.Requête	1000021462	gestion des agendas Google (syntaxe préfixée)	1	1
<Variable gglConnexion>.Supprime	1000021461	gestion des agendas Google (syntaxe préfixée)	1	1
<Variable gglDrive>.CopieFichier	1410090350	gestion des drives : OneDrive, Google Drive, Dropbox (syntaxe préfixée)	0	1
<Variable gglDrive>.DéplaceFichier	1410090355	gestion des drives : OneDrive, Google Drive, Dropbox (syntaxe préfixée)	0	1
<Variable gglDrive>.ListeFichierGgl	1410090360	gestion des drives : OneDrive, Google Drive, Dropbox (syntaxe préfixée)	0	1
<Variable gglDrive>.RécupèreFichierGgl	1410090363	gestion des drives : OneDrive, Google Drive, Dropbox (syntaxe préfixée)	0	1
<Variable gglDrive>.Renomme	1410090366	gestion des drives : OneDrive, Google Drive, Dropbox (syntaxe préfixée)	0	1
<Variable gglDrive>.SupprimeFichier	1410090367	gestion des drives : OneDrive, Google Drive, Dropbox (syntaxe préfixée)	0	1
<Variable hdfsConnexion>.CopieDepuis	1000021980	HDFS (syntaxe préfixée)	1	1
<Variable hdfsConnexion>.CopieVers	1000021981	HDFS (syntaxe préfixée)	1	1
<Variable hdfsConnexion>.CréeRépertoire	1000021982	HDFS (syntaxe préfixée)	1	1
<Variable hdfsConnexion>.FermeConnexion	1000021983	HDFS (syntaxe préfixée)	1	1
<Variable hdfsConnexion>.Liste	1000021984	HDFS (syntaxe préfixée)	1	1
<Variable hdfsConnexion>.OuvreConnexion	1000021985	HDFS (syntaxe préfixée)	1	1
<Variable hdfsConnexion>.Renomme	1000021986	HDFS (syntaxe préfixée)	1	1
<Variable hdfsConnexion>.Supprime	1000021987	HDFS (syntaxe préfixée)	1	1
<Variable htmlDocument>.ChercheElémentParBalise	1000026312	gestion des documents HTML (syntaxe préfixée)	0	1
<Variable htmlDocument>.ChercheElémentParClasse	1000026314	gestion des documents HTML (syntaxe préfixée)	0	1
<Variable htmlDocument>.ChercheElémentParID	1000026316	gestion des documents HTML (syntaxe préfixée)	0	1
<Variable htmlDocument>.ChercheElémentParNom	1000026318	gestion des documents HTML (syntaxe préfixée)	0	1
<Variable htmlDocument>.ConstruitChaîne	1000026320	gestion des documents HTML (syntaxe préfixée)	0	1
<Variable htmlDocument>.Sauve	1000026321	gestion des documents HTML (syntaxe préfixée)	0	1
<Variable htmlNoeud>.ChercheElémentParBalise	1000026313	gestion des documents HTML (syntaxe préfixée)	0	1
<Variable htmlNoeud>.ChercheElémentParClasse	1000026315	gestion des documents HTML (syntaxe préfixée)	0	1
<Variable htmlNoeud>.ChercheElémentParID	1000026317	gestion des documents HTML (syntaxe préfixée)	0	1
<Variable htmlNoeud>.ChercheElémentParNom	1000026319	gestion des documents HTML (syntaxe préfixée)	0	1
<Variable htmlNoeud>.DésencadreTousLesFils	1410088108	gestion des documents HTML (syntaxe préfixée)	0	1
<Variable htmlNoeud>.Encadre	1410088117	gestion des documents HTML (syntaxe préfixée)	0	1
<Variable htmlNoeud>.EncadreTousLesFils	1410088109	gestion des documents HTML (syntaxe préfixée)	0	1
<Variable htmlNoeud>.InsèreAprès	1410088110	gestion des documents HTML (syntaxe préfixée)	0	1
<Variable htmlNoeud>.InsèreAvant	1410088111	gestion des documents HTML (syntaxe préfixée)	0	1
<Variable htmlNoeud>.InsèreDernierFils	1410088112	gestion des documents HTML (syntaxe préfixée)	0	1
<Variable htmlNoeud>.InsèrePremierFils	1410088113	gestion des documents HTML (syntaxe préfixée)	0	1
<Variable htmlNoeud>.ModifieAttribut	1410088114	gestion des documents HTML (syntaxe préfixée)	0	1
<Variable htmlNoeud>.Supprime	1410088115	gestion des documents HTML (syntaxe préfixée)	0	1
<Variable htmlNoeud>.SupprimeAttribut	1410088118	gestion des documents HTML (syntaxe préfixée)	0	1
<Variable htmlNoeud>.SupprimeFils	1410088116	gestion des documents HTML (syntaxe préfixée)	0	1
<Variable httpRéponse>.RécupèreCookie	1000021633	HTTP (syntaxe préfixée)	1	1
<Variable httpRequête>.EcritCookie	1000021607	HTTP (syntaxe préfixée)	1	1
<Variable httpRequête>.Envoie	1000021624	HTTP (syntaxe préfixée)	1	1
<Variable httpRequête>.EnvoieAsynchrone	1410091297	HTTP (syntaxe préfixée)	0	1
<Variable httpRequête>.GèreCookie	1000021608	HTTP (syntaxe préfixée)	1	1
<Variable httpRequête>.LitCookie	1000021621	HTTP (syntaxe préfixée)	1	1
<Variable httpRequête>.RAZCookie	1000021622	HTTP (syntaxe préfixée)	1	1
<Variable httpRequête>.RécupèreCookie	1000021627	HTTP (syntaxe préfixée)	1	1
<Variable httpRequête>.RemplaceCookie	1000021623	HTTP (syntaxe préfixée)	1	1
<Variable iaModèleRéseauDeNeurones>.Détecte	1410089809		0	1
<Variable Icône>.SauveICO	1000024343	dessin et de traitement des images (syntaxe préfixée)	1	1
<Variable Image>.ChangeMode	1000024039	dessin et de traitement des images (syntaxe préfixée)	1	1
<Variable Image>.Copie	1000024347	dessin et de traitement des images (syntaxe préfixée)	1	1
<Variable Image>.CouleurDominanteImage	1000024348	dessin et de traitement des images (syntaxe préfixée)	1	1
<Variable Image>.DébutDessin	1000024349	dessin et de traitement des images (syntaxe préfixée)	1	1
<Variable Image>.Découpe	1000024350	dessin et de traitement des images (syntaxe préfixée)	1	1
<Variable Image>.DessineArc	1000023983	dessin et de traitement des images (syntaxe préfixée)	1	1
<Variable Image>.DessineCadre	1000024019	dessin et de traitement des images (syntaxe préfixée)	1	1
<Variable Image>.DessineCercle	1000024038	dessin et de traitement des images (syntaxe préfixée)	1	1
<Variable Image>.DessineCorde	1000024040	dessin et de traitement des images (syntaxe préfixée)	1	1
<Variable Image>.DessineHalo	1000024359	dessin et de traitement des images (syntaxe préfixée)	1	1
<Variable Image>.DessineLigne	1000024230	dessin et de traitement des images (syntaxe préfixée)	1	1
<Variable Image>.DessineOmbre	1000024361	dessin et de traitement des images (syntaxe préfixée)	1	1
<Variable Image>.DessinePoint	1000024231	dessin et de traitement des images (syntaxe préfixée)	1	1
<Variable Image>.DessinePolygone	1000024233	dessin et de traitement des images (syntaxe préfixée)	1	1
<Variable Image>.DessinePolyligne	1000024234	dessin et de traitement des images (syntaxe préfixée)	1	1
<Variable Image>.DessinePortion	1000024235	dessin et de traitement des images (syntaxe préfixée)	1	1
<Variable Image>.DessineRectangle	1000024236	dessin et de traitement des images (syntaxe préfixée)	1	1
<Variable Image>.DessineRectangleArrondi	1000024237	dessin et de traitement des images (syntaxe préfixée)	1	1
<Variable Image>.DessineRectangleDégradé	1000024238	dessin et de traitement des images (syntaxe préfixée)	1	1
<Variable Image>.DessineTexte	1000024242	dessin et de traitement des images (syntaxe préfixée)	1	1
<Variable Image>.DessineTexteMarkdown	1410089254	dessin et de traitement des images (syntaxe préfixée)	0	1
<Variable Image>.DessineTexteRTF	1000024241	dessin et de traitement des images (syntaxe préfixée)	1	1
<Variable Image>.Différence	1410091284	dessin et de traitement des images (syntaxe préfixée)	0	1
<Variable Image>.Efface	1410090484	dessin et de traitement des images (syntaxe préfixée)	0	1
<Variable Image>.FinDessin	1000024351	dessin et de traitement des images (syntaxe préfixée)	1	1
<Variable Image>.Flou	1410089007	dessin et de traitement des images (syntaxe préfixée)	0	1
<Variable Image>.Fond	1000024056	dessin et de traitement des images (syntaxe préfixée)	1	1
<Variable Image>.Fusionne	1000024352	dessin et de traitement des images (syntaxe préfixée)	1	1
<Variable Image>.IncrusteCouleur	1000024360	dessin et de traitement des images (syntaxe préfixée)	1	1
<Variable Image>.InverseCouleur	1000024353	dessin et de traitement des images (syntaxe préfixée)	1	1
<Variable Image>.ModifieContraste	1410089004	dessin et de traitement des images (syntaxe préfixée)	0	1
<Variable Image>.ModifieLuminosité	1000024354	dessin et de traitement des images (syntaxe préfixée)	1	1
<Variable Image>.ModifieOpacité	1000024355	dessin et de traitement des images (syntaxe préfixée)	1	1
<Variable Image>.ModifieSaturation	1000024356	dessin et de traitement des images (syntaxe préfixée)	1	1
<Variable Image>.ModifieTeinte	1000024357	dessin et de traitement des images (syntaxe préfixée)	1	1
<Variable Image>.ModifieTSL	1000024358	dessin et de traitement des images (syntaxe préfixée)	1	1
<Variable Image>.PixelCouleur	1000024362	dessin et de traitement des images (syntaxe préfixée)	1	1
<Variable Image>.PixelOpacité	1000024363	dessin et de traitement des images (syntaxe préfixée)	1	1
<Variable Image>.Police	1000024232	dessin et de traitement des images (syntaxe préfixée)	1	1
<Variable Image>.Redimensionne	1000024364	dessin et de traitement des images (syntaxe préfixée)	1	1
<Variable Image>.Redresse	1410089482	dessin et de traitement des images (syntaxe préfixée)	0	1
<Variable Image>.Remplissage	1000024239	dessin et de traitement des images (syntaxe préfixée)	1	1
<Variable Image>.Rotation	1000024365	dessin et de traitement des images (syntaxe préfixée)	1	1
<Variable Image>.SauveBMP	1000024366	dessin et de traitement des images (syntaxe préfixée)	1	1
<Variable Image>.SauveGIF	1000024367	dessin et de traitement des images (syntaxe préfixée)	1	1
<Variable Image>.SauveJPEG	1000024368	dessin et de traitement des images (syntaxe préfixée)	1	1
<Variable Image>.SauvePNG	1000024369	dessin et de traitement des images (syntaxe préfixée)	1	1
<Variable Image>.Stylo	1000024240	dessin et de traitement des images (syntaxe préfixée)	1	1
<Variable Image>.SymétrieHorizontale	1000024370	dessin et de traitement des images (syntaxe préfixée)	1	1
<Variable Image>.SymétrieVerticale	1000024371	dessin et de traitement des images (syntaxe préfixée)	1	1
<Variable JSON>.VersChaîne	1410089810		0	1
<Variable JSON>.VersXML	1410087332		0	1
<Variable Liste>.Info	1000019588	gestion des files, des piles et des listes (syntaxe préfixée)	1	1
<Variable mongoBase>.CréeCollection	1000023612	MongoDB (syntaxe préfixée)	1	1
<Variable mongoBase>.ExécuteCommande	1000023636	MongoDB (syntaxe préfixée)	1	1
<Variable mongoBase>.Info	1000025396	MongoDB (syntaxe préfixée)	0	1
<Variable mongoBase>.SupprimeBase	1000025399	MongoDB (syntaxe préfixée)	0	1
<Variable mongoCollection>.Ajoute	1000025345	MongoDB (syntaxe préfixée)	0	1
<Variable mongoCollection>.Cherche	1000025356	MongoDB (syntaxe préfixée)	0	1
<Variable mongoCollection>.ExécuteCommande	1000023819	MongoDB (syntaxe préfixée)	1	1
<Variable mongoCollection>.ExécuteLotOpérations	1410089633	MongoDB (syntaxe préfixée)	0	1
<Variable mongoCollection>.ModifieTout	1000025397	MongoDB (syntaxe préfixée)	0	1
<Variable mongoCollection>.ModifieUn	1000025398	MongoDB (syntaxe préfixée)	0	1
<Variable mongoCollection>.SupprimeCollection	1000025400	MongoDB (syntaxe préfixée)	0	1
<Variable mongoCollection>.SupprimeTout	1000025401	MongoDB (syntaxe préfixée)	0	1
<Variable mongoCollection>.SupprimeUn	1000025402	MongoDB (syntaxe préfixée)	0	1
<Variable mongoGridFS>.EnvoieFichier	1000025357	MongoDB (syntaxe préfixée)	0	1
<Variable mongoGridFS>.ListeFichier	1000025358	MongoDB (syntaxe préfixée)	0	1
<Variable mongoGridFS>.RécupèreFichier	1000025391	MongoDB (syntaxe préfixée)	0	1
<Variable mongoGridFS>.RécupèreFichierParID	1000025392	MongoDB (syntaxe préfixée)	0	1
<Variable mongoGridFS>.RécupèreInfoFichier	1000025393	MongoDB (syntaxe préfixée)	0	1
<Variable mongoGridFS>.SupprimeFichier	1000025394	MongoDB (syntaxe préfixée)	0	1
<Variable mongoGridFS>.SupprimeFichierParID	1000025395	MongoDB (syntaxe préfixée)	0	1
<Variable mqttSession>.Abonne	1000023083	MQTT (syntaxe préfixée)	1	1
<Variable mqttSession>.Connecte	1000023084	MQTT (syntaxe préfixée)	1	1
<Variable mqttSession>.Déconnecte	1000023085	MQTT (syntaxe préfixée)	1	1
<Variable mqttSession>.Désabonne	1000023086	MQTT (syntaxe préfixée)	1	1
<Variable mqttSession>.DésabonneTout	1000023090	MQTT (syntaxe préfixée)	1	1
<Variable mqttSession>.Publie	1000023091	MQTT (syntaxe préfixée)	1	1
<Variable Notification>.Ajoute	1410090431	gestion du téléphone (syntaxe préfixée)	0	1
<Variable Notification>.Envoie	1410088028		0	1
<Variable Notification>.EnvoiePush	1410090433	gestion du téléphone (syntaxe préfixée)	0	1
<Variable Notification>.EnvoiePushAbonné	1410090479	gestion du téléphone (syntaxe préfixée)	0	1
<Variable Notification>.Modifie	1410090432	gestion du téléphone (syntaxe préfixée)	0	1
<Variable Notification>.Supprime	1410090434	gestion du téléphone (syntaxe préfixée)	0	1
<Variable Palette>.Charge	1410091000	Palette (syntaxe préfixée)	0	1
<Variable Palette>.Génère	1410091001	Palette (syntaxe préfixée)	0	1
<Variable Palette>.Sauve	1410091002	Palette (syntaxe préfixée)	0	1
<Variable pdfDocument>.AjouteFiligrane	1410087872	gestion des fichiers PDF (syntaxe préfixée)	0	1
<Variable pdfDocument>.Extrait	1410090636		0	1
<Variable pdfDocument>.ExtraitPage	1410090338	gestion des fichiers PDF (syntaxe préfixée)	0	1
<Variable pdfDocument>.NbSignature	1410088154	gestion des fichiers PDF (syntaxe préfixée)	0	1
<Variable pdfDocument>.RécupèreDateSignature	1410088157	gestion des fichiers PDF (syntaxe préfixée)	0	1
<Variable pdfDocument>.RécupèreSignature	1410088159	gestion des fichiers PDF (syntaxe préfixée)	0	1
<Variable pdfDocument>.Sauve	1410088160	gestion des fichiers PDF (syntaxe préfixée)	0	1
<Variable pdfDocument>.Signe	1410090339	gestion des fichiers PDF (syntaxe préfixée)	0	1
<Variable pdfDocument>.VérifieSignatures	1410091037	gestion des fichiers PDF (syntaxe préfixée)	0	1
<Variable pdfDocument>.VersTexte	1410090340	gestion des fichiers PDF (syntaxe préfixée)	0	1
<Variable pdfPage>.AjouteFiligrane	1410087871	gestion des fichiers PDF (syntaxe préfixée)	0	1
<Variable pdfPage>.AjouteImage	1410087875	gestion des fichiers PDF (syntaxe préfixée)	0	1
<Variable picCalque>.ChangeMode	1000024432	dessin et de traitement des images (syntaxe préfixée)	0	1
<Variable picCalque>.DébutDessin	1000024470	dessin et de traitement des images (syntaxe préfixée)	0	1
<Variable picCalque>.DessineArc	1000024939	dessin et de traitement des images (syntaxe préfixée)	0	1
<Variable picCalque>.DessineCercle	1000024940	dessin et de traitement des images (syntaxe préfixée)	0	1
<Variable picCalque>.DessineCorde	1000024469	dessin et de traitement des images (syntaxe préfixée)	0	1
<Variable picCalque>.DessineLigne	1000024495	dessin et de traitement des images (syntaxe préfixée)	0	1
<Variable picCalque>.DessinePoint	1000024500	dessin et de traitement des images (syntaxe préfixée)	0	1
<Variable picCalque>.DessinePolygone	1000024504	dessin et de traitement des images (syntaxe préfixée)	0	1
<Variable picCalque>.DessinePolyligne	1000024557	dessin et de traitement des images (syntaxe préfixée)	0	1
<Variable picCalque>.DessinePortion	1000024561	dessin et de traitement des images (syntaxe préfixée)	0	1
<Variable picCalque>.DessineRectangle	1000024564	dessin et de traitement des images (syntaxe préfixée)	0	1
<Variable picCalque>.DessineRectangleArrondi	1000024565	dessin et de traitement des images (syntaxe préfixée)	0	1
<Variable picCalque>.DessineRectangleDégradé	1000024581	dessin et de traitement des images (syntaxe préfixée)	0	1
<Variable picCalque>.DessineTexte	1000024657	dessin et de traitement des images (syntaxe préfixée)	0	1
<Variable picCalque>.DessineTexteMarkdown	1410089255	dessin et de traitement des images (syntaxe préfixée)	0	1
<Variable picCalque>.DessineTexteRTF	1000024862	dessin et de traitement des images (syntaxe préfixée)	0	1
<Variable picCalque>.Différence	1410091286	dessin et de traitement des images (syntaxe préfixée)	0	1
<Variable picCalque>.FinDessin	1000024473	dessin et de traitement des images (syntaxe préfixée)	0	1
<Variable picCalque>.Flou	1410089009	dessin et de traitement des images (syntaxe préfixée)	0	1
<Variable picCalque>.Fond	1000024480	dessin et de traitement des images (syntaxe préfixée)	0	1
<Variable picCalque>.Fusionne	1000024491	dessin et de traitement des images (syntaxe préfixée)	0	1
<Variable picCalque>.InverseCouleur	1000024492	dessin et de traitement des images (syntaxe préfixée)	0	1
<Variable picCalque>.PixelCouleur	1000024496	dessin et de traitement des images (syntaxe préfixée)	0	1
<Variable picCalque>.PixelOpacité	1000024499	dessin et de traitement des images (syntaxe préfixée)	0	1
<Variable picCalque>.Police	1000024503	dessin et de traitement des images (syntaxe préfixée)	0	1
<Variable picCalque>.Redimensionne	1000024582	dessin et de traitement des images (syntaxe préfixée)	0	1
<Variable picCalque>.Redresse	1410089483	dessin et de traitement des images (syntaxe préfixée)	0	1
<Variable picCalque>.Remplissage	1000024588	dessin et de traitement des images (syntaxe préfixée)	0	1
<Variable picCalque>.Rotation	1000024590	dessin et de traitement des images (syntaxe préfixée)	0	1
<Variable picCalque>.SymétrieHorizontale	1000024639	dessin et de traitement des images (syntaxe préfixée)	0	1
<Variable picCalque>.SymétrieVerticale	1000024642	dessin et de traitement des images (syntaxe préfixée)	0	1
<Variable picCaqlue>.Stylo	1000024637	dessin et de traitement des images (syntaxe préfixée)	0	1
<Variable Pile>.Dépile	1000019589	gestion des files, des piles et des listes (syntaxe préfixée)	1	1
<Variable Pile>.Empile	1000019590	gestion des files, des piles et des listes (syntaxe préfixée)	1	1
<Variable Pile>.Info	1000019639	gestion des files, des piles et des listes (syntaxe préfixée)	1	1
<Variable Polygone2D>.Aire	1410090517	gestion des données spatiales (syntaxe préfixée)	0	1
<Variable Polygone2D>.Chevauche	1410090519	gestion des données spatiales (syntaxe préfixée)	0	1
<Variable Polygone2D>.Contient	1410090522	gestion des données spatiales (syntaxe préfixée)	0	1
<Variable Polygone2D>.Corrige	1410090523	gestion des données spatiales (syntaxe préfixée)	0	1
<Variable Polygone2D>.Couvre	1410090526	gestion des données spatiales (syntaxe préfixée)	0	1
<Variable Polygone2D>.Croise	1410090527	gestion des données spatiales (syntaxe préfixée)	0	1
<Variable Polygone2D>.Différence	1410090530	gestion des données spatiales (syntaxe préfixée)	0	1
<Variable Polygone2D>.DifférenceSymétrique	1410090531	gestion des données spatiales (syntaxe préfixée)	0	1
<Variable Polygone2D>.Disjoint	1410090563	gestion des données spatiales (syntaxe préfixée)	0	1
<Variable Polygone2D>.Distance	1410090566	gestion des données spatiales (syntaxe préfixée)	0	1
<Variable Polygone2D>.Egale	1410090567	gestion des données spatiales (syntaxe préfixée)	0	1
<Variable Polygone2D>.EnveloppeConvexe	1410090588	gestion des données spatiales (syntaxe préfixée)	0	1
<Variable Polygone2D>.EstContenu	1410090571	gestion des données spatiales (syntaxe préfixée)	0	1
<Variable Polygone2D>.EstCouvert	1410090572	gestion des données spatiales (syntaxe préfixée)	0	1
<Variable Polygone2D>.EstValide	1410090575	gestion des données spatiales (syntaxe préfixée)	0	1
<Variable Polygone2D>.Intersecte	1410090576	gestion des données spatiales (syntaxe préfixée)	0	1
<Variable Polygone2D>.Intersection	1410090579	gestion des données spatiales (syntaxe préfixée)	0	1
<Variable Polygone2D>.Périmètre	1410090580	gestion des données spatiales (syntaxe préfixée)	0	1
<Variable Polygone2D>.SérialiseWKT	1410090583	gestion des données spatiales (syntaxe préfixée)	0	1
<Variable Polygone2D>.Touche	1410090584	gestion des données spatiales (syntaxe préfixée)	0	1
<Variable Polygone2D>.Union	1410090587	gestion des données spatiales (syntaxe préfixée)	0	1
<Variable PolygoneGéo>.Aire	1410090518	gestion des données spatiales (syntaxe préfixée)	0	1
<Variable PolygoneGéo>.Chevauche	1410090520	gestion des données spatiales (syntaxe préfixée)	0	1
<Variable PolygoneGéo>.Contient	1410090521	gestion des données spatiales (syntaxe préfixée)	0	1
<Variable PolygoneGéo>.Corrige	1410090524	gestion des données spatiales (syntaxe préfixée)	0	1
<Variable PolygoneGéo>.Couvre	1410090525	gestion des données spatiales (syntaxe préfixée)	0	1
<Variable PolygoneGéo>.Croise	1410090528	gestion des données spatiales (syntaxe préfixée)	0	1
<Variable PolygoneGéo>.Différence	1410090529	gestion des données spatiales (syntaxe préfixée)	0	1
<Variable PolygoneGéo>.DifférenceSymétrique	1410090532	gestion des données spatiales (syntaxe préfixée)	0	1
<Variable PolygoneGéo>.Disjoint	1410090564	gestion des données spatiales (syntaxe préfixée)	0	1
<Variable PolygoneGéo>.Distance	1410090565	gestion des données spatiales (syntaxe préfixée)	0	1
<Variable PolygoneGéo>.Egale	1410090568	gestion des données spatiales (syntaxe préfixée)	0	1
<Variable PolygoneGéo>.EnveloppeConvexe	1410090569	gestion des données spatiales (syntaxe préfixée)	0	1
<Variable PolygoneGéo>.EstContenu	1410090570	gestion des données spatiales (syntaxe préfixée)	0	1
<Variable PolygoneGéo>.EstCouvert	1410090573	gestion des données spatiales (syntaxe préfixée)	0	1
<Variable PolygoneGéo>.EstValide	1410090574	gestion des données spatiales (syntaxe préfixée)	0	1
<Variable PolygoneGéo>.Intersecte	1410090577	gestion des données spatiales (syntaxe préfixée)	0	1
<Variable PolygoneGéo>.Intersection	1410090578	gestion des données spatiales (syntaxe préfixée)	0	1
<Variable PolygoneGéo>.Périmètre	1410090581	gestion des données spatiales (syntaxe préfixée)	0	1
<Variable PolygoneGéo>.SérialiseWKT	1410090582	gestion des données spatiales (syntaxe préfixée)	0	1
<Variable PolygoneGéo>.Touche	1410090585	gestion des données spatiales (syntaxe préfixée)	0	1
<Variable PolygoneGéo>.Union	1410090586	gestion des données spatiales (syntaxe préfixée)	0	1
<Variable Polyligne2D>.AjoutePoint	1410090485	gestion des données spatiales (syntaxe préfixée)	0	1
<Variable PolyligneGéo>.AjoutePoint	1410090486	gestion des données spatiales (syntaxe préfixée)	0	1
<Variable redisConnexion>.Déconnecte	1410090488	gestion d'une base Big Data Redis (syntaxe préfixée)	0	1
<Variable restRequête>.Envoie	1410089811	HTTP (syntaxe préfixée)	0	1
<Variable Scanneur>.AvecInterfaceUtilisateur	1410087860	gestion des scanneurs (syntaxe préfixée)	0	1
<Variable Scanneur>.Capacité	1410088721	gestion des scanneurs (syntaxe préfixée)	0	1
<Variable Scanneur>.Propriété	1410087863	gestion des scanneurs (syntaxe préfixée)	0	1
<Variable Scanneur>.VersImage	1410087864	gestion des scanneurs (syntaxe préfixée)	0	1
<Variable Scanneur>.VersPDF	1410087866	gestion des scanneurs (syntaxe préfixée)	0	1
<Variable sfConnexion>.Ajoute	1000018753	Salesforce (syntaxe préfixée)	1	1
<Variable sfConnexion>.AvanceRequête	1000018754	Salesforce (syntaxe préfixée)	1	1
<Variable sfConnexion>.Connecte	1000018756	Salesforce (syntaxe préfixée)	1	1
<Variable sfConnexion>.ConvertitPiste	1000018757	Salesforce (syntaxe préfixée)	1	1
<Variable sfConnexion>.Déconnecte	1000018760	Salesforce (syntaxe préfixée)	1	1
<Variable sfConnexion>.ExécuteRequête	1000018762	Salesforce (syntaxe préfixée)	1	1
<Variable sfConnexion>.ExécuteTraitement	1000018766	Salesforce (syntaxe préfixée)	1	1
<Variable sfConnexion>.Fusionne	1000018769	Salesforce (syntaxe préfixée)	1	1
<Variable sfConnexion>.Lit	1000018770	Salesforce (syntaxe préfixée)	1	1
<Variable sfConnexion>.Modifie	1000018771	Salesforce (syntaxe préfixée)	1	1
<Variable sfConnexion>.Recherche	1000018772	Salesforce (syntaxe préfixée)	1	1
<Variable sfConnexion>.RechercheModifié	1000018773	Salesforce (syntaxe préfixée)	1	1
<Variable sfConnexion>.RechercheSupprimé	1000018774	Salesforce (syntaxe préfixée)	1	1
<Variable sfConnexion>.Restaure	1000018775	Salesforce (syntaxe préfixée)	1	1
<Variable sfConnexion>.Supprime	1000018776	Salesforce (syntaxe préfixée)	1	1
<Variable sfConnexion>.VideCorbeille	1000018778	Salesforce (syntaxe préfixée)	1	1
<Variable SignalAutomatique>.Attend	1000024380	gestion des threads (syntaxe préfixée)	1	1
<Variable SignalAutomatique>.Ferme	1000024383	gestion des threads (syntaxe préfixée)	1	1
<Variable SignalAutomatique>.Ouvre	1000024385	gestion des threads (syntaxe préfixée)	1	1
<Variable SignalManuel>.Attend	1000024381	gestion des threads (syntaxe préfixée)	1	1
<Variable SignalManuel>.Ferme	1000024382	gestion des threads (syntaxe préfixée)	1	1
<Variable SignalManuel>.Ouvre	1000024384	gestion des threads (syntaxe préfixée)	1	1
<Variable sshSession>.Commande	1410091176	SSH (syntaxe préfixée)	0	1
<Variable sshSession>.ConnecteCommande	1410091177	SSH (syntaxe préfixée)	0	1
<Variable sshSession>.ConnecteShell	1000021163	SSH (syntaxe préfixée)	1	1
<Variable sshSession>.DéconnecteCommande	1410091178	SSH (syntaxe préfixée)	0	1
<Variable sshSession>.DéconnecteShell	1000021164	SSH (syntaxe préfixée)	1	1
<Variable sshSession>.Ecrit	1000021166	SSH (syntaxe préfixée)	1	1
<Variable sshSession>.Lit	1000021167	SSH (syntaxe préfixée)	1	1
<Variable sshSession>.SCPEnvoieFichier	1410089494		0	1
<Variable sshSession>.SCPRécupèreFichier	1410089493		0	1
<Variable sysNotificationJauge>.Maj	1410091057		0	1
<Variable Tableau>.AjouteLigne	1000024300	gestion des tableaux (syntaxe objet)	1	0
<Variable Tableau>.AjouteTrié	1000024301	gestion des tableaux (syntaxe objet)	1	0
<Variable Tableau>.Cherche	1000024302	gestion des tableaux (syntaxe objet)	1	0
<Variable Tableau>.ChercheParProcédure	1000024303	gestion des tableaux (syntaxe objet)	1	0
<Variable Tableau>.Copie	1000024304	gestion des tableaux (syntaxe objet)	1	0
<Variable Tableau>.Déplace	1000024305	gestion des tableaux (syntaxe objet)	1	0
<Variable Tableau>.DéplaceLigne	1000024306	gestion des tableaux (syntaxe objet)	1	0
<Variable Tableau>.EchangeLigne	1000024307	gestion des tableaux (syntaxe objet)	1	0
<Variable Tableau>.Info	1000024308	gestion des tableaux (syntaxe objet)	1	0
<Variable Tableau>.Insère	1000024309	gestion des tableaux (syntaxe objet)	1	0
<Variable Tableau>.InsèreLigne	1000024310	gestion des tableaux (syntaxe objet)	1	0
<Variable Tableau>.Inverse	1000024311	gestion des tableaux (syntaxe objet)	1	0
<Variable Tableau>.Mélange	1000024312	gestion des tableaux (syntaxe objet)	1	0
<Variable Tableau>.Occurrence	1000024313	gestion des tableaux (syntaxe objet)	1	0
<Variable Tableau>.Supprime	1000024314	gestion des tableaux (syntaxe objet)	1	0
<Variable Tableau>.SupprimeDoublon	1000024315	gestion des tableaux (syntaxe objet)	1	0
<Variable Tableau>.SupprimeLigne	1000024316	gestion des tableaux (syntaxe objet)	1	0
<Variable Tableau>.SupprimeTout	1000024317	gestion des tableaux (syntaxe objet)	1	0
<Variable Tableau>.Trie	1000024318	gestion des tableaux (syntaxe objet)	1	0
<Variable Tableau/Liste>.Ajoute	1000024299	gestion des tableaux (syntaxe objet)	1	0
<Variable TâcheParallèle>.Attend	1000021604	gestion des tâches parallèles (syntaxe préfixée)	1	1
<Variable TâcheParallèle>.DemandeAnnulation	1000021605	gestion des tâches parallèles (syntaxe préfixée)	1	1
<Variable TâcheParallèle>.Exécute	1000021667	gestion des tâches parallèles (syntaxe préfixée)	0	1
<Variable TâcheParallèle>.ExécuteAprès	1000021668	gestion des tâches parallèles (syntaxe préfixée)	0	1
<Variable Thread>.Attend	1000024880	gestion des threads (syntaxe préfixée)	0	1
<Variable Tiff>.SauveTIFF	1000024346	dessin et de traitement des images (syntaxe préfixée)	1	1
<Variable upnpPériphérique>.MédiaArrêt	1000020979	DLNA / UPnP (syntaxe préfixée)	1	1
<Variable upnpPériphérique>.MédiaJoue	1000020985	DLNA / UPnP (syntaxe préfixée)	1	1
<Variable upnpPériphérique>.MédiaOuvre	1000020986	DLNA / UPnP (syntaxe préfixée)	1	1
<Variable upnpPériphérique>.MédiaPause	1000020987	DLNA / UPnP (syntaxe préfixée)	1	1
<Variable upnpPériphérique>.ModifieContraste	1000020989	DLNA / UPnP (syntaxe préfixée)	1	1
<Variable upnpPériphérique>.ModifieLuminosité	1000020990	DLNA / UPnP (syntaxe préfixée)	1	1
<Variable upnpPériphérique>.ModifieMuet	1000020991	DLNA / UPnP (syntaxe préfixée)	1	1
<Variable upnpPériphérique>.ModifieNetteté	1000020992	DLNA / UPnP (syntaxe préfixée)	1	1
<Variable upnpPériphérique>.ModifieVolume	1000020993	DLNA / UPnP (syntaxe préfixée)	1	1
<Variable upnpPériphérique>.RécupèreContraste	1000020994	DLNA / UPnP (syntaxe préfixée)	1	1
<Variable upnpPériphérique>.RécupèreLuminosité	1000020995	DLNA / UPnP (syntaxe préfixée)	1	1
<Variable upnpPériphérique>.RécupèreMuet	1000020996	DLNA / UPnP (syntaxe préfixée)	1	1
<Variable upnpPériphérique>.RécupèreNetteté	1000020997	DLNA / UPnP (syntaxe préfixée)	1	1
<Variable upnpPériphérique>.RécupèreVolume	1000020999	DLNA / UPnP (syntaxe préfixée)	1	1
<Variable upnpService>.ExécuteAction	1000020973	DLNA / UPnP (syntaxe préfixée)	1	1
<Variable WDPic>.ChangeMode	1000024405	dessin et de traitement des images (syntaxe préfixée)	0	1
<Variable WDPic>.DébutDessin	1000024471	dessin et de traitement des images (syntaxe préfixée)	0	1
<Variable WDPic>.DessineArc	1000024387	dessin et de traitement des images (syntaxe préfixée)	0	1
<Variable WDPic>.DessineCercle	1000024388	dessin et de traitement des images (syntaxe préfixée)	0	1
<Variable WDPic>.DessineCorde	1000024468	dessin et de traitement des images (syntaxe préfixée)	0	1
<Variable WDPic>.DessineLigne	1000024494	dessin et de traitement des images (syntaxe préfixée)	0	1
<Variable WDPic>.DessinePoint	1000024501	dessin et de traitement des images (syntaxe préfixée)	0	1
<Variable WDPic>.DessinePolygone	1000024521	dessin et de traitement des images (syntaxe préfixée)	0	1
<Variable WDPic>.DessinePolyligne	1000024522	dessin et de traitement des images (syntaxe préfixée)	0	1
<Variable WDPic>.DessinePortion	1000024562	dessin et de traitement des images (syntaxe préfixée)	0	1
<Variable WDPic>.DessineRectangle	1000024563	dessin et de traitement des images (syntaxe préfixée)	0	1
<Variable WDPic>.DessineRectangleArrondi	1000024566	dessin et de traitement des images (syntaxe préfixée)	0	1
<Variable WDPic>.DessineRectangleDégradé	1000024567	dessin et de traitement des images (syntaxe préfixée)	0	1
<Variable WDPic>.DessineTexte	1000024676	dessin et de traitement des images (syntaxe préfixée)	0	1
<Variable WDPic>.DessineTexteMarkdown	1410089256	dessin et de traitement des images (syntaxe préfixée)	0	1
<Variable WDPic>.DessineTexteRTF	1000024757	dessin et de traitement des images (syntaxe préfixée)	0	1
<Variable WDPic>.Différence	1410091285	dessin et de traitement des images (syntaxe préfixée)	0	1
<Variable WDPic>.FinDessin	1000024472	dessin et de traitement des images (syntaxe préfixée)	0	1
<Variable WDPic>.Flou	1410089008	dessin et de traitement des images (syntaxe préfixée)	0	1
<Variable WDPic>.Fond	1000024481	dessin et de traitement des images (syntaxe préfixée)	0	1
<Variable WDPic>.Fusionne	1000024482	dessin et de traitement des images (syntaxe préfixée)	0	1
<Variable WDPic>.FusionneCalque	1000024866	gestion du champ Editeur d'images et des variables WDPic (syntaxe préfixée)	0	1
<Variable WDPic>.InverseCouleur	1000024493	dessin et de traitement des images (syntaxe préfixée)	0	1
<Variable WDPic>.PixelCouleur	1000024497	dessin et de traitement des images (syntaxe préfixée)	0	1
<Variable WDPic>.PixelOpacité	1000024498	dessin et de traitement des images (syntaxe préfixée)	0	1
<Variable WDPic>.Police	1000024502	dessin et de traitement des images (syntaxe préfixée)	0	1
<Variable WDPic>.Redimensionne	1000024920	gestion du champ Editeur d'images et des variables WDPic (syntaxe préfixée)	0	1
<Variable WDPic>.Remplissage	1000024589	dessin et de traitement des images (syntaxe préfixée)	0	1
<Variable WDPic>.Rotation	1000024922	gestion du champ Editeur d'images et des variables WDPic (syntaxe préfixée)	0	1
<Variable WDPic>.Sauve	1000024923	gestion du champ Editeur d'images et des variables WDPic (syntaxe préfixée)	0	1
<Variable WDPic>.Stylo	1000024636	dessin et de traitement des images (syntaxe préfixée)	0	1
<Variable WDPic>.SymétrieHorizontale	1000024640	dessin et de traitement des images (syntaxe préfixée)	0	1
<Variable WDPic>.SymétrieVerticale	1000024641	dessin et de traitement des images (syntaxe préfixée)	0	1
<Variable websocketClient>.Déconnecte	1000026067	WebSocket (syntaxe préfixée)	0	1
<Variable websocketClient>.Envoie	1000026068	WebSocket (syntaxe préfixée)	0	1
<Variable websocketClient>.Exécute	1000026113	WebSocket (syntaxe préfixée)	0	1
<Variable wsRequête>.AjouteAssertionSAML	1000023948	SOAP (syntaxe préfixée)	1	1
<Variable wsRequête>.AjouteSignatureXML	1000023950	SOAP (syntaxe préfixée)	1	1
<Variable xlsDocument>.AjouteFeuille	1000021509	gestion des fichiers XLS (syntaxe préfixée)	1	1
<Variable xlsDocument>.DéfusionneCellule	1410089571	gestion des fichiers XLS (syntaxe préfixée)	0	1
<Variable xlsDocument>.Ferme	1000021510	gestion des fichiers XLS (syntaxe préfixée)	1	1
<Variable xlsDocument>.FusionneCellule	1410089568	gestion des fichiers XLS (syntaxe préfixée)	0	1
<Variable xlsDocument>.RecalculeTout	1410089739	gestion des fichiers XLS (syntaxe préfixée)	0	1
<Variable xlsDocument>.RécupèreFusion	1410089569	gestion des fichiers XLS (syntaxe préfixée)	0	1
<Variable xlsDocument>.Sauve	1000021511	gestion des fichiers XLS (syntaxe préfixée)	1	1
<Variable xlsDocument>.SupprimeFeuille	1000021512	gestion des fichiers XLS (syntaxe préfixée)	1	1
<Variable xmlDocument>.ConstruitChaîne	1000023891	XML (syntaxe préfixée)	1	1
<Variable xmlDocument>.DocumentValide	1000023892	XML (syntaxe préfixée)	1	1
<Variable xmlDocument>.ExécuteXPath	1000023893	XML (syntaxe préfixée)	1	1
<Variable xmlDocument>.Sauve	1000023895	XML (syntaxe préfixée)	1	1
<Variable xmlNoeud>.ChercheNamespaceParNom	1000023889	XML (syntaxe préfixée)	1	1
<Variable xmlNoeud>.ChercheNamespaceParURI	1000023890	XML (syntaxe préfixée)	1	1
<Variable xmlNoeud>.NoeudValide	1000023894	XML (syntaxe préfixée)	1	1
<Variable xsdEntité>.AjouteAttribut	1000023949	SOAP (syntaxe préfixée)	1	1
<Variable zipArchive>.AjouteFichier	1000019050	archivage (gestion des ZIP, WDZ, CAB, RAR, 7z, TAR, gzip, ...) (syntaxe préfixée)	1	1
<Variable zipArchive>.AjouteListeFichier	1000019159	archivage (gestion des ZIP, WDZ, CAB, RAR, 7z, TAR, gzip, ...) (syntaxe préfixée)	1	1
<Variable zipArchive>.AjouteRépertoire	1000019078	archivage (gestion des ZIP, WDZ, CAB, RAR, 7z, TAR, gzip, ...) (syntaxe préfixée)	1	1
<Variable zipArchive>.ChangeChemin	1000026329	archivage (gestion des ZIP, WDZ, CAB, RAR, 7z, TAR, gzip, ...) (syntaxe préfixée)	0	1
<Variable zipArchive>.ChercheFichier	1000026330	archivage (gestion des ZIP, WDZ, CAB, RAR, 7z, TAR, gzip, ...) (syntaxe préfixée)	0	1
<Variable zipArchive>.Crée	1000019160	archivage (gestion des ZIP, WDZ, CAB, RAR, 7z, TAR, gzip, ...) (syntaxe préfixée)	1	1
<Variable zipArchive>.CréeExe	1000019079	archivage (gestion des ZIP, WDZ, CAB, RAR, 7z, TAR, gzip, ...) (syntaxe préfixée)	1	1
<Variable zipArchive>.DébutAjoutFichier	1410091280	archivage (gestion des ZIP, WDZ, CAB, RAR, 7z, TAR, gzip, ...) (syntaxe préfixée)	0	1
<Variable zipArchive>.Découpe	1000019161	archivage (gestion des ZIP, WDZ, CAB, RAR, 7z, TAR, gzip, ...) (syntaxe préfixée)	1	1
<Variable zipArchive>.EstMulti	1000019080	archivage (gestion des ZIP, WDZ, CAB, RAR, 7z, TAR, gzip, ...) (syntaxe préfixée)	1	1
<Variable zipArchive>.Existe	1000026332	archivage (gestion des ZIP, WDZ, CAB, RAR, 7z, TAR, gzip, ...) (syntaxe préfixée)	0	1
<Variable zipArchive>.ExtraitChemin	1000019081	archivage (gestion des ZIP, WDZ, CAB, RAR, 7z, TAR, gzip, ...) (syntaxe préfixée)	1	1
<Variable zipArchive>.ExtraitFichier	1000019082	archivage (gestion des ZIP, WDZ, CAB, RAR, 7z, TAR, gzip, ...) (syntaxe préfixée)	1	1
<Variable zipArchive>.ExtraitListeFichier	1000019084	archivage (gestion des ZIP, WDZ, CAB, RAR, 7z, TAR, gzip, ...) (syntaxe préfixée)	1	1
<Variable zipArchive>.ExtraitRépertoire	1000025755	archivage (gestion des ZIP, WDZ, CAB, RAR, 7z, TAR, gzip, ...) (syntaxe préfixée)	0	1
<Variable zipArchive>.ExtraitTout	1000019085	archivage (gestion des ZIP, WDZ, CAB, RAR, 7z, TAR, gzip, ...) (syntaxe préfixée)	1	1
<Variable zipArchive>.Ferme	1000019086	archivage (gestion des ZIP, WDZ, CAB, RAR, 7z, TAR, gzip, ...) (syntaxe préfixée)	1	1
<Variable zipArchive>.FichierEnCours	1000019090	archivage (gestion des ZIP, WDZ, CAB, RAR, 7z, TAR, gzip, ...) (syntaxe préfixée)	1	1
<Variable zipArchive>.FinAjoutFichier	1410091281	archivage (gestion des ZIP, WDZ, CAB, RAR, 7z, TAR, gzip, ...) (syntaxe préfixée)	0	1
<Variable zipArchive>.InfoFichier	1000019092	archivage (gestion des ZIP, WDZ, CAB, RAR, 7z, TAR, gzip, ...) (syntaxe préfixée)	1	1
<Variable zipArchive>.ListeFichier	1000019093	archivage (gestion des ZIP, WDZ, CAB, RAR, 7z, TAR, gzip, ...) (syntaxe préfixée)	1	1
<Variable zipArchive>.NbPartieNécessaire	1000019094	archivage (gestion des ZIP, WDZ, CAB, RAR, 7z, TAR, gzip, ...) (syntaxe préfixée)	1	1
<Variable zipArchive>.Ouvre	1000019097	archivage (gestion des ZIP, WDZ, CAB, RAR, 7z, TAR, gzip, ...) (syntaxe préfixée)	1	1
<Variable zipArchive>.OuvreCAB	1000019148	archivage (gestion des ZIP, WDZ, CAB, RAR, 7z, TAR, gzip, ...) (syntaxe préfixée)	1	1
<Variable zipArchive>.OuvreRAR	1000019150	archivage (gestion des ZIP, WDZ, CAB, RAR, 7z, TAR, gzip, ...) (syntaxe préfixée)	1	1
<Variable zipArchive>.Regroupe	1000019151	archivage (gestion des ZIP, WDZ, CAB, RAR, 7z, TAR, gzip, ...) (syntaxe préfixée)	1	1
<Variable zipArchive>.SupprimeFichier	1000019152	archivage (gestion des ZIP, WDZ, CAB, RAR, 7z, TAR, gzip, ...) (syntaxe préfixée)	1	1
<Variable zipArchive>.SupprimeListeFichier	1000019153	archivage (gestion des ZIP, WDZ, CAB, RAR, 7z, TAR, gzip, ...) (syntaxe préfixée)	1	1
<Variable zipArchive>.SupprimeTout	1000019154	archivage (gestion des ZIP, WDZ, CAB, RAR, 7z, TAR, gzip, ...) (syntaxe préfixée)	1	1
<Variable zipArchive>.TailleFichier	1000019155	archivage (gestion des ZIP, WDZ, CAB, RAR, 7z, TAR, gzip, ...) (syntaxe préfixée)	1	1
<VisiteGuidée>.Arrête	1410090323		0	1
<VisiteGuidée>.ChangeEtape	1410090324		0	1
<VisiteGuidée>.Démarre	1410090325		0	1
<VisiteGuidée>.Info	1410090326		0	1
<Xaml>.Evénement	1000015009	Xaml (syntaxe préfixée)	1	1
<Xaml>.Propriété	1000015010	Xaml (syntaxe préfixée)	1	1
<xmlDocument>.VersJSON	1410087334	XML (syntaxe préfixée)	0	1
<xmlNoeud>.VersJSON	1410087333	XML (syntaxe préfixée)	0	1
<zipArchive>.SélectionFichier	1000026294	archivage (gestion des ZIP, WDZ, CAB, RAR, 7z, TAR, gzip, ...) (syntaxe préfixée)	0	1
<Zone multiligne>.AjouteLigne	1000020216	gestion des champs Zone multiligne (syntaxe préfixée)	1	1
<Zone multiligne>.InsèreLigne	1000020217	gestion des champs Zone multiligne (syntaxe préfixée)	1	1
<Zone multiligne>.Supprime	1000020218	gestion des champs Zone multiligne (syntaxe préfixée)	1	1
<Zone multiligne>.SupprimeTout	1000020219	gestion des champs Zone multiligne (syntaxe préfixée)	1	1
<Zone répétée>.Affiche	1000023451	gestion des champs Zone répétée (syntaxe préfixée)	1	1
<Zone répétée>.AffichePopup	1000023481	gestion des champs Zone répétée (syntaxe préfixée)	1	1
<Zone répétée>.Ajoute	1000023469	gestion des champs Zone répétée (syntaxe préfixée)	1	1
<Zone répétée>.AjouteDébut	1410090639	gestion des champs Zone répétée (syntaxe préfixée)	0	1
<Zone répétée>.AjouteFI	1000023474	gestion des champs Zone répétée (syntaxe préfixée)	1	1
<Zone répétée>.AjouteFIDébut	1410090640	gestion des champs Zone répétée (syntaxe préfixée)	0	1
<Zone répétée>.AjouteLigne	1000023475	gestion des champs Zone répétée (syntaxe préfixée)	1	1
<Zone répétée>.AjoutEnCours	1000023482	gestion des champs Zone répétée (syntaxe préfixée)	1	1
<Zone répétée>.AjoutePI	1410089490	gestion des champs Zone répétée (syntaxe préfixée)	0	1
<Zone répétée>.AnnuleBalayage	1000023483	gestion des champs Zone répétée (syntaxe préfixée)	1	1
<Zone répétée>.Cherche	1000023484	gestion des champs Zone répétée (syntaxe objet)	1	0
<Zone répétée>.CherchePartout	1000023485	gestion des champs Zone répétée (syntaxe préfixée)	1	1
<Zone répétée>.DébutRemplissage	1000023487	gestion des champs Zone répétée (syntaxe préfixée)	1	1
<Zone répétée>.DéplaceLigne	1000023488	gestion des champs Zone répétée (syntaxe préfixée)	1	1
<Zone répétée>.Déroule	1000023489	gestion des champs Zone répétée (syntaxe préfixée)	1	1
<Zone répétée>.DérouleTout	1000023490	gestion des champs Zone répétée (syntaxe préfixée)	1	1
<Zone répétée>.Enregistre	1000023496	gestion des champs Zone répétée (syntaxe préfixée)	1	1
<Zone répétée>.Enroule	1000023497	gestion des champs Zone répétée (syntaxe préfixée)	1	1
<Zone répétée>.EnrouleDéroule	1000023499	gestion des champs Zone répétée (syntaxe préfixée)	1	1
<Zone répétée>.EnrouleTout	1000023500	gestion des champs Zone répétée (syntaxe préfixée)	1	1
<Zone répétée>.FinRemplissage	1000023501	gestion des champs Zone répétée (syntaxe préfixée)	1	1
<Zone répétée>.IndiceRupture	1000023502	gestion des champs Zone répétée (syntaxe objet)	1	1
<Zone répétée>.InfoXY	1000023508	gestion des champs Zone répétée (syntaxe préfixée)	1	1
<Zone répétée>.Insère	1000023509	gestion des champs Zone répétée (syntaxe préfixée)	1	1
<Zone répétée>.InsèreFI	1000023510	gestion des champs Zone répétée (syntaxe préfixée)	1	1
<Zone répétée>.InsèreLigne	1000023511	gestion des champs Zone répétée (syntaxe préfixée)	1	1
<Zone répétée>.InsèrePI	1410089491	gestion des champs Zone répétée (syntaxe préfixée)	0	1
<Zone répétée>.Modifie	1000023512	gestion des champs Zone répétée (syntaxe préfixée)	1	1
<Zone répétée>.ModifieFI	1000023519	gestion des champs Zone répétée (syntaxe préfixée)	1	1
<Zone répétée>.ModifieLigne	1000023520	gestion des champs Zone répétée (syntaxe préfixée)	1	1
<Zone répétée>.ModifiePI	1410089492	gestion des champs Zone répétée (syntaxe préfixée)	0	1
<Zone répétée>.NumEnr	1000023521	gestion des champs Zone répétée (syntaxe préfixée)	1	1
<Zone répétée>.Occurrence	1000023522	gestion des champs Zone répétée (syntaxe préfixée)	1	1
<Zone répétée>.Position	1000023523	gestion des champs Zone répétée (syntaxe préfixée)	1	1
<Zone répétée>.RafraîchissementVisible	1000023524	gestion des champs Zone répétée (syntaxe préfixée)	1	1
<Zone répétée>.RestaurePositionEtSélection	1000023525	gestion des champs Zone répétée (syntaxe préfixée)	1	1
<Zone répétée>.SauvePositionEtSélection	1000023696	gestion des champs Zone répétée (syntaxe préfixée)	1	1
<Zone répétée>.Select	1000023697	gestion des champs Zone répétée (syntaxe préfixée)	1	1
<Zone répétée>.SelectMoins	1000023698	gestion des champs Zone répétée (syntaxe préfixée)	1	1
<Zone répétée>.SelectOccurrence	1000023699	gestion des champs Zone répétée (syntaxe préfixée)	1	1
<Zone répétée>.SelectPlus	1000023700	gestion des champs Zone répétée (syntaxe préfixée)	1	1
<Zone répétée>.Supprime	1000023701	gestion des champs Zone répétée (syntaxe préfixée)	1	1
<Zone répétée>.SupprimeSelect	1000023702	gestion des champs Zone répétée (syntaxe préfixée)	1	1
<Zone répétée>.SupprimeTout	1000023703	gestion des champs Zone répétée (syntaxe préfixée)	1	1
<Zone répétée>.Trie	1000023704	gestion des champs Zone répétée (syntaxe préfixée)	1	1
<Zone répétée>.VersExcel	1000023705	gestion des champs Zone répétée (syntaxe préfixée)	1	1
<Zone répétée>.VersWord	1000023706	gestion des champs Zone répétée (syntaxe préfixée)	1	1
<Zone répétée>.VersXML	1000023707	gestion des champs Zone répétée (syntaxe préfixée)	1	1
Abandonne	1000017024	gestion des fenêtres	1	1
Abs	3050050	Mathématiques	1	1
AccessibilitéLecteurEcranActif	1410090330		0	1
ActionBarRechercheVisible	1000021599	Action Bar	1	1
ActionBarSupprimeHistoriqueRecherche	1000021600	Action Bar	1	1
ActionDéclareUndo	1000022678	Action	1	1
ActionDo	1000022676	Action	1	1
ActionRapideAjoute	1410090053	Action rapide	0	1
ActionRapideEpingle	1410090069	Action rapide	0	1
ActionRapideListe	1410090067	Action rapide	0	1
ActionRapideSupprime	1410090064	Action rapide	0	1
ActionRapideSupprimeTout	1410090068	Action rapide	0	1
ActionRedo	1000022608	Action	1	1
ActionUndo	1000022677	Action	1	1
ActiveXEvénement	3025010	gestion des champs	1	1
AdminWBCréeCompte	1410089450	pilotage du Serveur d'application WEBDEV	0	1
AdminWBDéconnecte	1410089343	pilotage du Serveur d'application WEBDEV	0	1
AdminWBListeApplication	1410089996	pilotage du Serveur d'application WEBDEV	0	1
AdminWBListeCompte	1410089449	pilotage du Serveur d'application WEBDEV	0	1
AdminWBListeConnexion	1410089342	pilotage du Serveur d'application WEBDEV	0	1
AdminWBModifieCompte	1410089471	pilotage du Serveur d'application WEBDEV	0	1
AdminWBSupprimeApplication	1410089999	pilotage du Serveur d'application WEBDEV	0	1
AdminWBSupprimeCompte	1410089472	pilotage du Serveur d'application WEBDEV	0	1
AfficheLicence	1410090236	gestion du téléphone	0	1
Age	3027034	gestion des dates et des heures	1	1
AgendaAffiche	1000019425	Agenda	1	1
AgendaAffichePériodePrécédente	1000018886	Agenda	1	1
AgendaAffichePériodeSuivante	1000018885	Agenda	1	1
AgendaAjouteRendezVous	1000018877	Agenda	1	1
AgendaChangeMode	1000019497	Agenda	1	1
AgendaChangeZoom	1000018883	Agenda	1	1
AgendaCouleurFond	1000020004	Agenda	1	1
AgendaDateVisible	1000022875	Agenda	1	1
AgendaHeureAffichée	1000018888	Agenda	1	1
AgendaHeureOuvrable	1000022530	Agenda	1	1
AgendaInfoXY	1000018887	Agenda	1	1
AgendaListeRendezVous	1000018880	Agenda	1	1
AgendaMode	1000019545	Agenda	1	1
AgendaPlageSélectionnée	1000022399	Agenda	1	1
AgendaPosition	1000018889	Agenda	1	1
AgendaSelectMoins	1000019147	Agenda	1	1
AgendaSelectPlus	1000019003	Agenda	1	1
AgendaSupprimeRendezVous	1000018881	Agenda	1	1
AgendaSupprimeTout	1000018882	Agenda	1	1
AgendaVersiCalendar	1000021919	Agenda	1	1
AgendaZoom	1000018884	Agenda	1	1
AgentAffiche	3016007	Agent	1	0
AgentBeep	3016009	Agent	1	0
AgentCache	3016001	Agent	1	0
AgentChoix	3016002	Agent	1	0
AgentConseil	3016003	Agent	1	0
AgentCrée	3016017	Agent	1	0
AgentDéplace	3016004	Agent	1	0
AgentHauteur	3016018	Agent	1	0
AgentLargeur	3016014	Agent	1	0
AgentMessage	3016016	Agent	1	0
AgentPosX	3016012	Agent	1	0
AgentPosY	3016010	Agent	1	0
AgentSaisie	3016013	Agent	1	0
AgentTermine	3016015	Agent	1	0
Agrège	1000024744	Tableau	0	1
AJAXAnnuleAppelAsynchrone	3055110	Ajax	1	1
AJAXAppelAsynchroneEnCours	3055111	Ajax	1	1
AJAXDisponible	3055112	Ajax	1	1
AJAXExécute	3055114	Ajax	1	1
AJAXExécuteAsynchrone	3055115	Ajax	1	1
Ajoute	1000017348	Tableau	1	1
AjouteColonne	1000017350	Tableau	1	1
AjouteCommandeVocale	1000017106	Reconnaissance Vocale	1	1
AjouteFavori	3055004	gestion du navigateur	1	1
AjouteLien	1000019038	gestion des champs	1	1
AjouteLigne	1000017349	Tableau	1	1
AjouteRéférence	1000023933	Tableau	1	1
AlbumSauve	1000020191	Album	1	1
AlbumSélecteur	1000020186	Album	1	1
Allemagne.VérifieIdNr	1410089244	gestion des identifiants administratifs	0	1
Allemagne.VérifieNuméroFiscal	1410090227	gestion des identifiants administratifs	0	1
Allemagne.VérifieUStIdNr	1410089248	gestion des identifiants administratifs	0	1
AnalyseurDébut	3013012	diverses WINDEV	1	1
AnalyseurFin	3013002	diverses WINDEV	1	1
AndroidActivityResultProcédure	1410088881	gestion du téléphone	0	1
AnimationActive	1000017399	Animation	1	1
AnimationChangeParamètre	3017002	Animation	1	1
AnimationChangeType	3017001	Animation	1	1
AnimationJoue	1000017387	Animation	1	1
AnimationJoueSurPropriétéChamp	1000017398	Animation	1	1
AnimationLitParamètre	3017003	Animation	1	1
AnimationMinFPS	1000017400	Animation	1	1
AnimationPrépare	1000017386	Animation	1	1
AnnéeBissextile	1000023781	gestion des dates et des heures	1	1
AnnéeEnCours	1000019394	gestion des dates et des heures	1	1
AnnuleContexteAWP	1000017170	gestion des pages	1	1
AnnuleContexteWebservice	1000019591	Webservices	1	1
AnsiVersOem	3024007	gestion des chaînes	1	1
AnsiVersUnicode	3024002	gestion des chaînes	1	1
API	3014005	diverses Windows	1	1
APIParamètre	3014026	diverses Windows	1	1
AppelAJAXEnCours	1000025871	diverses WINDEV	0	1
AppelDLL32	3014003	diverses Windows	1	1
Appeler une procédure/une fonction	1513007		1	1
AppelInterface	1000017088	diverses Windows	1	1
AppleIdentifiantPublicitaire	1410087936	gestion du téléphone	0	1
AppleSignIn	1000025404	gestion du téléphone	0	1
AppleTrackingDemandeAutorisationAsynchrone	1410087935	gestion du téléphone	0	1
AppleTrackingEtatAutorisation	1410087934	gestion du téléphone	0	1
AppliActiveVersion	1000018846	Mises à jour d'applications	1	1
AppliChangeParamètre	1000017260	Mises à jour d'applications	1	1
AppliContrôle	3013003	Mises à jour d'applications	1	1
AppliDéclencheMAJ	1000017261	Mises à jour d'applications	1	1
AppliDétecteMAJDisponible	1410087705	Mises à jour d'applications	0	1
AppliInfoVersion	1000018844	Mises à jour d'applications	1	1
AppliInstalleVersion	1000018918	Mises à jour d'applications	1	1
AppliListeVersion	1000018843	Mises à jour d'applications	1	1
AppliMAJDisponible	1000017293	Mises à jour d'applications	1	1
AppliOuvreFiche	1000020980	Exécutables	1	1
AppliParamètre	1000017268	Mises à jour d'applications	1	1
Applique	1000024856	Tableau	0	1
AppliSupprimeVersion	1000018847	Mises à jour d'applications	1	1
ArbreAffiche	1000019565	Arbre	1	1
ArbreAjoute	3018012	Arbre	1	1
ArbreCherche	3018030	Arbre	1	1
ArbreCopieElément	3018006	Arbre	1	1
ArbreDéplaceElément	3018024	Arbre	1	1
ArbreDéroule	3018007	Arbre	1	1
ArbreDérouleTout	3018022	Arbre	1	1
ArbreEnroule	3018008	Arbre	1	1
ArbreEnrouleTout	3018011	Arbre	1	1
ArbreEtat	3018015	Arbre	1	1
ArbreID	3018027	Arbre	1	1
ArbreInfoXY	3018026	Arbre	1	1
ArbreInsère	3018023	Arbre	1	1
ArbreListeFils	3018016	Arbre	1	1
ArbreModifie	3018013	Arbre	1	1
ArbreOccurrence	3018009	Arbre	1	1
ArbrePosition	3018005	Arbre	1	1
ArbreRécupèreFils	3018010	Arbre	1	1
ArbreRécupèreIdentifiant	3018004	Arbre	1	1
ArbreRécupèreIndice	1000023418	Arbre	1	1
ArbreSelect	3018003	Arbre	1	1
ArbreSelectMoins	1000019636	Arbre	1	1
ArbreSelectOccurrence	1000019376	Arbre	1	1
ArbreSelectPlus	3018002	Arbre	1	1
ArbreSupprime	3018001	Arbre	1	1
ArbreSupprimeFils	3018017	Arbre	1	1
ArbreSupprimeTout	3018018	Arbre	1	1
ArbreTri	3018021	Arbre	1	0
ArbreTrie	3018020	Arbre	1	1
ArbreTypeElément	3018014	Arbre	1	1
ArcCosinus	3050067	Mathématiques	1	1
ArcSinus	3050066	Mathématiques	1	1
ArcTang2	1000019879	Mathématiques	1	1
ArcTang	3050065	Mathématiques	1	1
Arrondi	3050063	Mathématiques	1	1
ArrondiAuMultiple	1410088706	Mathématiques	0	1
ArrondiInférieur	1000019395	Mathématiques	1	1
ArrondiSupérieur	1000019396	Mathématiques	1	1
Asc	3024004	gestion des chaînes	1	1
AscenseurAffiche	3025018	gestion des champs	1	1
AscenseurEstVisible	1000021644	gestion des champs	1	1
AscenseurPosition	1000021057	gestion des champs	1	1
AscenseurPositionMax	1000021826	gestion des champs	1	1
ASPAffiche	3012003	diverses WEBDEV	1	1
ASPExécute	3012007	diverses WEBDEV	1	1
AuthDéconnecte	1410090538	gestion des protocoles OAuth et OpenID	0	1
AuthIdentifie	1000022219	gestion des protocoles OAuth et OpenID	1	1
AuthImporteToken	1410089557	gestion des protocoles OAuth et OpenID	0	1
AuthIntrospecteToken	1410090841	gestion des protocoles OAuth et OpenID	0	1
AuthRécupèreInfoUtilisateur	1410090919	gestion des protocoles OAuth et OpenID	0	1
AuthRenouvelleToken	1000026168	gestion des protocoles OAuth et OpenID	0	1
AuthRévoqueToken	1410090634	gestion des protocoles OAuth et OpenID	0	1
AuthVérifieAuthentification	1410090756	gestion des protocoles OAuth et OpenID	0	1
AutoLanceAjoute	3019002	Exécutables	1	1
AutoLanceSupprime	3019001	Exécutables	1	1
AutomationEvénement	3013059	diverses WINDEV	1	1
AutomationParamètre	3013014	diverses WINDEV	1	1
Avertissement	3021009	Boîtes de dialogue	1	1
AvertissementAsynchrone	1000025270	Boîtes de dialogue	0	1
awEnvoieEtRécupèreInfo	1000022116	Apple Watch	1	1
awEnvoieInfo	1000022117	Apple Watch	1	1
awProcédureRéceptionEtEnvoiInfo	1000022118	Apple Watch	1	1
awProcédureRéceptionInfo	1000022119	Apple Watch	1	1
BandeauArrêteDéfilement	1000022512	Bandeau défilant	1	1
BandeauDernier	1000022516	Bandeau défilant	1	1
BandeauLanceDéfilement	1000022511	Bandeau défilant	1	1
BandeauPrécédent	1000022515	Bandeau défilant	1	1
BandeauPremier	1000022513	Bandeau défilant	1	1
BandeauSuivant	1000022514	Bandeau défilant	1	1
BarreAttache	3020003	Barre d'outils	1	1
BarreDétache	3020001	Barre d'outils	1	1
BarrePosition	3020004	Barre d'outils	1	1
BeaconArrêteDétectionEnArrièrePlan	1000023114	Beacon	1	1
BeaconArrêteDétectionPrécise	1000023116	Beacon	1	1
BeaconDétecteEnArrièrePlan	1000023112	Beacon	1	1
BeaconDétectePrécis	1000023115	Beacon	1	1
BeaconListeDétectionEnArrièrePlan	1000023113	Beacon	1	1
Belgique.VérifieBCE	1410089348	gestion des identifiants administratifs	0	1
Belgique.VérifieNISS	1410089349	gestion des identifiants administratifs	0	1
Belgique.VérifieNuméroFiscal	1410090223	gestion des identifiants administratifs	0	1
Belgique.VérifieUE	1410089350	gestion des identifiants administratifs	0	1
BinaireCharge	3044264	Hyper File compatibles	1	0
BinaireInfo	3044275	Hyper File compatibles	1	0
BinaireSauve	3044274	Hyper File compatibles	1	0
Bip	3013004	diverses WINDEV	1	1
BitcoinAdresseValide	1410088858	BitcoinCore	0	1
BitcoinCoreConnexionOccurrence	1410090772	BitcoinCore	0	1
BitcoinCoreDateHeureDernierBloc	1410090322	BitcoinCore	0	1
BitcoinCoreDateHeureDernierLancement	1410090771	BitcoinCore	0	1
BitcoinCoreDifficulté	1410086761	BitcoinCore	0	1
BitcoinCoreEspaceDisqueUtilisé	1410090773	BitcoinCore	0	1
BitcoinCoreHashBloc	1410090774	BitcoinCore	0	1
BitcoinCoreNombreBloc	1410090321	BitcoinCore	0	1
BitcoinCoreNombreHashParSeconde	1410090319	BitcoinCore	0	1
BitcoinCoreParamètre	1410090320	BitcoinCore	0	1
BitcoinCoreTauxHash	1410086762	BitcoinCore	0	1
BoutonSegmentéAjoute	1410090834	Bouton segmenté	0	1
BoutonSegmentéInsère	1410090835	Bouton segmenté	0	1
BoutonSegmentéSupprime	1410090836	Bouton segmenté	0	1
BoutonSegmentéSupprimeTout	1410090837	Bouton segmenté	0	1
Brésil.VérifieCNPJ	1410089249	gestion des identifiants administratifs	0	1
Brésil.VérifieCPF	1410089245	gestion des identifiants administratifs	0	1
Brésil.VérifieNuméroFiscal	1410090228	gestion des identifiants administratifs	0	1
BTAccepteConnexion	1000017128	Bluetooth	1	1
BTActive	1000019359	Bluetooth	1	1
BTActiveService	1000017142	Bluetooth	1	1
BTChangeConnectivité	1000017130	Bluetooth	1	1
BTChangeVisibilité	1000017129	Bluetooth	1	1
BTConnectePériphérique	1000017146	Bluetooth	1	1
BTDéconnectePériphérique	1000017147	Bluetooth	1	1
BTDésactiveService	1000017143	Bluetooth	1	1
BTEstVisible	1000017127	Bluetooth	1	1
BTEtat	1000019360	Bluetooth	1	1
BTInfoPériphérique	1000017133	Bluetooth	1	1
BTInfoRadio	1000017126	Bluetooth	1	1
BTLECaractéristiqueChangementValeur	1000022071	BTLE	1	1
BTLECaractéristiqueEcritValeur	1000022070	BTLE	1	1
BTLECaractéristiqueLitValeur	1000022069	BTLE	1	1
BTLEConnecte	1000021884	BTLE	1	1
BTLEDéconnecte	1000021883	BTLE	1	1
BTLEDescripteurEcritValeur	1000022073	BTLE	1	1
BTLEDescripteurLitValeur	1000022072	BTLE	1	1
BTLEEtat	1000021885	BTLE	1	1
BTLEEtatConnexion	1000022068	BTLE	1	1
BTLEInitialise	1000022110	BTLE	1	1
BTLEInitialisePériphérique	1410087620	BTLE	0	1
BTLEListePériphérique	1000021882	BTLE	1	1
BTLERécupèreTousServices	1000022114	BTLE	1	1
BTLERécupèreToutesCaractéristiques	1000022115	BTLE	1	1
BTLERécupèreUnDescripteur	1000022112	BTLE	1	1
BTLERécupèreUneCaractéristique	1000022113	BTLE	1	1
BTLERécupèreUnService	1000022111	BTLE	1	1
BTListePériphérique	1000017132	Bluetooth	1	1
BTListeRadio	1000017125	Bluetooth	1	1
BTListeService	1000017141	Bluetooth	1	1
BTOuvrePropriétésPériphérique	1000017134	Bluetooth	1	1
BTPile	1000017229	Bluetooth	1	1
BTSélecteurPériphérique	1000017135	Bluetooth	1	1
BufferVersEntier	1000020508	gestion des chaînes	1	1
BufferVersHexa	1000019916	gestion des chaînes	1	1
BufferVersPhrase	1000025938	gestion des chaînes	0	1
BufferVersRéel	1000020509	gestion des chaînes	1	1
BufferVersURI	1410087415	URI	0	1
BulleActive	3025014	gestion des champs	1	1
BulleCouleur	3025015	gestion des champs	1	1
BulleDélai	3025051	gestion des champs	1	1
BulleLargeurMax	1000022257	gestion des champs	1	1
BulleMarge	1000021844	gestion des champs	1	1
CalendrierOuvre	1000017291	Calendrier	1	1
CalendrierPosition	1000017281	Calendrier	1	1
CalendrierSelect	1000017283	Calendrier	1	1
CalendrierSélecteur	1000017300	Calendrier	1	1
CalendrierSelectMoins	1000017340	Calendrier	1	1
CalendrierSelectOccurrence	1000017282	Calendrier	1	1
CalendrierSelectPlus	1000017339	Calendrier	1	1
CaméraAffiche	1410086595	Caméra	1	1
CaméraArrête	1410086596	Caméra	1	1
CaméraArrêteDécodage	1000022449	Caméra	1	1
CaméraCapture	1000022450	Caméra	1	1
CaméraChangeDriver	1000022451	Caméra	1	1
CaméraConfigure	1000022452	Caméra	1	1
CaméraDemandePermission	1000022453	Caméra	1	1
CaméraDémarreDécodage	1000022454	Caméra	1	1
CaméraEtat	1000022455	Caméra	1	1
CaméraGénèreMiniature	1000022456	Caméra	1	1
CaméraLanceAppli	1000022470	Caméra	1	1
CaméraListeDriver	1000022457	Caméra	1	1
CaméraListeParamètre	1000022458	Caméra	1	1
CaméraParamètre	1000022459	Caméra	1	1
CaméraPhoto	1410087225	Caméra	0	1
CaméraVidéoArrête	1410087229	Caméra	0	1
CaméraVidéoDémarre	1410087227	Caméra	0	1
Canada.VérifieNAS	1410089351	gestion des identifiants administratifs	0	1
Canada.VérifieNE15	1410089352	gestion des identifiants administratifs	0	1
Canada.VérifieNE9	1410089353	gestion des identifiants administratifs	0	1
Canada.VérifieNuméroFiscal	1410090221	gestion des identifiants administratifs	0	1
CapsLockVérifie	1000020557	diverses WEBDEV	1	1
CaptchaAffiche	1000019389	Captcha	1	1
CaptchaVérifie	1000019390	Captcha	1	1
CapteurDétecteChangementAccélération	1000019362	Capteur	1	1
CapteurDétecteChangementOrientation	1000019361	Capteur	1	1
CapteurDétecteDébutSecousses	1000019363	Capteur	1	1
CapteurDétecteFinSecousses	1000019364	Capteur	1	1
CapteurRécupèreOrientation	1000019369	Capteur	1	1
CapteurTermine	1000019644	Capteur	1	1
Caract	3024003	gestion des chaînes	1	1
CaractOccurrenceType	1000019894	gestion des chaînes	1	1
CaractType	1000019895	gestion des chaînes	1	1
CaractUnicode	1000019397	gestion des chaînes	1	1
CarteAffichePopup	1000025553	Carte	0	1
CarteAffichePosition	1000019787	Carte	1	1
CarteAfficheZone	1000025535	Carte	0	1
CarteAjouteCalque	1410091361	Carte	0	1
CarteAjouteForme	1000025509	Carte	0	1
CarteAjouteImage	1000025532	Carte	0	1
CarteAjouteItinéraire	1000020383	Carte	1	1
CarteAjouteMarqueur	1000019794	Carte	1	1
CarteChangeStyle	1000025556	Carte	0	1
CarteConfigureAPIGgl	1000021611	Carte	1	1
CarteDistanceItinéraire	1000021614	Carte	1	1
CarteExécuteJS	1000021615	Carte	1	1
CarteFermePopup	1000025554	Carte	0	1
CarteFinDéplacement	1000019949	Carte	1	1
CarteIdentifiantGgl	1410091136	Carte	0	1
CarteInfoPosition	1000019951	Carte	1	1
CarteInfoXY	1000019950	Carte	1	1
CarteLicenceBing	1000022006	Carte	1	1
CarteLicenceGgl	1000021299	Carte	1	1
CarteLimiteZone	1000025537	Carte	0	1
CarteModifieForme	1000025511	Carte	0	1
CarteModifieImage	1000025533	Carte	0	1
CarteModifieMarqueur	1000019796	Carte	1	1
CartePopupAffichée	1000025555	Carte	0	1
CarteRécupèreImage	1000022376	Carte	1	1
CarteRécupèreObjetJS	1000021474	Carte	1	1
CarteRécupèrePosition	1000019790	Carte	1	1
CarteRécupèreStyle	1000025557	Carte	0	1
CarteSuitDéplacement	1000019953	Carte	1	1
CarteSupprimeCalque	1410091362	Carte	0	1
CarteSupprimeForme	1000025510	Carte	0	1
CarteSupprimeImage	1000025534	Carte	0	1
CarteSupprimeItinéraire	1000020384	Carte	1	1
CarteSupprimeMarqueur	1000019795	Carte	1	1
CarteSupprimeTout	1000019952	Carte	1	1
CBCalculeCaractèreDeVérification	1000019909	Code-Barres	1	1
CBCapture	1000019456	Code-Barres	1	1
CBDécode	1000019633	Code-Barres	1	1
CBVersImage	1000024060	Code-Barres	1	1
cdbAjoute	3022001	manipulation d'une base CEDB	1	0
cdbAnnuleRecherche	3022010	manipulation d'une base CEDB	1	0
cdbCol	3022002	manipulation d'une base CEDB	1	0
cdbDateHeureVersEntier	3022014	manipulation d'une base CEDB	1	0
cdbEcritCol	3022003	manipulation d'une base CEDB	1	0
cdbEnDehors	3022011	manipulation d'une base CEDB	1	0
cdbEntierVersDateHeure	3022006	manipulation d'une base CEDB	1	0
cdbFerme	3022007	manipulation d'une base CEDB	1	0
cdbListeFichier	3022005	manipulation d'une base CEDB	1	0
cdbLit	3022004	manipulation d'une base CEDB	1	0
cdbLitDernier	3022009	manipulation d'une base CEDB	1	0
cdbLitPrécédent	3022022	manipulation d'une base CEDB	1	0
cdbLitPremier	3022019	manipulation d'une base CEDB	1	0
cdbLitRecherche	3022018	manipulation d'une base CEDB	1	0
cdbLitSuivant	3022016	manipulation d'une base CEDB	1	0
cdbModifie	3022017	manipulation d'une base CEDB	1	0
cdbNbCol	3022015	manipulation d'une base CEDB	1	0
cdbNbEnr	3022023	manipulation d'une base CEDB	1	0
cdbNumEnr	3022020	manipulation d'une base CEDB	1	0
cdbOuvre	3022013	manipulation d'une base CEDB	1	0
cdbRAZ	3022021	manipulation d'une base CEDB	1	0
cdbSupprime	3022008	manipulation d'une base CEDB	1	0
cdbTrouve	3022012	manipulation d'une base CEDB	1	0
CDEjecte	1000004101	gestion des CD et DVD	1	1
CDListe	1000004102	gestion des CD et DVD	1	1
ceConnecte	3023001	accès aux Terminaux Mobiles (Pocket PC)	1	0
ceCopieFichier	3023010	accès aux Terminaux Mobiles (Pocket PC)	1	0
ceCréeRaccourci	3023034	accès aux Terminaux Mobiles (Pocket PC)	1	0
ceDateFichier	3023002	accès aux Terminaux Mobiles (Pocket PC)	1	0
ceDéconnecte	3023012	accès aux Terminaux Mobiles (Pocket PC)	1	0
ceEtatAlimentation	3023006	accès aux Terminaux Mobiles (Pocket PC)	1	0
ceEtatConnexion	3023023	accès aux Terminaux Mobiles (Pocket PC)	1	0
ceFenEnumère	3023007	gestion des fenêtres	1	0
ceFenTitre	3023005	gestion des fenêtres	1	0
ceFichierExiste	3023008	accès aux Terminaux Mobiles (Pocket PC)	1	0
ceHeureFichier	3023009	accès aux Terminaux Mobiles (Pocket PC)	1	0
ceInfoOEM	3023051	accès aux Terminaux Mobiles (Pocket PC)	1	0
ceLanceAppli	3023003	accès aux Terminaux Mobiles (Pocket PC)	1	0
ceListeFichier	3023018	accès aux Terminaux Mobiles (Pocket PC)	1	0
CelluleAfficheDialogue	1000017139	gestion des pages	1	1
CelluleFermeDialogue	1000017140	gestion des pages	1	1
ceNomMachine	3023052	accès aux Terminaux Mobiles (Pocket PC)	1	0
cePlateforme	3023053	accès aux Terminaux Mobiles (Pocket PC)	1	0
ceRegistreCléSuivante	3023021	accès aux Terminaux Mobiles (Pocket PC)	1	0
ceRegistreCréeClé	3023024	accès aux Terminaux Mobiles (Pocket PC)	1	0
ceRegistreEcrit	3023014	accès aux Terminaux Mobiles (Pocket PC)	1	0
ceRegistreExiste	3023015	accès aux Terminaux Mobiles (Pocket PC)	1	0
ceRegistreListeValeur	3023016	accès aux Terminaux Mobiles (Pocket PC)	1	0
ceRegistreLit	3023022	accès aux Terminaux Mobiles (Pocket PC)	1	0
ceRegistrePremièreSousClé	3023017	accès aux Terminaux Mobiles (Pocket PC)	1	0
ceRegistreSousClé	3023011	accès aux Terminaux Mobiles (Pocket PC)	1	0
ceRegistreSupprimeClé	3023013	accès aux Terminaux Mobiles (Pocket PC)	1	0
ceRegistreSupprimeValeur	3023020	accès aux Terminaux Mobiles (Pocket PC)	1	0
ceRep	3023004	accès aux Terminaux Mobiles (Pocket PC)	1	0
ceRepCrée	3023019	accès aux Terminaux Mobiles (Pocket PC)	1	0
ceRepSupprime	3023032	accès aux Terminaux Mobiles (Pocket PC)	1	0
CertificatCharge	1000020851	gestion des certificats	1	1
CertificatClientInfo	1000019393	diverses WEBDEV	1	1
CertificatDeConfianceAjoute	1000024320	gestion des certificats	1	1
CertificatDeConfianceRAZ	1000024321	gestion des certificats	1	1
CertificatExporte	1410090436	gestion des certificats	0	1
CertificatExtrait	1000019300	gestion des certificats	1	1
CertificatExtraitMessageEnveloppé	1410091163	gestion des certificats	0	1
CertificatExtraitValeurExtension	1410087221	gestion des certificats	0	1
CertificatGénèreDepuisCSR	1410086712	gestion des certificats	0	1
CertificatListe	1000019293	gestion des certificats	1	1
CertificatOuvrePropriétés	1000019301	gestion des certificats	1	1
CertificatPEMVersPFX	1410090438	gestion des certificats	0	1
CertificatSélecteur	1000019295	gestion des certificats	1	1
CertificatSigneChaîne	1000019296	gestion des certificats	1	1
CertificatSigneExécutable	1000020560	gestion des certificats	1	1
CertificatSigneFichier	1000019297	gestion des certificats	1	1
CertificatSignePackageMSIX	1410091135	gestion des certificats	0	1
CertificatVérifieChaîne	1000019298	gestion des certificats	1	1
CertificatVérifieDuplicata	1000019306	gestion des certificats	1	1
CertificatVérifieFichierSignatureBuffer	1000019500	gestion des certificats	1	1
CertificatVérifieFichierSignatureFichier	1000019499	gestion des certificats	1	1
ceSupprimeFichier	3023037	accès aux Terminaux Mobiles (Pocket PC)	1	0
ceSupprimeRaccourci	3023033	accès aux Terminaux Mobiles (Pocket PC)	1	0
ceSysRep	3023031	accès aux Terminaux Mobiles (Pocket PC)	1	0
ceTailleFichier	3023038	accès aux Terminaux Mobiles (Pocket PC)	1	0
ceTypeProcesseur	3023040	accès aux Terminaux Mobiles (Pocket PC)	1	0
ceVersionWindows	3023042	accès aux Terminaux Mobiles (Pocket PC)	1	0
ceXRes	3023041	accès aux Terminaux Mobiles (Pocket PC)	1	0
ceYRes	3023044	accès aux Terminaux Mobiles (Pocket PC)	1	0
ChaîneAffiche	3012001	diverses WEBDEV	1	1
ChaîneCommencePar	1000018827	gestion des chaînes	1	1
ChaîneCompare	3024011	gestion des chaînes	1	1
ChaîneConstruit	3024006	gestion des chaînes	1	1
ChaîneDécoupe	1000022322	gestion des chaînes	1	1
ChaîneEncadre	1410091370	gestion des chaînes	0	1
ChaîneFinitPar	1000018828	gestion des chaînes	1	1
ChaîneFormate	3024019	gestion des chaînes	1	1
ChaîneIncrémente	1000020773	gestion des chaînes	1	1
ChaîneInsère	1000020477	gestion des chaînes	1	1
ChaîneInverse	1000019901	gestion des chaînes	1	1
ChaîneOccurrence	3024008	gestion des chaînes	1	1
ChaîneRécupère	3024005	gestion des chaînes	1	1
ChaîneSupprime	1000019917	gestion des chaînes	1	1
ChaîneSupprimeDoublon	1410087412	gestion des chaînes	0	1
ChaîneVersDate	3027013	gestion des chaînes	1	1
ChaîneVersDurée	3027002	gestion des dates et des heures	1	1
ChaîneVersHeure	1000021339	gestion des dates et des heures	1	1
ChaîneVersJSON	1000024531	gestion des chaînes	1	1
ChaîneVersNumérique	1410087852	gestion des chaînes	0	1
ChaîneVersPalm	3059009	Palm Pilot	1	0
ChaîneVersTableau	1000017008	gestion des chaînes	1	1
ChaîneVersUTF8	3024042	gestion des chaînes	1	1
ChampActif	1000017377	Animation	1	1
ChampAlias	3025016	gestion des champs	1	1
ChampCauseEntréeSortie	3025013	gestion des champs	1	1
ChampClone	3025017	gestion des champs	1	1
ChampContextuel	3025012	Menu	1	1
ChampCrée	1000020876	gestion des champs	1	1
ChampEnCours	3025019	gestion des champs	1	1
ChampErreur	3025036	gestion des champs	1	1
ChampExécuteFermeture	1000023513		1	1
ChampExécuteModification	1000022663		1	1
ChampExiste	3025035	gestion des champs	1	1
ChampGrisé	1000017375	Animation	1	1
ChampInfoXY	1000020503	gestion des champs	1	1
ChampInvisible	1000017369	Animation	1	1
ChampPrécédent	3025033	gestion des champs	1	1
ChampPremier	3025022	gestion des champs	1	1
ChampRechercheSurligne	1000020535	recherche	1	1
ChampRechercheTextePrécédent	1000020765	recherche	1	1
ChampRechercheTextePremier	1000020763	recherche	1	1
ChampRechercheTexteSuivant	1000020764	recherche	1	1
ChampRectangle	1410090408		0	1
ChampSansEspace	3025008	gestion des champs	1	1
ChampSuivant	3025020	gestion des champs	1	1
ChampSupprime	3025037	gestion des champs	1	1
ChampSurvol	3025021	gestion des champs	1	1
ChampTypeInfo	1000020520	gestion des champs	1	1
ChampVersSource	1000021384	liaison	1	1
ChampVisible	1000017338	Animation	1	1
ChangeAction	3058007	gestion des pages	1	1
ChangeAlphabet	3054001	Multilingue	1	1
ChangeClavier	3054002	Multilingue	1	1
ChangeDestination	3058005	gestion des pages	1	1
ChangeFenêtreSource	3038053	Fenêtres internes	1	1
ChangeGabarit	3013026	gestion des fenêtres	1	1
ChangePageSource	1000024600	gestion des pages	0	1
ChangeSéparateur	3054004	Multilingue	1	1
ChangeStyle	1000017171	gestion des champs	1	1
ChangeThème	1000025266	gestion du téléphone	0	1
ChargeDLL	3014006	diverses Windows	1	1
ChargeErreur	3054003	Multilingue	1	1
ChargeImage	3029022	manipulation de chaînes graphiques	1	1
ChargeParamètre	3025047	gestion des champs	1	1
ChargePlancheImage	1000018826	manipulation de chaînes graphiques	1	1
ChargeProcédure	3013019	diverses WINDEV	1	1
ChargeWDL	3013020	diverses WINDEV	1	1
ChatIAAjouteLigne	1410091384	Chat IA	0	1
ChatIAChargeConversation	1410091365	Chat IA	0	1
ChatIADemande	1410091334	Chat IA	0	1
ChatIARegénèreDemande	1410091360	Chat IA	0	1
ChatIASauveConversation	1410091364	Chat IA	0	1
ChatIAStopDemande	1410091363		0	1
CheminNavigationAjouteLien	3083016	Chemin de navigation	1	1
CheminNavigationInsèreLien	3083017	Chemin de navigation	1	1
CheminNavigationModifieLien	3083018	Chemin de navigation	1	1
CheminNavigationSupprimeLien	3083019	Chemin de navigation	1	1
CheminNavigationSupprimeTout	3083020	Chemin de navigation	1	1
Cherche	1000017365	Tableau	1	1
ChercheParProcédure	1000020102	Tableau	1	1
ChercheProcédure	1000019367		1	1
ChronoDébut	3027031	gestion des dates et des heures	1	1
ChronoFin	3027032	gestion des dates et des heures	1	1
ChronoPause	1000018829	gestion des dates et des heures	1	1
ChronoRAZ	1000020474	gestion des dates et des heures	1	1
ChronoReprend	1000018830	gestion des dates et des heures	1	1
ChronoValeur	3027033	gestion des dates et des heures	1	1
ClavierListe	3071001	gestion du clavier du Terminal Mobile (Pocket PC)	1	0
ClavierMode	3071005	gestion du clavier du Terminal Mobile (Pocket PC)	1	0
ClavierVisible	3071013	gestion du téléphone	1	1
CléCalculeCléActivation	1000018849	gestion des clés d'activation	1	1
CléCompareClé	1000018850	gestion des clés d'activation	1	1
CléGénèreCléInitiale	1000018848	gestion des clés d'activation	1	1
CléRécupèreIdentifiant	1000018851	gestion des clés d'activation	1	1
Clone	1000024843	diverses WINDEV	0	1
CmdAjouteArgument	1410090501	Commande	0	1
CmdAjouteOption	1410090502	Commande	0	1
CmdEcritEntréeStandard	1410090503	Commande	0	1
CmdExécute	1410090500	Commande	0	1
CmdExécutionEstEnCours	1410091011	Commande	0	1
CmdLitSortieErreur	1410090505	Commande	0	1
CmdLitSortieStandard	1410090504	Commande	0	1
CmdRécupèreCodeRetour	1410090506	Commande	0	1
CmdTermine	1410091013	Commande	0	1
CodeSQLMetEnForme	1410091388	diverses WINDEV	0	1
CodeWLangageDonneDéclarationsCSS	1410090145	diverses WINDEV	0	1
CodeWLangageMetEnForme	1410090043	diverses WINDEV	0	1
CoffreFortContenusSecrets	1410091203	diverses WINDEV	0	1
CoffreFortRécupèreContenu	1410091372	diverses WINDEV	0	1
CoffreFortUtiliseContenusPourTest	1410091204	diverses WINDEV	0	1
ColonneEnCours	3025006	gestion des champs	1	1
COMAppelleMéthode	1000018832	diverses Windows	1	1
CombinaisonDepuisNom	1000020771	gestion des combinaisons et des énumérations	1	1
CombinaisonDepuisValeur	1000020770	gestion des combinaisons et des énumérations	1	1
CombinaisonVérifieNom	1000020772	gestion des combinaisons et des énumérations	1	1
ComboFerme	3026001	Combos	1	1
ComboOuvre	3026003	Combos	1	1
COMCréeInstance	1000018831	diverses Windows	1	1
Compile	3013015	diverses WINDEV	1	1
Complète	3024010	gestion des chaînes	1	1
ComplèteRep	3024018	gestion des chaînes	1	1
ComposantCharge	3014023	Projets	1	1
ComposantChargeTout	1000018926	Projets	1	1
ComposantExécute	1410089107	Projets	0	1
ComposantInfo	3013025	diverses WINDEV	1	1
ComposantListe	3064007	Projets	1	1
ComposantLocalise	3064009	Projets	1	1
Compresse	3024012	cryptage/compression	1	1
COMRécupèreInterface	1000019784	diverses Windows	1	1
ConfigureContexteAWP	1000017066	gestion des pages	1	1
Confirmer	3021007	Boîtes de dialogue	1	1
ConfirmerAsynchrone	1000025305	Boîtes de dialogue	0	1
ConnexionOccurrence	3012004	diverses WEBDEV	1	1
ConsoleEcrit	1000024022	Console	1	1
ConsoleErreur	1000024023	Console	1	1
ConsoleLit	1000024024	Console	1	1
ConstruitEntier	3062016	diverses Windows	1	1
ConstruitTableFichier	3074002	Table	1	1
ConstruitVariantAutomation	3013062	diverses WINDEV	1	1
ContactAffiche	1000019506	Contact (Lotus Notes ou Android/iPhone/iPad)	1	1
ContactAjoute	1000006101	Contact (Lotus Notes ou Android/iPhone/iPad)	1	1
ContactCherche	1000006102	Contact (Lotus Notes ou Android/iPhone/iPad)	1	1
ContactCrée	1000019556	Contact (Lotus Notes ou Android/iPhone/iPad)	1	1
ContactDernier	1000006103	Contact (Lotus Notes ou Android/iPhone/iPad)	1	1
ContactEdite	1000019507	Contact (Lotus Notes ou Android/iPhone/iPad)	1	1
ContactListe	1000020266	Contact (Lotus Notes ou Android/iPhone/iPad)	1	1
ContactListeSource	1000020214	Contact (Lotus Notes ou Android/iPhone/iPad)	1	1
ContactLit	1000006112	Contact (Lotus Notes ou Android/iPhone/iPad)	1	1
ContactModifie	1000006104	Contact (Lotus Notes ou Android/iPhone/iPad)	1	1
ContactPrécédent	1000006105	Contact (Lotus Notes ou Android/iPhone/iPad)	1	1
ContactPremier	1000006106	Contact (Lotus Notes ou Android/iPhone/iPad)	1	1
ContactRAZ	1000006107	Contact (Lotus Notes ou Android/iPhone/iPad)	1	1
ContactSélectionne	1000019508	Contact (Lotus Notes ou Android/iPhone/iPad)	1	1
ContactSuivant	1000006108	Contact (Lotus Notes ou Android/iPhone/iPad)	1	1
ContactSupprime	1000006109	Contact (Lotus Notes ou Android/iPhone/iPad)	1	1
ContexteExiste	3058002	gestion des pages	1	1
ContexteFerme	3058003	gestion des pages	1	1
ContexteOuvre	3058004	gestion des pages	1	1
Contient	1000019893	gestion des chaînes	1	1
ContinentListe	1000024932	Pays et Continents	1	1
ContinentRécupère	1000024933	Pays et Continents	1	1
Conversion	3050069	Mathématiques	1	1
Convert	3044244	HFSQL	1	1
CookieEcrit	3012008	gestion du navigateur	1	1
CookieLit	3012009	gestion du navigateur	1	1
CookieSupprime	1000025874	gestion du navigateur	0	1
CoordonnéeChampImageVersImage	1000026037	gestion des champs	0	1
CoordonnéeEcranVersEditeur	1000021276	gestion des champs	1	1
CoordonnéeEditeurVersEcran	1000021277	gestion des champs	1	1
CoordonnéeImageVersChampImage	1000026038	gestion des champs	0	1
CorbeilleListeFichier	1000017162	Corbeille	1	1
CorbeilleRestaure	1000017159	Corbeille	1	1
CorbeilleSupprime	1000017158	Corbeille	1	1
CorbeilleVide	1000017157	Corbeille	1	1
Cosinus	3050062	Mathématiques	1	1
CoTang	3050013	Mathématiques	1	1
CouleurLuminosité	3029048	dessin	1	1
CouleurPalette	1000019905	diverses WEBDEV	1	1
CouleurSaturation	3029058	dessin	1	1
CouleurSélection	3025003	gestion des champs	1	1
CouleurTeinte	3029056	dessin	1	1
CréeRaccourci	3014008	diverses Windows	1	1
Crypte	3024014	cryptage/compression	1	1
CrypteAsymétrique	1000024049	cryptage/compression	1	1
CrypteAsymétriqueEnveloppé	1000024057	cryptage/compression	1	1
CrypteGénèreCléRSA	1000024052	cryptage/compression	1	1
CrypteStandard	1000021293	cryptage/compression	1	1
CSVVersTableau	1000017097	Tableau	1	1
CurseurAffiche	3071003	Souris	1	1
CurseurCapture	3071004	Souris	1	1
CurseurPos	3071006	Souris	1	1
dAffiche	1000019566	dessin	1	1
dArc	3029004	dessin	1	1
DateDifférence	3027001	gestion des dates et des heures	1	1
DateDuJour	3027016	gestion des dates et des heures	1	1
DateHeureDifférence	3027020	gestion des dates et des heures	1	1
DateHeureFuseauVersLocale	1000020976	gestion des dates et des heures	1	1
DateHeureLocaleVersFuseau	1000020977	gestion des dates et des heures	1	1
DateHeureLocaleVersUTC	3027036	gestion des dates et des heures	1	1
DateHeureParDéfaut	3027015	gestion des dates et des heures	1	1
DateHeureSys	1000019398	gestion des dates et des heures	1	1
DateHeureUTCVersLocale	3027037	gestion des dates et des heures	1	1
DateHeureValide	1000020940	gestion des dates et des heures	1	1
DateHeureVersChaîne	1000025516	gestion des dates et des heures	0	1
DateHeureVersEpoch	1000023337	gestion des dates et des heures	1	1
DateHeureVersRéel	1000021361	gestion des dates et des heures	1	1
DateSélecteur	1000020018	gestion des dates et des heures	1	1
DateSys	3027026	gestion des dates et des heures	1	1
DateValide	3027003	gestion des dates et des heures	1	1
DateVersChaîne	3027025	gestion des dates et des heures	1	1
DateVersEntier	3027014	gestion des dates et des heures	1	1
DateVersJour	3027004	gestion des dates et des heures	1	1
DateVersJourDansLAnnée	1410089834	gestion des dates et des heures	0	1
DateVersJourDeLaSemaine	1000024867	gestion des dates et des heures	1	1
DateVersJourEnLettre	3027010	gestion des dates et des heures	1	1
DateVersMoisEnLettre	3027012	gestion des dates et des heures	1	1
DateVersNuméroDeSemaine	3027011	gestion des dates et des heures	1	1
dbgActiveAssertion	3014021	gestion du débogage	1	1
dbgActiveAudit	1000018835	gestion du débogage	1	1
dbgActiveLog	1000017137	gestion du débogage	1	1
dbgAssertion	3014022	gestion du débogage	1	1
dbgConnecte	1000024735	gestion du débogage	0	1
dbgDébutDiffMémoire	1000018840	gestion du débogage	1	1
dbgDébutEnregistrement	1000017160	gestion du débogage	1	1
dbgEcritCommentaireAudit	1000018839	gestion du débogage	1	1
dbgEcritWarningAudit	1000018838	gestion du débogage	1	1
dbgErreur	1000020526	gestion du débogage	1	1
dbgEtatAudit	1000018836	gestion du débogage	1	1
dbgEtatLog	1000017138	gestion du débogage	1	1
dbgFinDiffMémoire	1000018841	gestion du débogage	1	1
dbgFinEnregistrement	1000017161	gestion du débogage	1	1
dbgInfo	3014024	gestion du débogage	1	1
dbgOptionAudit	1000018837	gestion du débogage	1	1
dbgOptionLog	1000017136	gestion du débogage	1	1
dbgSauveDumpDébogage	1000018834	gestion du débogage	1	1
dbgSauveDumpMémoire	1000018852	gestion du débogage	1	1
dbgSortieStandard	3014020	gestion du débogage	1	1
dbgSurErreur	1000020722	gestion du débogage	1	1
dbgVérifieDifférence	1000019777	gestion du débogage	1	1
dbgVérifieEgalité	1000019776	gestion du débogage	1	1
dbgVérifieFaux	1000019781	gestion du débogage	1	1
dbgVérifieNonNull	1000019779	gestion du débogage	1	1
dbgVérifieNull	1000019778	gestion du débogage	1	1
dbgVérifieVrai	1000019780	gestion du débogage	1	1
dCadre	1000021894	dessin	1	1
dCercle	3029005	dessin	1	1
dChangeMode	3029010	dessin	1	1
dChargeImage	1000019656	dessin	1	1
dCopie	1000020799	dessin	1	1
dCopieImage	3029007	dessin	1	1
dCopieImageChamp	1410089473	dessin	0	1
dCopieImageEcran	1000019911	dessin	1	1
dCopieImageFenêtre	1000019912	dessin	1	1
dCorde	3029008	dessin	1	1
dCouleurDominanteImage	1000022959	dessin	1	1
dDébutDessin	3029009	dessin	1	1
DDEChaîne	3028002	DDE	1	1
DDEConnecte	3028015	DDE	1	1
dDécoupe	1000019670	dessin	1	1
DDEDéconnecte	3028003	DDE	1	1
DDEDestinataire	3028001	DDE	1	1
DDEEnvoie	3028004	DDE	1	1
DDEErreur	3028006	DDE	1	1
DDEEvénement	3028009	DDE	1	1
DDEExécute	3028008	DDE	1	1
DDEFinLien	3028005	DDE	1	1
DDEItem	3028007	DDE	1	1
DDELance	3028013	DDE	1	1
DDELien	3028010	DDE	1	1
DDELienTiède	3028014	DDE	1	1
DDEModifie	3028011	DDE	1	1
DDERécupère	3028017	DDE	1	1
DDESujet	3028019	DDE	1	1
dDifférenceImage	1410091217	dessin	0	1
DéchargeDLL	3014009	diverses Windows	1	1
DéchargeProcédure	3013018	diverses WINDEV	1	1
DéchargeWDL	3013013	diverses WINDEV	1	1
DécimalVersSexagésimal	1000020511	Mathématiques	1	1
DéclareContexteAWP	3058028	gestion des pages	1	1
DéclareContexteWebservice	1000019460	Webservices	1	1
Procédures WLangage	1513008		1	1
Décode	1000022259	cryptage/compression	1	1
DécomplèteRep	3024044	gestion des chaînes	1	1
Décompresse	3024009	cryptage/compression	1	1
Décrypte	3024035	cryptage/compression	1	1
DécrypteAsymétrique	1000024050	cryptage/compression	1	1
DécrypteAsymétriqueEnveloppé	1000024058	cryptage/compression	1	1
DécrypteStandard	1000021294	cryptage/compression	1	1
DeepLinkProcédure	1410089051	gestion du téléphone	0	1
dEfface	1410089252	dessin	0	1
Défile	1000018322	gestion des files, piles, listes	1	1
DélaiAvantFermeture	3038040	gestion des fenêtres	1	1
Demain	1000023787	gestion des dates et des heures	1	1
DemandeMiseAJourIHM	1000021378	gestion des fenêtres	1	1
DemandeMiseAJourIHMParent	1000022961	gestion des fenêtres	1	1
DemandeMiseAJourUIÉlément	1410088703	gestion des fenêtres	0	1
Dépile	1000017372	gestion des files, piles, listes	1	1
Déplace	1000017358	Tableau	1	1
DéplaceColonne	1000017360	Tableau	1	1
DéplaceLigne	1000017359	Tableau	1	1
DernierJourDeLAnnée	1000025806	gestion des dates et des heures	0	1
DernierJourDeLaSemaine	1000019883	gestion des dates et des heures	1	1
DernierJourDuMois	1000019399	gestion des dates et des heures	1	1
DésactiveFAA	3013061	FAA (Fonctionnalités Automatiques de l'Application)	1	1
Désérialise	3013066	gestion des chaînes	1	1
DessinDisponible	1000019483	dessin	1	1
dFinDessin	3029019	dessin	1	1
dFlou	1410088153	dessin	0	1
dFond	3029002	dessin	1	1
dFusionne	1000019673	dessin	1	1
dHalo	1000019671	dessin	1	1
DiagrammeCharge	1410088123	Editeur de diagrammes	0	1
DiagrammeChargeBibliothèque	1410088356	Editeur de diagrammes	0	1
DiagrammeDébutModification	1410088735	Editeur de diagrammes	0	1
DiagrammeDégroupe	1410088422	Editeur de diagrammes	0	1
DiagrammeFinModification	1410088736	Editeur de diagrammes	0	1
DiagrammeFormeVersImage	1410088373	Editeur de diagrammes	0	1
DiagrammeGroupe	1410088421	Editeur de diagrammes	0	1
DiagrammeInfoXY	1410088464	Editeur de diagrammes	0	1
DiagrammeRecherche	1410088695	Editeur de diagrammes	0	1
DiagrammeSauve	1410088122	Editeur de diagrammes	0	1
DiagrammeSelectMoins	1410088168	Editeur de diagrammes	0	1
DiagrammeSelectPlus	1410088167	Editeur de diagrammes	0	1
DiagrammeVersImage	1410088144	Editeur de diagrammes	0	1
DiagrammeVersSVG	1410088873	Editeur de diagrammes	0	1
Dialogue	3021015	Boîtes de dialogue	1	1
DialogueAsynchrone	1000025310	Boîtes de dialogue	0	1
DictionnaireCharge	1000022958	gestion des champs	1	1
diffApplique	1000018602	diverses WINDEV	1	1
diffCrée	1000018601	diverses WINDEV	1	1
dImageVersTableau	1000019576	dessin	1	1
Dimension	3013022	diverses WINDEV	1	1
dIncrusteCouleur	1000019672	dessin	1	1
dInverseCouleur	3029001	dessin	1	1
DispositionAdapteTaille	1000023548		1	1
dLigne	3029016	dessin	1	1
dModifieContraste	1410088872	dessin	0	1
dModifieLuminosité	3029052	dessin	1	1
dModifieOpacité	1000020521	dessin	1	1
dModifieSaturation	3029053	dessin	1	1
dModifieTeinte	3029054	dessin	1	1
dModifieTSL	3029055	dessin	1	1
DnDAccepte	3030005	Drag and Drop	1	1
DnDCurseur	3030004	Drag and Drop	1	1
DnDDonne	3030001	Drag and Drop	1	1
DnDDonnéeDisponible	3030002	Drag and Drop	1	1
DnDDonneElémentTDB	1000020971	Drag and Drop	1	1
DnDEvénement	3030006	Drag and Drop	1	1
DnDImpose	3030003	Drag and Drop	1	1
DnDRécupère	3030008	Drag and Drop	1	1
DNSAjouteAdresse	1000019400	DNS	1	1
DNSInterroge	1410089873	DNS	0	1
DNSListeAdresse	1000019401	DNS	1	1
DNSSupprimeAdresse	1000019402	DNS	1	1
DocAjoute	1000022919	Traitement de texte	1	1
DocChangeAltitude	1000023970	Traitement de texte	1	1
DocContinuerNumérotation	1410086716	Traitement de texte	0	1
DocDébutModification	1000022620	Traitement de texte	1	1
DocEffaceMiseEnForme	1410090443	Traitement de texte	0	1
DocEntreEdition	1000023077	Traitement de texte	1	1
DocFerme	1000022621	Traitement de texte	1	1
DocFinModification	1000022423	Traitement de texte	1	1
DocImprime	1000022640	Traitement de texte	1	1
DocInfoXY	1000025333	Traitement de texte	0	1
DocInsère	1000022732	Traitement de texte	1	1
DocInsèreTableau	1000022967	Traitement de texte	1	1
DocInsèreTableDesMatières	1000024884	Traitement de texte	0	1
DocMiseAJourFormule	1000024897	Traitement de texte	0	1
DocMiseAJourTableDesMatières	1000024885	Traitement de texte	0	1
DocModeCopieMiseEnForme	1410090446	Traitement de texte	0	1
DocOuvre	1000022622	Traitement de texte	1	1
DocPositionDébutPage	1410088921	Traitement de texte	0	1
DocPositionne	1000022743	Traitement de texte	1	1
DocRecherche	1000022388	Traitement de texte	1	1
DocRechercheElémentParNom	1410088857	Traitement de texte	0	1
DocRedo	1000022425	Traitement de texte	1	1
DocRedoOccurrence	1000022427	Traitement de texte	1	1
DocRemplace	1000022496	Traitement de texte	1	1
DocReprendreNumérotationAUn	1410086717	Traitement de texte	0	1
DocSauve	1000022387	Traitement de texte	1	1
DocSélectionne	1000022391	Traitement de texte	1	1
DocSortEdition	1000023088	Traitement de texte	1	1
DocSupprime	1000024172	Traitement de texte	1	1
DocSupprimeTableDesMatières	1000024916	Traitement de texte	0	1
DocUndo	1000022424	Traitement de texte	1	1
DocUndoOccurrence	1000022426	Traitement de texte	1	1
DocUndoRedoSupprimeTout	1000022734	Traitement de texte	1	1
DocVersHTML	1000022393	Traitement de texte	1	1
DocVersImage	1000022808	Traitement de texte	1	1
DocVersPDF	1000022531	Traitement de texte	1	1
DocVersTexte	1000022389	Traitement de texte	1	1
dOmbre	1000019674	dessin	1	1
DomoAllume	1000003101	domotique	1	1
DomoEnvoie	1000003104	domotique	1	1
DomoEtat	1000003105	domotique	1	1
DomoEteint	1000003103	domotique	1	1
DomoFerme	1000003106	domotique	1	1
DomoOuvre	1000003102	domotique	1	1
DonneCouleur	1000018912	diverses WINDEV	1	1
DonneFocus	3025001	gestion des champs	1	1
DonneFocusEtRetourUtilisateur	1410088107		0	1
DonneGUID	1000018857	diverses WINDEV	1	1
DonneIdentifiant	3013028	Exécutables	1	1
DonneISOPays	1000023939		1	1
DonneListePays	1000021846		1	1
DonneNomPays	1000023938		1	1
DonneUUID256	1000023916	diverses WINDEV	1	1
DonneUUID	1000023915	diverses WINDEV	1	1
DotNetAjouteEntête	3031009	Dotnet	1	1
DotNetDélégué	1000017052	Dotnet	1	1
DotNetDonneRésultat	3031005	Dotnet	1	1
DotNetErreur	3031004	Dotnet	1	1
DotNetExécute	3031016	Dotnet	1	1
DotNetExécuteXML	3031012	Dotnet	1	1
DotNetVersion	3031017	Dotnet	1	1
DoubleAuthGénèreCléTOTP	1000025974	gestion de la double authentification	0	1
DoubleAuthGénèreLien	1000025975	gestion de la double authentification	0	1
DoubleAuthVérifieCode	1000025976	gestion de la double authentification	0	1
dpDriveConnecte	1410089379	Drive	0	1
dPixelCouleur	3029014	dessin	1	1
dPixelOpacité	1000017029	dessin	1	1
dPoint	3029018	dessin	1	1
dPolice	3029020	dessin	1	1
dPolygone	3029006	dessin	1	1
dPolyligne	1000023919	dessin	1	1
dPortion	3029021	dessin	1	1
dRectangle	3029023	dessin	1	1
dRectangleArrondi	1000021773	dessin	1	1
dRectangleDégradé	1000017059	dessin	1	1
dRedimensionne	3029011	dessin	1	1
dRedresse	1410088803	dessin	0	1
dRemplissage	3029017	dessin	1	1
DriveCopieFichier	1410089524	Drive	0	1
DriveCopieRépertoire	1410089554	Drive	0	1
DriveCréeFichier	1410089477	Drive	0	1
DriveCréeRépertoire	1410089479	Drive	0	1
DriveDéplaceFichier	1410089555	Drive	0	1
DriveDéplaceRépertoire	1410089556	Drive	0	1
DriveEnvoieFichier	1410089563	Drive	0	1
DriveEnvoieRépertoire	1410089564	Drive	0	1
DriveListeFichier	1410089380	Drive	0	1
DriveListeFichierGgl	1410089601	Drive	0	1
DriveListeRépertoire	1410089448	Drive	0	1
DriveRécupèreFichier	1410089558	Drive	0	1
DriveRécupèreFichierGgl	1410089618	Drive	0	1
DriveRécupèreRépertoire	1410089559	Drive	0	1
DriveRenomme	1410089566	Drive	0	1
DriveSupprimeFichier	1410089480	Drive	0	1
DriveSupprimeRépertoire	1410089481	Drive	0	1
Droite	3024016	gestion des chaînes	1	1
dRotation	3029024	dessin	1	1
dSauveImage	3029013	dessin	1	1
dSauveImageBMP	3029026	dessin	1	1
dSauveImageGIF	3029040	dessin	1	1
dSauveImageICO	1000020798	dessin	1	1
dSauveImageJPEG	3029038	dessin	1	1
dSauveImagePNG	3029027	dessin	1	1
dSauveImageTIFF	1000020852	dessin	1	1
dStylo	3029029	dessin	1	1
dSymétrieHorizontale	3029031	dessin	1	1
dSymétrieVerticale	3029030	dessin	1	1
dTexte	3029032	dessin	1	1
dTexteHauteur	1410091058	dessin	0	1
dTexteHTML	1410091368	dessin	0	1
dTexteLargeur	1410091056	dessin	0	1
dTexteMarkdown	1410089010	dessin	0	1
dTexteRTF	1000021280	dessin	1	1
dTransfertVersImage	1000020210	dessin	1	1
DuréeVersChaîne	3027007	gestion des dates et des heures	1	1
DynamicServingConfigure	1000021994	diverses WEBDEV	1	1
eChangeDevise	3033012	gestion de l'Euro	1	1
EchangeLigne	1000020482	Tableau	1	1
EcranPremier	3025039	gestion des champs	1	1
EcranVersFichier	3044146	liaison	1	1
EcranVersSource	1000017342	liaison	1	1
eDeviseAffParDéfaut	3033009	gestion de l'Euro	1	1
eDeviseMemParDéfaut	3033016	gestion de l'Euro	1	1
eDifférenceArrondi	3033015	gestion de l'Euro	1	1
EditeurCodeCharge	1410090372	Editeur de code	0	1
EditeurCodeCommente	1410090247	Editeur de code	0	1
EditeurCodeCompile	1410090249	Editeur de code	0	1
EditeurCodeDécommente	1410090248	Editeur de code	0	1
EditeurCodeDupliqueLigne	1410090252	Editeur de code	0	1
EditeurCodeExécute	1410090253	Editeur de code	0	1
EditeurCodeInsère	1410090254	Editeur de code	0	1
EditeurCodeRecherche	1410090250	Editeur de code	0	1
EditeurCodeRécupèreErreur	1410090257	Editeur de code	0	1
EditeurCodeRemplace	1410090251	Editeur de code	0	1
EditeurCodeSauve	1410090245	Editeur de code	0	1
EditeurCodeSupprimeTout	1410090256	Editeur de code	0	1
EditeurHTMLDepuisEmail	1000026172	Editeur HTML	0	1
EditeurHTMLExécuteJS	1000026260	Editeur HTML	0	1
EditeurHTMLFormateSélection	1000025996	Editeur HTML	0	1
EditeurHTMLInsère	1000025994	Editeur HTML	0	1
EditeurHTMLInsèreTableau	1000025917	Editeur HTML	0	1
EditeurHTMLRecherche	1000025918	Editeur HTML	0	1
EditeurHTMLRécupère	1000025981	Editeur HTML	0	1
EditeurHTMLRécupèreDocument	1000025993	Editeur HTML	0	1
EditeurHTMLRécupèreSélection	1000025992	Editeur HTML	0	1
EditeurHTMLRemplace	1000025995	Editeur HTML	0	1
EditeurHTMLSélectionne	1000025926	Editeur HTML	0	1
EditeurHTMLVersEmail	1000026171	Editeur HTML	0	1
EditeurHTMLVersPDF	1000025927	Editeur HTML	0	1
eInitDevise	3033003	gestion de l'Euro	1	1
EmailAbonneAuDossier	1410091039	gestion des emails	0	1
EmailAjouteDossier	3032129	gestion des emails	1	1
EmailAppliRécupèreArchitecture	1410090512	gestion des emails	0	1
EmailChangeDossier	3032135	gestion des emails	1	1
EmailChangeEtat	1000019112	gestion des emails	1	1
EmailChangeTimeOut	3032001	gestion des emails	1	1
EmailChargeFichierAttaché	1000019126	gestion des emails	1	1
EmailCherchePremier	3032131	gestion des emails	1	1
EmailCherchePremierNotes	3032125	gestion des emails	1	1
EmailConstruitSource	1000017225	gestion des emails	1	1
EmailCopie	1000019918	gestion des emails	1	1
EmailDésabonneDuDossier	1410091040	gestion des emails	0	1
EmailDétruit	1000021553	gestion des emails	1	1
EmailDossierCourant	3032132	gestion des emails	1	1
EmailEnvoie	3032003	gestion des emails	1	1
EmailEnvoieMessage	3032005	gestion des emails	1	1
EmailEtat	3032009	gestion des emails	1	1
EmailExécuteCommande	1410091038	gestion des emails	0	1
EmailExporteHTML	1000026173	gestion des emails	0	1
EmailExtrait	1410091387	gestion des emails	0	1
EmailFermeSession	3032006	gestion des emails	1	1
EmailImporteHTML	3032038	gestion des emails	1	1
EmailImporteSource	1000017226	gestion des emails	1	1
EmailJauge	3032017	gestion des emails	1	1
EmailLanceAppli	1000019564	gestion des emails	1	1
EmailListeDossier	3032133	gestion des emails	1	1
EmailLitDernier	3032010	gestion des emails	1	1
EmailLitEntêteDernier	3032015	gestion des emails	1	1
EmailLitEntêteMessage	3032012	gestion des emails	1	1
EmailLitEntêtePrécédent	3032019	gestion des emails	1	1
EmailLitEntêtePremier	3032013	gestion des emails	1	1
EmailLitEntêteSuivant	3032018	gestion des emails	1	1
EmailLitMessage	3032016	gestion des emails	1	1
EmailLitPrécédent	3032008	gestion des emails	1	1
EmailLitPremier	3032014	gestion des emails	1	1
EmailLitSuivant	3032004	gestion des emails	1	1
EmailLitTimeOut	3032011	gestion des emails	1	1
EmailMiseAJour	3032036	gestion des emails	1	1
EmailMsgErreur	3032026	gestion des emails	1	1
EmailNbMessage	3032024	gestion des emails	1	1
EmailOuvreMessagerie	3032021	gestion du navigateur	1	1
EmailOuvreSession	3032028	gestion des emails	1	1
EmailOuvreSessionIMAP	1000019189	gestion des emails	1	1
EmailOuvreSessionNotes	3032121	gestion des emails	1	1
EmailOuvreSessionOutlook	3032128	gestion des emails	1	1
EmailOuvreSessionPOP3	3032022	gestion des emails	1	1
EmailOuvreSessionSMTP	3032025	gestion des emails	1	1
EmailParamètre	1000022269	gestion des emails	1	1
EmailRAZ	3032023	gestion des emails	1	1
EmailRécupèreIndicateur	1000021263	gestion des emails	1	1
EmailRécupèreTout	1000018727	gestion des emails	1	1
EmailSauveFichierAttaché	3032020	gestion des emails	1	1
EmailSupprimeDossier	3032134	gestion des emails	1	1
EmailSupprimeMessage	3032027	gestion des emails	1	1
EmailTailleMessage	3032030	gestion des emails	1	1
EmailVérifieAdresse	1000017305	gestion des emails	1	1
Empile	1000017366	gestion des files, piles, listes	1	1
Encode	1000022258	cryptage/compression	1	1
Enfile	1000018323	gestion des files, piles, listes	1	1
EnMode64bits	1000019491	diverses WINDEV	1	1
EnModeAJAX	3013074	diverses WINDEV	1	1
EnModeAndroid	1000018990	diverses WINDEV	1	1
EnModeAppleWatch	1000022065	diverses WINDEV	1	1
EnModeArrièrePlan	1000023457	diverses WINDEV	1	1
EnModeAWP	3014031	diverses WINDEV	1	1
EnModeComposant	3013023	diverses WINDEV	1	1
EnModeDeviceOwner	1000024428	Kiosque	1	1
EnModeEmulateurAndroid	1000019146	diverses WINDEV	1	1
EnModeEmulateurAppleWatch	1000022067	diverses WINDEV	1	1
EnModeEmulateuriOS	1000019766	diverses WINDEV	1	1
EnModeEmulateurWindowsPhone	1000019404	diverses WINDEV	1	1
EnModeEtatsEtRequêtes	3013068	diverses WINDEV	1	1
EnModeFabrique	1000019490	diverses WINDEV	1	1
EnModeiOS	1000019765	diverses WINDEV	1	1
EnModeJava	3013058	diverses WINDEV	1	1
EnModeKiosque	1000024427	Kiosque	1	1
EnModeLinux	1000019577	diverses WINDEV	1	1
EnModeMacCatalyst	1000024934	diverses WINDEV	0	1
EnModeMCU	1000017027	MCU	1	1
EnModePageDansFenêtre	1410089362	diverses WINDEV	0	1
EnModePHP	3013057	diverses WINDEV	1	1
EnModePocket	3013024	diverses WINDEV	1	0
EnModeProcédureDifférée	1000020665	diverses WINDEV	1	1
EnModeProcédureStockée	3014029	diverses WINDEV	1	1
EnModeRecyclage	1410090740	diverses WINDEV	0	1
EnModeServeurWebSocket	1000025939	diverses WINDEV	0	1
EnModeServeurWebSocketServiceGlobal	1000025966	diverses WINDEV	0	1
EnModeService	1000018710	diverses WINDEV	1	1
EnModeSessionPrélancée	1000021575	diverses WINDEV	1	1
EnModeSimulateur	3014033	diverses WINDEV	1	1
EnModeSimulateurAndroid	1000019181	diverses WINDEV	1	1
EnModeSimulateurAppleWatch	1000022066	diverses WINDEV	1	1
EnModeSimulateuriOS	1000019767	diverses WINDEV	1	1
EnModeSimulateurPHP	1000018812	diverses WINDEV	1	1
EnModeSimulateurPocket	1000019182	diverses WINDEV	1	1
EnModeSimulateurUniversalWindowsApp	1000022041	diverses WINDEV	1	1
EnModeSimulateurUniversalWindowsPlatform	1000021971	diverses WINDEV	1	1
EnModeSimulateurWindowsPhone	1000019403	diverses WINDEV	1	1
EnModeSimulateurWindowsStoreApp	1000020696	diverses WINDEV	1	1
EnModeSimulateurWinRT	1000020607	diverses WINDEV	1	1
EnModeSysNotification	1410087933	Notifications système	0	1
EnModeTest	3013011	diverses WINDEV	1	1
EnModeTestApplication	1410090514	diverses WINDEV	0	1
EnModeTestAutomatique	3014027	diverses WINDEV	1	1
EnModeTestUnitaire	1410090513	diverses WINDEV	0	1
EnModeToolIA	1410086703	diverses WINDEV	0	1
EnModeTSE	1000017028	diverses WINDEV	1	1
EnModeUniversalWindowsApp	1000022098	diverses WINDEV	1	1
EnModeUniversalWindowsPlatform	1000021972	diverses WINDEV	1	1
EnModeVGA	1000019638	diverses WINDEV	1	1
EnModeVisiteGuidée	1410090218	diverses WINDEV	0	1
EnModeWeb	3013042	diverses WINDEV	1	1
EnModeWebservice	1000019405	diverses WINDEV	1	1
EnModeWidget	1000020649	Widget	1	1
EnModeWindows	1000019614	diverses WINDEV	1	1
EnModeWindowsMobile	1000019657	diverses WINDEV	0	1
EnModeWindowsPhone	1000019407	diverses WINDEV	1	1
EnModeWindowsStoreApp	1000020695	diverses WINDEV	1	1
EnModeWinRT	1000020527	diverses WINDEV	1	1
eNomDevise	3033006	gestion de l'Euro	1	1
EntierSystèmeVersEntier	1000022256	gestion des chaînes	1	1
EntierVersBuffer	1410091333	gestion des chaînes	0	1
EntierVersDate	3027009	gestion des dates et des heures	1	1
EntierVersHeure	3027006	gestion des dates et des heures	1	1
EntierVersHexa	1000019494	gestion des chaînes	1	1
EntierVersJour	3027008	gestion des dates et des heures	1	1
EntierVersJourEnLettre	3027028	gestion des dates et des heures	1	1
EntierVersMoisEnLettre	3027005	gestion des dates et des heures	1	1
EntierVersNuméroDeSemaine	3027030	gestion des dates et des heures	1	1
EnumérationDepuisNom	1000020769	gestion des combinaisons et des énumérations	1	1
EnumérationDepuisValeur	1000020768	gestion des combinaisons et des énumérations	1	1
EnumérationVérifieNom	1000020767	gestion des combinaisons et des énumérations	1	1
EnumérationVérifieValeur	1000020866	gestion des combinaisons et des énumérations	1	1
EnumèreChamp	3025005	gestion des champs	1	1
EnumèreElément	3064001	gestion des fenêtres	1	1
EnumèreMenu	3038039	Menu	1	1
EnumèreSousElément	3064002	Menu	1	1
EnvoieTouche	3014014	diverses Windows	1	1
EpochVersDateHeure	1000023338	gestion des dates et des heures	1	1
Erreur 809 : Le caractère * ne peut pas être utilisé comme paramètre obligatoire d'une fonction	100000810		1	1
Erreur	3021013	Boîtes de dialogue	1	1
ErreurAsynchrone	1000025306	Boîtes de dialogue	0	1
ErreurAvecDélai	1000020529	Boîtes de dialogue	1	1
ErreurAvecDélaiAsynchrone	1000025428	Boîtes de dialogue	0	1
ErreurChangeParamètre	3034009	gestion des Exceptions	1	1
ErreurConstruit	1000018878	Boîtes de dialogue	1	1
ErreurDéclenche	3034011	gestion des Exceptions	1	1
ErreurInfo	3013008	gestion des Exceptions	1	1
ErreurPropage	3034015	gestion des Exceptions	1	1
ErreurRAZ	1000025702	gestion des Exceptions	0	1
ErreurRestaureParamètre	3034012	gestion des Exceptions	1	1
EspaceSignificatif	3044142	HFSQL	1	1
Espagne.VérifieDNI	1410089242	gestion des identifiants administratifs	0	1
Espagne.VérifieNIF	1410089246	gestion des identifiants administratifs	0	1
Espagne.VérifieNuméroFiscal	1410090224	gestion des identifiants administratifs	0	1
EstImpair	3050015	Mathématiques	1	1
EstNumérique	3013035	diverses WINDEV	1	1
EstPair	3050064	Mathématiques	1	1
EtatAlimentation	3067007	gestion du téléphone	1	1
EtatsUnis.VérifieEIN	1410089226	gestion des identifiants administratifs	0	1
EtatsUnis.VérifieFEI	1410089250	gestion des identifiants administratifs	0	1
EtatsUnis.VérifieNuméroFiscal	1410090220	gestion des identifiants administratifs	0	1
EtatsUnis.VérifieSSN	1410089225	gestion des identifiants administratifs	0	1
eTauxDeChange	3033004	gestion de l'Euro	1	1
ETBinaire	3050010	gestion des valeurs Binaires	1	1
EvalueExpression	1000019782	diverses WINDEV	1	1
Evénement	3015011	Evénements Windows	1	1
EvénementExiste	1000024424	Evénements Windows	0	1
eVersDevise	3033001	gestion de l'Euro	1	1
eVersEuro	3033005	gestion de l'Euro	1	1
ExceptionActive	3034002	gestion des Exceptions	1	1
ExceptionAffiche	1000019408	gestion des Exceptions	1	1
ExceptionChangeParamètre	3034007	gestion des Exceptions	1	1
ExceptionDéclenche	3034005	gestion des Exceptions	1	1
ExceptionInfo	3034006	gestion des Exceptions	1	1
ExceptionPropage	3034014	gestion des Exceptions	1	1
ExceptionRestaureParamètre	3034008	gestion des Exceptions	1	1
Exécute	3013041	diverses WINDEV	1	1
ExécuteActionPrédéfinie	3014028	diverses WINDEV	1	1
ExécuteAncêtre	3013063	diverses WINDEV	1	1
ExécuteCode	1000019783	diverses WINDEV	1	1
ExécuteFAA	3013060	FAA (Fonctionnalités Automatiques de l'Application)	1	1
ExécuteJS	1000023014	diverses WINDEV	1	1
ExécuteMiseAJourIHM	1000021379	gestion des fenêtres	1	1
ExécuteMiseAJourIHMParent	1000022962	gestion des fenêtres	1	1
ExécuteMiseAJourUIÉlément	1410088704	gestion des fenêtres	0	1
ExécuteProcédureDifférée	1000020682	diverses WEBDEV	1	1
ExécuteProcédureRéactive	1410090775	diverses WINDEV	0	1
ExécuteThreadPrincipal	1000019862	gestion des threads	1	1
ExécuteThreadPrincipalAsynchrone	1410088684	gestion des threads	0	1
ExécuteTraitement	3013031	diverses WINDEV	1	1
ExeDonnePID	1000017239	Exécutables	1	1
ExeInfo	3035001	Exécutables	1	1
ExeLancé	3035003	Exécutables	1	1
ExeListeDLL	3035009	Exécutables	1	1
ExeListeProcessus	3035008	Exécutables	1	1
ExePriorité	3035010	Exécutables	1	1
ExeTermine	3035004	Exécutables	1	1
Exp	3050029	Mathématiques	1	1
ExplorerAccepte	3030015	Drag and Drop	1	1
ExplorerRécupère	3030009	Drag and Drop	1	1
ExtraitChaîne	3024017	gestion des chaînes	1	1
ExtraitChaîneAprès	1410091392	gestion des chaînes	0	1
ExtraitChaîneAvant	1410091391	gestion des chaînes	0	1
ExtraitChaîneEntre	1000024868	gestion des chaînes	1	1
ExtraitLigne	1000020480	gestion des chaînes	1	1
FAAActive	1000024767	FAA (Fonctionnalités Automatiques de l'Application)	1	1
FAAChangeLibellé	1000022100	FAA (Fonctionnalités Automatiques de l'Application)	1	1
FAADésactive	1000022018	FAA (Fonctionnalités Automatiques de l'Application)	1	1
FAAExécute	1000022099	FAA (Fonctionnalités Automatiques de l'Application)	1	1
FAAExporteParamètre	1000024375	FAA (Fonctionnalités Automatiques de l'Application)	1	1
FAAImporteParamètre	1000024377	FAA (Fonctionnalités Automatiques de l'Application)	1	1
FAALanceAide	1410089447	FAA (Fonctionnalités Automatiques de l'Application)	0	1
FAAMenuContextuelVersChaîne	1000022467	FAA (Fonctionnalités Automatiques de l'Application)	1	1
FAAParamètre	1000022108	FAA (Fonctionnalités Automatiques de l'Application)	1	1
FAAPossible	1000022791	FAA (Fonctionnalités Automatiques de l'Application)	1	1
FAASécuritéExport	1000022481	FAA (Fonctionnalités Automatiques de l'Application)	1	1
FacteurGrandePolice	3013032	gestion des fenêtres	1	1
Factorielle	1000019409	Mathématiques	1	1
fAjouteBuffer	1000020496	gestion des fichiers externes	1	1
fAjouteTexte	1000020494	gestion des fichiers externes	1	1
fAttribut	3036010	gestion des fichiers externes	1	1
fAttributLectureSeule	3036063	gestion des fichiers externes	1	1
FaxBoîteEnvoi	3037008	Fax	1	1
FaxBoîteRéception	3037009	Fax	1	1
FaxConnecte	3037005	Fax	1	1
FaxDéconnecte	3037007	Fax	1	1
FaxEnvoie	3037006	Fax	1	1
FaxEtat	3037001	Fax	1	1
FaxRéinitialise	3037012	Fax	1	1
FaxReprend	3037013	Fax	1	1
FaxSupprime	3037014	Fax	1	1
FaxSuspend	3037015	Fax	1	1
FBEtatSession	1000021852	Facebook	1	1
FBFermeSession	1000021836	Facebook	1	1
fBloque	3036030	gestion des fichiers externes	1	1
FBOuvreSession	1000021835	Facebook	1	1
FBRécupèreInformationUtilisateur	1000021837	Facebook	1	1
FBRequête	1000021838	Facebook	1	1
fChangeExtension	1410089227	gestion des fichiers externes	0	1
fChangeTaille	3036064	gestion des fichiers externes	1	1
fChargeBuffer	1000019410	gestion des fichiers externes	1	1
fChargeRessource	1000023958	gestion des fichiers externes	1	1
fChargeTexte	3036006	gestion des fichiers externes	1	1
fCheminCourt	3036012	gestion des fichiers externes	1	1
fCheminLong	3036028	gestion des fichiers externes	1	1
fCherche	1000020498	gestion des fichiers externes	1	1
fCompacte	3036016	gestion des fichiers externes	1	1
fCompare	3036002	gestion des fichiers externes	1	1
fConstruitChemin	1000019880	gestion des fichiers externes	1	1
fContentType	1000024732	gestion des fichiers externes	0	1
fCopieFichier	3036004	gestion des fichiers externes	1	1
fCopieFichierRépertoireWeb	1000020181	gestion des fichiers externes	1	1
fCrée	3036017	gestion des fichiers externes	1	1
fCréeLien	1000018876	gestion des fichiers externes	1	1
fCrypte	3036013	gestion des fichiers externes	1	1
fDate	3036019	gestion des fichiers externes	1	1
fDateHeure	3036066	gestion des fichiers externes	1	1
fDébloque	3036020	gestion des fichiers externes	1	1
fDécompacte	3036021	gestion des fichiers externes	1	1
fDécoupe	1000021019	gestion des fichiers externes	1	1
fDécrypte	3036018	gestion des fichiers externes	1	1
fDéplaceFichier	3036060	gestion des fichiers externes	1	1
fDétecteStockageAmovible	3036061	gestion des fichiers externes	1	1
fDisqueEnCours	3036023	gestion des fichiers externes	1	1
fDisqueInfo	3036024	gestion des fichiers externes	1	1
fDisquePrêt	3036047	gestion des fichiers externes	1	1
fEcrit	3036014	gestion des fichiers externes	1	1
fEcritLigne	3036025	gestion des fichiers externes	1	1
FenActiveGFI	3038056	gestion des fenêtres	1	1
FenAdapteHauteur	1000019886	gestion des fenêtres	1	1
FenAdapteLargeur	1000019920	gestion des fenêtres	1	1
FenAdapteTaille	3038049	gestion des fenêtres	1	1
FenAgencementEnCours	1000021133	gestion des fenêtres	1	1
FenAnimationFermeture	3038050	Animation	1	1
FenAnimationOuverture	3038051	Animation	1	1
FenAnimationSuivante	3038052	Animation	1	1
FenAttenteDébut	1000023416	gestion des fenêtres	1	1
FenAttenteFin	1000023417	gestion des fenêtres	1	1
FenBoutonSystème	3038024	gestion des fenêtres	1	0
FenChangeAgencement	1000021056	gestion des fenêtres	1	1
FenChangeAlias	3038028	gestion des fenêtres	1	1
FenColleFormulaire	1000018993	gestion des fenêtres	1	1
FenCopieFormulaire	1000018992	gestion des fenêtres	1	1
FenCoulissanteVisible	1000020978	gestion des fenêtres	1	1
FenDésactiveEffet	1000017172	Animation	1	1
FenDonneHauteurAdaptée	1000019888	gestion des fenêtres	1	1
FenDonneLargeurAdaptée	1000019889	gestion des fenêtres	1	1
FenEdActive	1000021843	Fenêtres manipulables par l'utilisateur final	1	1
FenEdCharge	1000021849	Fenêtres manipulables par l'utilisateur final	1	1
FenEdCréeNote	1000022270	Fenêtres manipulables par l'utilisateur final	1	1
FenEdDéclareUndo	1000021898	Fenêtres manipulables par l'utilisateur final	1	1
FenEdDésélectionneTout	1000021873	Fenêtres manipulables par l'utilisateur final	1	1
FenEdDo	1000021897	Fenêtres manipulables par l'utilisateur final	1	1
FenEdRedo	1000021905	Fenêtres manipulables par l'utilisateur final	1	1
FenEdRestaure	1000021869	Fenêtres manipulables par l'utilisateur final	1	1
FenEdSauve	1000021848	Fenêtres manipulables par l'utilisateur final	1	1
FenEdSauveNote	1000022120	Fenêtres manipulables par l'utilisateur final	1	1
FenEdSelect	1000021871	Fenêtres manipulables par l'utilisateur final	1	1
FenEdSelectMoins	1000021874	Fenêtres manipulables par l'utilisateur final	1	1
FenEdSelectOccurrence	1000021870	Fenêtres manipulables par l'utilisateur final	1	1
FenEdSelectPlus	1000021872	Fenêtres manipulables par l'utilisateur final	1	1
FenEdUndo	1000021904	Fenêtres manipulables par l'utilisateur final	1	1
FenEffetInactif	3038055	gestion des fenêtres	1	1
FenEnCours	3038033	gestion des fenêtres	1	1
FenEnExécution	3038034	gestion des fenêtres	1	1
FenEtat	3038030	gestion des fenêtres	1	1
FenêtreDepuisSource	1000021396	liaison	0	1
FenExtHaut	3038032	gestion des fenêtres	1	1
FenExtLarg	3038029	gestion des fenêtres	1	1
FenExtPosX	3038027	gestion des fenêtres	1	1
FenExtPosY	3038026	gestion des fenêtres	1	1
FenForceGFI	1000019890	gestion des fenêtres	1	1
FenHauteurBarreIcone	3038025	gestion des fenêtres	1	1
FenImageFond	3038038	gestion des fenêtres	1	1
FenInitialisée	1000018919	gestion des fenêtres	1	1
FenIntHaut	3038037	gestion des fenêtres	1	1
FenIntLarg	3038031	gestion des fenêtres	1	1
FenIntPosX	3038017	gestion des fenêtres	1	1
FenIntPosY	3038011	gestion des fenêtres	1	1
FenListeFenêtreFilleOuverte	1410086674	gestion des fenêtres	0	1
FenListeFenêtreOuverte	1410091369	gestion des fenêtres	0	1
FenOptimise	1410090613	gestion des fenêtres	0	1
FenOrientation	1000020075	gestion des fenêtres	1	1
FenPrécédente	3038014	gestion des fenêtres	1	1
FenRafraîchissementVisible	1000023419	gestion des fenêtres	1	1
FenRectangleEcran	1000017198	gestion des fenêtres	1	1
FenRepeint	3038006	gestion des fenêtres	1	1
FenTaille	3038020	gestion des fenêtres	1	1
FenTailleUtile	1000017089	Fenêtres internes	1	1
FenTauxGFI	3038057	gestion des fenêtres	1	1
Ferme	3038018	gestion des fenêtres	1	1
FermeSession	3032124	gestion des emails	1	1
fEstUneImage	1000019411	gestion des fichiers externes	1	1
fExtraitChemin	3036026	gestion des fichiers externes	1	1
fExtraitRessource	1000019509	gestion des fichiers externes	1	1
fFerme	3036027	gestion des fichiers externes	1	1
fFichierExiste	3036015	gestion des fichiers externes	1	1
fFichierTemp	3036011	gestion des fichiers externes	1	1
fFiltreImage	3036009	gestion des fichiers externes	1	1
fHeure	3036042	gestion des fichiers externes	1	1
FichierAffiche	3012005	diverses WEBDEV	1	1
FichierAide	3013029	diverses WINDEV	1	1
FichierTélécharge	1410090792	diverses WEBDEV	0	1
FichierVersEcran	3044210	liaison	1	1
FichierVersListeMémoire	3049007	Liste	1	1
FichierVersMémoire	3013071		1	1
FichierVersPage	3044148	liaison	1	1
FichierVersPalm	3059002	Palm Pilot	1	0
FichierVersTableau	1000018833	Tableau	1	1
FichierVersTableMémoire	3074005	Table	1	1
FichierVersURI	1410087413	URI	0	1
FichierVisualise	1410090793	diverses WEBDEV	0	1
FileInfo	1000019547	gestion des files, piles, listes	1	1
FIListeAffiche	1000020567	Fenêtres internes	1	1
FIListeAjoute	1000020558	Fenêtres internes	1	1
FIListeInsère	1000020945	Fenêtres internes	1	1
FIListeOccurrence	1000020563	Fenêtres internes	1	1
FIListePosition	1000020562	Fenêtres internes	1	1
FIListePrécédent	1000020565	Fenêtres internes	1	1
FIListeSuivant	1000020564	Fenêtres internes	1	1
FIListeSupprime	1000020559	Fenêtres internes	1	1
FIListeSupprimeTout	1000020561	Fenêtres internes	1	1
Filtre	1000024845	Tableau	0	1
FinAmortissement	3050061	financières	1	1
FinAmortissementDégressif	3050068	financières	1	1
FinAmortissementLinéaire	3050046	financières	1	1
FinAutomatismeProcédure	3013034	diverses WINDEV	1	1
FinErreur	3050071	financières	1	1
FinEvénement	3015010	Evénements Windows	1	1
FinIntérêtPériode	3050042	financières	1	1
FinNbVersement	3050041	financières	1	1
FinProgramme	3013033	diverses WINDEV	1	1
fInsèreTexteAuDébut	1000025303	gestion des fichiers externes	0	1
FinService	1000018711	Service	1	1
FinTauxIntérêt	3050047	financières	1	1
FinTimer	3015007	Evénements Windows	1	1
FinTimerSys	3015009	Evénements Windows	1	1
FinValActuelle	3050055	financières	1	1
FinValActuelleNette	3050053	financières	1	1
FinValFuture	3050056	financières	1	1
FinValRemboursement	3050039	financières	1	1
FlècheDébut	3029059	dessin	1	1
FlècheFin	3029060	dessin	1	1
fListeDisque	1000019913	gestion des fichiers externes	1	1
fListeFichier	3036058	gestion des fichiers externes	1	1
fListeRépertoire	3036062	gestion des fichiers externes	1	1
fListeRessource	1000020981	gestion des fichiers externes	1	1
fLit	3036048	gestion des fichiers externes	1	1
fLitLigne	3036031	gestion des fichiers externes	1	1
fLitLigneExpressionRégulière	1000019746	gestion des fichiers externes	1	1
FluxAccepte	3039003	Flux	1	1
FluxChangeDriver	1000021613	Flux	1	1
FluxConfigure	1000021645	Flux	1	1
FluxConnecte	3039008	Flux	1	1
FluxDéconnecte	3039007	Flux	1	1
FluxInfo	3039009	Flux	1	1
FluxJoue	3039010	Flux	1	1
FluxRefuse	3039006	Flux	1	1
FluxStop	3039002	Flux	1	1
fMemAttend	1000018915	gestion des zones de mémoire partagées	1	1
fMemExiste	1000018916	gestion des zones de mémoire partagées	1	1
fMemOuvre	1000018917	gestion des zones de mémoire partagées	1	1
fNomCourt	3036032	gestion des fichiers externes	1	1
fNomFichier	1000017290	gestion des fichiers externes	1	1
fNomLong	3036033	gestion des fichiers externes	1	1
FormePolygone	1000022000	gestion des champs	1	1
fOuvre	3036036	gestion des fichiers externes	1	1
fOuvreFichierTemp	1000017289	gestion des fichiers externes	1	1
fPositionne	3036039	gestion des fichiers externes	1	1
FramesetActualise	3058014	gestion des pages	1	1
FramesetAffiche	3058006	gestion des pages	1	1
FramesetUtilise	3058012	gestion des pages	1	1
France.VérifieINSEE	1410089315	gestion des identifiants administratifs	0	1
France.VérifieNuméroFiscal	1410089496	gestion des identifiants administratifs	0	1
France.VérifieSIREN	1410089365	gestion des identifiants administratifs	0	1
France.VérifieSIRET	1410089347	gestion des identifiants administratifs	0	1
fRegroupe	1000021020	gestion des fichiers externes	1	1
fRelativise	1410088420	gestion des fichiers externes	0	1
fRenomme	3036038	gestion des fichiers externes	1	1
fRep	3036056	gestion des fichiers externes	1	1
fRepAttribut	3036040	gestion des fichiers externes	1	1
fRepCache	1000021819	gestion des fichiers externes	1	1
fRepCopie	3036041	gestion des fichiers externes	1	1
fRepCrée_55	3036005	gestion des fichiers externes	1	0
fRepCrée	3036043	gestion des fichiers externes	1	1
fRepDéplace	3036035	gestion des fichiers externes	1	1
fRepDonnées	3036001	gestion des fichiers externes	1	1
fRepDonnéesCommun	3036070	gestion des fichiers externes	1	1
fRepDonnéesUtilisateur	3036071	gestion des fichiers externes	1	1
fRepDroit	3036003	gestion des fichiers externes	1	0
fRepEnCours	3036022	gestion des fichiers externes	1	1
fRépertoireExiste	3036059	gestion des fichiers externes	1	1
fRépertoireTemp	3036044	gestion des fichiers externes	1	1
fRepEtatsEtRequêtes	3036065	gestion des fichiers externes	1	1
fRepExe	3036049	gestion des fichiers externes	1	1
fRepExiste	1000021899	gestion des fichiers externes	1	1
fRepGlobalCommun	3036072	gestion des fichiers externes	1	1
fRepGlobalUtilisateur	3036073	gestion des fichiers externes	1	1
fRepParent	1000018856	gestion des fichiers externes	1	1
fRepRenomme	1000024533	gestion des fichiers externes	1	1
fRepRessource	1000020166	gestion des fichiers externes	1	1
fRepSélecteur	3036050	gestion des fichiers externes	1	1
fRepSupprime	3036051	gestion des fichiers externes	1	1
fRepTaille	1000017032	gestion des fichiers externes	1	1
fRepTemp	1000021768	gestion des fichiers externes	1	1
fRepWeb	3036052	gestion des fichiers externes	1	1
fSauveBuffer	1000019412	gestion des fichiers externes	1	1
fSauveTexte	3036046	gestion des fichiers externes	1	1
fSélecteur	3036053	gestion des fichiers externes	1	1
fSélecteurImage	3036037	gestion des fichiers externes	1	1
fSep	1000019647	gestion des fichiers externes	1	1
fSéparateur	1000018861	gestion des fichiers externes	1	1
fStopCompacte	3036057	gestion des fichiers externes	1	1
fSupprime	3036029	gestion des fichiers externes	1	1
fSupprimeFichierRépertoireWeb	1000020187	gestion des fichiers externes	1	1
fSurveilleFichier	1000020522	gestion des fichiers externes	1	1
fSurveilleRépertoire	1000020523	gestion des fichiers externes	1	1
fSurveilleStop	1000020575	gestion des fichiers externes	1	1
fSurveilleStopTout	1000020576	gestion des fichiers externes	1	1
fTaille	3036055	gestion des fichiers externes	1	1
fTailleDécompacté	3036054	gestion des fichiers externes	1	1
FTPAttribut	3040006	FTP	1	1
FTPCommande	3040017	FTP	1	1
FTPConnecte	3040016	FTP	1	1
FTPDate	3040015	FTP	1	1
FTPDateHeure	1000020946	FTP	1	1
FTPDéconnecte	3040011	FTP	1	1
FTPEnvoie	3040014	FTP	1	1
FTPFichierExiste	1000020948	FTP	1	1
FTPHeure	3040013	FTP	1	1
FTPListeFichier	3040018	FTP	1	1
FTPNom	3040019	FTP	1	1
FTPParamètre	1000020947	FTP	1	1
FTPProxy	1000019366	FTP	1	1
FTPRécupère	3040002	FTP	1	1
FTPRécupèreFichier	1000024597	FTP	1	1
FTPRenommeFichier	3040005	FTP	1	1
FTPRepCrée	3040001	FTP	1	1
FTPRepEnCours	3040003	FTP	1	1
FTPRepExiste	1410091242	FTP	0	1
FTPRepSupprime	3040008	FTP	1	1
FTPSupprimeFichier	3040010	FTP	1	1
FTPTaille	3040007	FTP	1	1
GadgetAfficheFlyout	1000017218	gestion des gadgets Vista	1	0
GadgetChargeParamètre	1000017220	gestion des gadgets Vista	1	0
GadgetFermeFlyout	1000017219	gestion des gadgets Vista	1	0
GadgetSauveParamètre	1000017221	gestion des gadgets Vista	1	0
GalerieAffichePopup	1000023476	Zones répétées	1	1
GalerieFermePopup	1000023478	Zones répétées	1	1
GaleriePopupAffichée	1000024975	Zones répétées	0	1
GanttAjouteCongé	1000021116	Gantt	1	1
GanttAjouteLien	1000021075	Gantt	1	1
GanttAjouteTâche	1000020904	Gantt	1	1
GanttChangeMode	1000021030	Gantt	1	1
GanttHeureAffichée	1000021081	Gantt	1	1
GanttHeureOuvrable	1000021117	Gantt	1	1
GanttJourSemaineOuvré	1000021035	Gantt	1	1
GanttListeLien	1000021079	Gantt	1	1
GanttListeTâche	1000021073	Gantt	1	1
GanttOrganiseTâche	1000020890	Gantt	1	1
GanttPositionDateHeure	1000021036	Gantt	1	1
GanttRécupèreTâche	1000021026	Gantt	1	1
GanttSupprimeLien	1000021080	Gantt	1	1
GanttSupprimeTâche	1000020923	Gantt	1	1
GanttSupprimeTout	1000020924	Gantt	1	1
gARécupérer	3029025	manipulation de chaînes graphiques	1	1
Gauche	3024001	gestion des chaînes	1	1
gCadrage	3029046	manipulation de chaînes graphiques	1	1
gCercle	3029041	manipulation de chaînes graphiques	1	1
gCoord	3029034	manipulation de chaînes graphiques	1	1
GeminiAnalysePrompt	1410086695	gestion du téléphone	0	1
GeminiChangeModèle	1410086694	gestion du téléphone	0	1
GénèreImageGéométrique	1410088705	diverses WINDEV	0	1
GénèreLorem	1000025817	diverses WINDEV	0	1
GénèreMotDePasse	1000020513	diverses WINDEV	1	1
géoAzimut	1000019212	géolocalisation	1	1
géoDistance	1000019211	géolocalisation	1	1
géoLanceAppli	1000019954	géolocalisation	1	1
GéométrieAire	1410090167	gestion des données spatiales	0	1
GéométrieChevauche	1410090308	gestion des données spatiales	0	1
GéométrieContient	1410090138	gestion des données spatiales	0	1
GéométrieCorrige	1410090157	gestion des données spatiales	0	1
GéométrieCouvre	1410090140	gestion des données spatiales	0	1
GéométrieCroise	1410090341	gestion des données spatiales	0	1
GéométrieDésérialiseWKT2D	1410090336	gestion des données spatiales	0	1
GéométrieDésérialiseWKTGéo	1410090335	gestion des données spatiales	0	1
GéométrieDifférence	1410090156	gestion des données spatiales	0	1
GéométrieDifférenceSymétrique	1410090164	gestion des données spatiales	0	1
GéométrieDisjoint	1410090307	gestion des données spatiales	0	1
GéométrieDistance	1410090297	gestion des données spatiales	0	1
GéométrieEgale	1410090295	gestion des données spatiales	0	1
GéométrieEnveloppeConvexe	1410090169	gestion des données spatiales	0	1
GéométrieEstContenu	1410090139	gestion des données spatiales	0	1
GéométrieEstCouvert	1410090141	gestion des données spatiales	0	1
GéométrieEstValide	1410090158	gestion des données spatiales	0	1
GéométrieIntersecte	1410090115	gestion des données spatiales	0	1
GéométrieIntersection	1410090153	gestion des données spatiales	0	1
GéométrieLongueur	1410090296	gestion des données spatiales	0	1
GéométriePérimètre	1410090168	gestion des données spatiales	0	1
GéométrieSérialiseDSV	1410090121	gestion des données spatiales	0	1
GéométrieSérialiseWKT	1410090108	gestion des données spatiales	0	1
GéométrieTouche	1410090114	gestion des données spatiales	0	1
GéométrieUnion	1410090155	gestion des données spatiales	0	1
géoRécupèreAdresse	1000019797	géolocalisation	1	1
géoRécupèreZone	1000025776	géolocalisation	0	1
géoSuiviActive	1000021583	géolocalisation	1	1
géoSuiviDésactive	1000021584	géolocalisation	1	1
géoSuiviEtat	1000021592	géolocalisation	1	1
géoSuiviProcédure	1000021585	géolocalisation	1	1
GesteNbPointeur	1000019750	multi-touch	1	1
GestePointeurEncours	1000019751	multi-touch	1	1
GestePosX	1000019741	multi-touch	1	1
GestePosY	1000019745	multi-touch	1	1
GesteTypePointeur	1000023785	multi-touch	1	1
gFond	3029037	manipulation de chaînes graphiques	1	1
gFondDégradé	1000017060	manipulation de chaînes graphiques	1	1
GglAdresseVersCoordonnées	1000017568	gestion des cartes Google	1	1
gglAdWEcritCritèreExcluCampagne	1000017703	Google AdWords	1	0
gglAdWEstDiffusionOptimisée	1000017382	Google AdWords	1	0
GglAdWEstimeCampagne	1000018269	Google AdWords	1	0
GglAdWEstimeGroupeAnnonce	1000018270	Google AdWords	1	0
GglAdWEstimeMotClé	1000018271	Google AdWords	1	0
GglAdWListeAlerteMCC	1000017685	gestion des comptes AdWords	1	0
GglAdWListeAnnonce	1000017644	Google AdWords	1	0
GglAdWListeAnnonceActive	1000017643	Google AdWords	1	0
GglAdWListeCampagne	1000017533	Google AdWords	1	0
GglAdWListeCompteClient	1000017684	gestion des comptes AdWords	1	0
GglAdWListeCritère	1000017700	Google AdWords	1	0
GglAdWListeCritèreExclu	1000017701	Google AdWords	1	0
GglAdWListeEligibilitéOptimConversion	1000017383	Google AdWords	1	0
GglAdWListeEntreprise	1000017642	Google AdWords	1	0
GglAdWListeGroupeActif	1000018299	Google AdWords	1	0
GglAdWListeGroupeAnnonce	1000018300	Google AdWords	1	0
GglAdWListeInfoCompteClient	1000017683	gestion des comptes AdWords	1	0
GglAdWListeRequêteRapport	1000018272	Google AdWords	1	0
GglAdWListeSiteParCatégorie	1000018276	Google AdWords	1	0
GglAdWListeSiteParDémographie	1000018277	Google AdWords	1	0
GglAdWListeSiteParSujet	1000018278	Google AdWords	1	0
GglAdWListeSiteParURL	1000018279	Google AdWords	1	0
GglAdWListeStatistiqueAnnonce	1000017645	Google AdWords	1	0
GglAdWListeStatistiqueCampagne	1000017381	Google AdWords	1	0
GglAdWListeStatistiqueCritère	1000017702	Google AdWords	1	0
GglAdWListeStatistiqueGroupe	1000018301	Google AdWords	1	0
GglAdWListeVidéo	1000017687	Google AdWords	1	0
GglAdWModifieDiffusionOptimisée	1000017384	Google AdWords	1	0
GglAdWPlanifieRequêteRapport	1000018274	Google AdWords	1	0
GglAdWRécupèreAnnonce	1000017606	Google AdWords	1	0
GglAdWRécupèreCampagne	1000017379	Google AdWords	1	0
GglAdWRécupèreCoûtMéthode	1000017712	service "InfoService"	1	0
GglAdWRécupèreGroupeAnnonce	1000018305	Google AdWords	1	0
GglAdWRécupèreInfoCompte	1000017682	gestion des comptes AdWords	1	0
GglAdWRécupèreMotCléDepuisSite	1000018275	Google AdWords	1	0
GglAdWRécupèreNbOpération	1000017713	service "InfoService"	1	0
GglAdWRécupèreNbUnité	1000017719	service "InfoService"	1	0
GglAdWRécupèreNbUnitéDispoMoisCourant	1000017721	service "InfoService"	1	0
GglAdWRécupèreNbUnitéGratuiteMoisCourant	1000017711	service "InfoService"	1	0
GglAdWRécupèreNbUnitéParClient	1000017720	service "InfoService"	1	0
GglAdWRécupèreNbUnitéPourMéthode	1000017714	service "InfoService"	1	0
GglAdWRécupèreStatutRequêteRaport	1000018273	Google AdWords	1	0
GglAdWRécupèreURLRapport	1000018280	Google AdWords	1	0
GglAdWRécupèreURLRapportGZip	1000018281	Google AdWords	1	0
GglAdWRécupèreVariationMotClé	1000018282	Google AdWords	1	0
GglAdWRemplaceCritèreExclu	1000018302	Google AdWords	1	0
GglAdWSupprimeRapport	1000018283	Google AdWords	1	0
GglAdWValideRequêteRapport	1000018284	Google AdWords	1	0
GglAdWVérifieAnnonce	1000017704	Google AdWords	1	0
GglAdWVérifieCritère	1000017699	Google AdWords	1	0
GglAdWVérifieTraficMotClé	1000018285	Google AdWords	1	0
GglAnalyticsAjouteActionRéseauSocial	1000022358	Google Analytics	1	1
GglAnalyticsAjouteDurée	1000022359	Google Analytics	1	1
GglAnalyticsAjouteEvénement	1000022356	Google Analytics	1	1
GglAnalyticsAjouteException	1000022360	Google Analytics	1	1
GglAnalyticsAjoutePage	1000022357	Google Analytics	1	1
GglCompteAssocie	1410089808	gestion du téléphone	0	1
GglCompteDissocie	1410089813	gestion du téléphone	0	1
GglConnecte	1000017332		1	1
GglDéconnecte	1000021451		1	1
GglDriveConnecte	1410089373	Drive	0	1
GglEcrit	1000017401	gestion des agendas Google	1	1
GglEnvoieDocument	1000017368	gestion des documents Google	1	1
GglImprimeDocument	1000020420	gestion des documents Google	1	1
GglListeAgenda	1000017330	gestion des agendas Google	1	1
GglListeAlbum	1000017370	gestion des albums Picasa	1	0
GglListeCommentaire	1000018389	gestion des albums Picasa	1	0
GglListeContact	1000017344	gestion des contacts Google	1	1
GglListeContactParRequête	1000017346	gestion des contacts Google	1	1
GglListeDocument	1000017367	gestion des documents Google	1	1
GglListeGroupeContact	1000017577	gestion des contacts Google	1	1
GglListePhoto	1000018385	gestion des albums Picasa	1	0
GglListeTag	1000017403	gestion des albums Picasa	1	0
GglRécupèreAgenda	1000017410	gestion des agendas Google	1	1
GglRécupèreAlbum	1000018379	gestion des albums Picasa	1	0
GglRécupèreCarte	1000017404	gestion des cartes Google	1	1
GglRécupèreDocument	1000019904	gestion des documents Google	1	1
GglRécupèreLicence	1000020815		1	1
GglRemplitAgenda	1000017337	gestion des agendas Google	1	1
GglRemplitAgendaParRequête	1000017347	gestion des agendas Google	1	1
GglRemplitAlbum	1000017371	gestion des albums Picasa	1	0
GglRemplitPhoto	1000018380	gestion des albums Picasa	1	0
GglRequête	1000017345	gestion des agendas Google	1	1
GglSupprime	1000017402	gestion des agendas Google	1	1
gImage	3029042	manipulation de chaînes graphiques	1	1
gImageExiste	1000021860	manipulation de chaînes graphiques	1	1
gLien	3029043	manipulation de chaînes graphiques	1	1
gLienActive	3029036	manipulation de chaînes graphiques	1	1
gLienCliquable	1000021774	manipulation de chaînes graphiques	1	1
gLigne	3029044	manipulation de chaînes graphiques	1	1
gPolice	3029047	manipulation de chaînes graphiques	1	1
gPoliceBarrée	1000023596	manipulation de chaînes graphiques	1	1
gPoliceGras	3029061	manipulation de chaînes graphiques	1	1
gPoliceItalique	3029062	manipulation de chaînes graphiques	1	1
gPoliceSoulignée	3029063	manipulation de chaînes graphiques	1	1
gPoliceTaille	3029064	manipulation de chaînes graphiques	1	1
GPSArrêteDétection	1000019240	géolocalisation	1	1
GPSDernièrePosition	1000019239	géolocalisation	1	1
GPSDétectePosition	1000019209	géolocalisation	1	1
GPSEtat	1000019207	géolocalisation	1	1
GPSInfo	1000019208	géolocalisation	1	1
GPSInitParamètre	1000019204	géolocalisation	1	1
GPSRécupèrePosition	1000019205	géolocalisation	1	1
GPSSuitDéplacement	1000019206	géolocalisation	1	1
GPSTermine	1000019210	géolocalisation	1	1
gpwActiveUtilisateur	1000021096	Groupware utilisateur	1	1
gpwAjouteAuthLogin	1000023576	Groupware utilisateur	1	1
gpwAjouteUtilisateur	1000021094	Groupware utilisateur	1	1
gpwAjouteUtilisateurDansGroupe	1000024595	Groupware utilisateur	1	1
gpwAucun	1000023557	Groupware utilisateur	1	1
gpwAuthLogin	1000023597	Groupware utilisateur	1	1
gpwConnecteDistant	1000024855	Groupware utilisateur	0	1
gpwConnecteUtilisateur	1000021099	Groupware utilisateur	1	1
gpwCrypteMotDePasse	1000021617	Groupware utilisateur	1	1
gpwDéconnecteUtilisateur	1000021100	Groupware utilisateur	1	1
gpwDéfaut	1000023556	Groupware utilisateur	1	1
gpwEnModeLDAP	1000017056	Groupware utilisateur	1	1
gpwEnumèreChamp	1000020536	Groupware utilisateur	1	1
gpwImportUtilisateursLDAP	1000017058	Groupware utilisateur	1	1
gpwInitAnalyse	3041005	Groupware utilisateur	1	1
gpwListeOAuthParamètres	1000024479	Groupware utilisateur	0	1
gpwListeUtilisateur	1410089604	Groupware utilisateur	0	1
gpwLogin	3041001	Groupware utilisateur	1	1
gpwMode	1000020566	Groupware utilisateur	1	1
gpwModifieUtilisateur	1000021095	Groupware utilisateur	1	1
gpwMotPasseOublié	1000021097	Groupware utilisateur	1	1
gpwMotsDePasseCryptés	1000021616	Groupware utilisateur	1	1
gpwOuvre	3041002	Groupware utilisateur	1	1
gpwOuvreConfiguration	3041009	Groupware utilisateur	1	1
gpwOuvreConnexion	3041007	Groupware utilisateur	1	1
gpwOuvreSessionLDAP	1000017055	Groupware utilisateur	1	1
gpwOuvreSite	1000020821	Groupware utilisateur	1	1
gpwRechercheUtilisateur	1000021087	Groupware utilisateur	1	1
gpwRecupDroits	1000020728	Groupware utilisateur	1	1
gpwRecupInfoFichier	3041008	Groupware utilisateur	1	1
gpwRecupInfoLDAP	1000017063	Groupware utilisateur	1	1
gpwRecupInfoUtilisateur	3041004	Groupware utilisateur	1	1
gpwRéinitialiseMotDePasse	1000024854	Groupware utilisateur	0	1
gpwSuperviseur	1000023555	Groupware utilisateur	1	1
gpwUtilisateursEnregistrés	1000023559	Groupware utilisateur	1	1
gpwVérificationBiométrique	1000024596	Groupware utilisateur	1	1
gpwVérifieMotDePasse	1000021618	Groupware utilisateur	1	1
gpwVérifieUtilisateur	1000021104	Groupware utilisateur	1	1
gpwVisiteur	1000023558	Groupware utilisateur	1	1
grAjouteDonnée	3042023	gestion des graphes	1	1
grAjouteDonnéeTemporelle	1000023532	gestion des graphes	1	1
grAngleDépart	1410088085	gestion des graphes	0	1
GraphQLExécuteRequête	1410091373	GraphQL	0	1
GraveurAjouteFichier	3061001	Graveur de CD et DVD	1	1
GraveurAjouteRépertoire	3061002	Graveur de CD et DVD	1	1
GraveurAnnuleGravure	3061003	Graveur de CD et DVD	1	1
GraveurChemin	3061004	Graveur de CD et DVD	1	1
GraveurEfface	3061005	Graveur de CD et DVD	1	1
GraveurEjecte	3061014	Graveur de CD et DVD	1	1
GraveurEnregistre	3061006	Graveur de CD et DVD	1	1
GraveurEtat	3061007	Graveur de CD et DVD	1	1
GraveurInfoCompilation	3061018	Graveur de CD et DVD	1	1
GraveurInfoMédia	3061008	Graveur de CD et DVD	1	1
GraveurListe	3061009	Graveur de CD et DVD	1	1
GraveurMédiaPrésent	1000019910	Graveur de CD et DVD	1	1
GraveurNomVolume	3061019	Graveur de CD et DVD	1	1
GraveurPropriété	3061011	Graveur de CD et DVD	1	1
GraveurSélectionne	3061012	Graveur de CD et DVD	1	1
GraveurTypeMédia	3061013	Graveur de CD et DVD	1	1
grAxePosition	1000022260	gestion des graphes	1	1
grAxeVisible	1000020958	gestion des graphes	1	1
grBourseAjouteDonnée	3042009	gestion des graphes	1	1
grBourseRécupèreDonnée	1000021174	gestion des graphes	1	1
grBulle	3042010	gestion des graphes	1	1
grChargeParamètre	3042064	gestion des graphes	1	1
grComparatifPositionSérie	1000024882	gestion des graphes	1	1
grCouleur	1000017169	gestion des graphes	1	1
grCouleurBarre	1000022741	gestion des graphes	1	1
grCouleurCatégorie	1000020928	gestion des graphes	1	1
grCouleurPoint	1000022740	gestion des graphes	1	1
grCouleurSérie	3042013	gestion des graphes	1	1
grCPAjouteDonnée	1410087792	gestion des graphes	0	1
grCPSensDeRotation	1410087791	gestion des graphes	0	1
grCPValeurMaximale	1410087801	gestion des graphes	0	1
grCrée	3042005	gestion des graphes	1	1
grCréePolice	3042001	gestion des graphes	1	1
grDégradé	3042029	gestion des graphes	1	1
grDessine	3042026	gestion des graphes	1	1
grDestinationBMP	3042018	gestion des graphes	1	1
grDestinationChamp	3042020	gestion des graphes	1	1
grDestinationEMF	3042017	gestion des graphes	1	1
grDestinationFen	3042031	gestion des graphes	1	1
grDestinationImage	1000020952	gestion des graphes	1	1
grDestinationWMF	3042019	gestion des graphes	1	1
grDonutPourcentageTrou	1000017939	gestion des graphes	1	1
gRectangle	3029045	manipulation de chaînes graphiques	1	1
grEffaceDessin	3042021	gestion des graphes	1	1
grEpaisseurTrait	3042028	gestion des graphes	1	1
grEtiquetteCatégorie	3042015	gestion des graphes	1	1
grEtiquetteSérie	3042024	gestion des graphes	1	1
grExiste	3042025	gestion des graphes	1	1
grFenTaille	3042016	gestion des graphes	1	1
grGraduation	3042027	gestion des graphes	1	1
grHistoAgrégation	1000023015	gestion des graphes	1	1
grHistoEspacement	3042014	gestion des graphes	1	1
grHistoTypeBarre	1410090175	gestion des graphes	0	1
grHMAjouteDonnée	1000021628	gestion des graphes	1	1
grHMCouleur	1000021629	gestion des graphes	1	1
grHMLibelléX	1000021630	gestion des graphes	1	1
grHMLibelléY	1000021631	gestion des graphes	1	1
grHMRécupèreDonnée	1000021632	gestion des graphes	1	1
grHMSupprimeCouleur	1000021634	gestion des graphes	1	1
GrilleAjouteColonne	1410086675	Grille	0	1
GrilleAjouteLigne	1410086676	Grille	0	1
GrilleInsèreColonne	1410086677	Grille	0	1
GrilleInsèreLigne	1410086678	Grille	0	1
GrilleSupprimeColonne	1410086679	Grille	0	1
GrilleSupprimeLigne	1410086680	Grille	0	1
grImprime	3042058	gestion des graphes	1	1
grIncrémenteDonnée	3042030	gestion des graphes	1	1
grInfoPoint	1000017940	gestion des graphes	1	1
grInfoXY	3042070	gestion des graphes	1	1
grLégende	3042047	gestion des graphes	1	1
grLibellé	3042046	gestion des graphes	1	1
grLissage	3042033	gestion des graphes	1	1
grMAJAutomatiqueEtiquetteCatégorie	3042071	gestion des graphes	1	1
grMAJAutomatiqueSérie	3042066	gestion des graphes	1	1
grMasque	3042034	gestion des graphes	1	1
grMenu	3042035	Menu	1	1
grNiveauTemporelMasque	1000023017	gestion des graphes	1	1
grNiveauTemporelMax	1000023016	gestion des graphes	1	1
grNuage3DAjouteDonnée	1000022964	gestion des graphes	1	1
grNuage3DCouleurAltitude	1000022965	gestion des graphes	1	1
grNuage3DLibelléGraduation	1000023491	gestion des graphes	1	1
grNuage3DProjection	1000022969	gestion des graphes	1	1
grNuage3DQuadrillage	1000023493	gestion des graphes	1	1
grNuage3DReliePoint	1000022968	gestion des graphes	1	1
grNuage3DSupprimeCouleurAltitude	1000022966	gestion des graphes	1	1
grNuage3DSupprimeLibelléGraduation	1000023494	gestion des graphes	1	1
grNuageAjouteDonnéeXY	3042032	gestion des graphes	1	1
grNuageCouleurSérie	3042045	gestion des graphes	1	1
grNuageEtiquetteSérie	3042038	gestion des graphes	1	1
grNuageOpacitéSérie	1410091379	gestion des graphes	0	1
grNuageRécupèreDonnéeXY	1000021175	gestion des graphes	1	1
grNuageReliePoint	3042040	gestion des graphes	1	1
grNuageTaillePoint	3042041	gestion des graphes	1	1
grNuageTypePointSérie	1410091380	gestion des graphes	0	1
grNuageTypeTraitSérie	1410091378	gestion des graphes	0	1
grOpacitéSérie	1000022261	gestion des graphes	1	1
grOptionMenu	3042042	gestion des graphes	1	1
grOrientation	3042043	gestion des graphes	1	1
grOrigine	3042039	gestion des graphes	1	1
GroupeAjoute	1000008111	Groupes	1	1
GroupeDernier	1000008112	Groupes	1	1
GroupeLit	1000008121	Groupes	1	1
GroupeModifie	1000008113	Groupes	1	1
GroupePrécédent	1000008114	Groupes	1	1
GroupePremier	1000008115	Groupes	1	1
GroupeRAZ	1000008116	Groupes	1	1
GroupeSuivant	1000008117	Groupes	1	1
GroupeSupprime	1000008118	Groupes	1	1
grParamètre3DS	3042063	gestion des graphes	1	1
grParamètre	1000018337	gestion des graphes	1	1
grPIImage	1410090782	gestion des graphes	0	1
grPIValeurMaximale	1410090786	gestion des graphes	0	1
grPoliceEtiquette	3042012	gestion des graphes	1	1
grPoliceLégende	3042037	gestion des graphes	1	1
grPoliceTitre	3042048	gestion des graphes	1	1
grPoliceTitreAxe	3042059	gestion des graphes	1	1
grPourcentageTrou	1410088089	gestion des graphes	0	1
grQuadrillage	3042052	gestion des graphes	1	1
grRécupèreDonnée	1000021171	gestion des graphes	1	1
grRelief	3042051	gestion des graphes	1	1
grRotation	1000020426	gestion des graphes	1	1
grSauveBMP	3042050	gestion des graphes	1	1
grSauveEMF	3042049	gestion des graphes	1	1
grSauveImage	1000024953	gestion des graphes	0	1
grSauveParamètre	3042065	gestion des graphes	1	1
grSauveWMF	3042044	gestion des graphes	1	1
grSecteurAngleDépart	3042022	gestion des graphes	1	1
grSecteurPartExcentrée	3042053	gestion des graphes	1	1
grSérieAxeSecondaire	1000019188	gestion des graphes	1	1
grSMNAjouteDonnée	1000021285	gestion des graphes	1	1
grSMNAngleDépart	1000021915	gestion des graphes	1	1
grSMNCouleurPortion	1000021288	gestion des graphes	1	1
grSMNPartExcentrée	1000021916	gestion des graphes	1	1
grSMNPortionRacine	1000021298	gestion des graphes	1	1
grSMNRécupèreDonnée	1000021287	gestion des graphes	1	1
grSourceEtiquetteCatégorie	3042072	gestion des graphes	1	1
grSourceSérie	3042067	gestion des graphes	1	1
grSuperposeGraphe	3042068	gestion des graphes	1	1
grSupprimeSérie	3042054	gestion des graphes	1	1
grSupprimeTout	3042055	gestion des graphes	1	1
grSurfaceAjouteDonnée	1000020425	gestion des graphes	1	1
grSurfaceCouleurAltitude	1000020427	gestion des graphes	1	1
grSurfaceLibelléGraduation	1000020617	gestion des graphes	1	1
grSurfaceMaillage	1000020430	gestion des graphes	1	1
grSurfaceQuadrillage	1000020428	gestion des graphes	1	1
grSurfaceRécupèreDonnée	1000021179	gestion des graphes	1	1
grSurfaceSupprimeCouleurAltitude	1000020431	gestion des graphes	1	1
grSurfaceSupprimeLibelléGraduation	1000020618	gestion des graphes	1	1
grTailleImage	3042061	gestion des graphes	1	1
grTaillePoint	1000022742	gestion des graphes	1	1
grTempsRéelIntervalle	1000023531	gestion des graphes	1	1
grTitre	3042056	gestion des graphes	1	1
grTitreAxe	3042057	gestion des graphes	1	1
grType	3042062	gestion des graphes	1	1
grTypePoint	1000022272	gestion des graphes	1	1
grTypePointSérie	1000022271	gestion des graphes	1	1
grTypeSérie	1000022262	gestion des graphes	1	1
grTypeTraitSérie	1000022318	gestion des graphes	1	1
grVignetteCatégorie	1410090677	gestion des graphes	0	1
grWaffleTaille	1410089812	gestion des graphes	0	1
grWaffleTypeCellule	1410089815	gestion des graphes	0	1
grWaterfallCouleur	1000020957	gestion des graphes	1	1
grWaterfallTypeCatégorie	1000020930	gestion des graphes	1	1
grZoom	1000021478	gestion des graphes	1	1
gStylo	3029039	manipulation de chaînes graphiques	1	1
gValeurMémorisée	1410088363	manipulation de chaînes graphiques	0	1
gValeurMémoriséeActive	1410088364	manipulation de chaînes graphiques	0	1
gVersTexte	1000020524	manipulation de chaînes graphiques	1	1
HAccélèreVitesse	1000019375	HFSQL	1	1
HActiveFiltre	3044158	HFSQL	1	1
HActiveFiltreAuto	3044297	HFSQL	1	1
HActiveTrigger	3044155	HFSQL	1	1
HActiveTriggerServeur	1000017034	HFSQL Client/Serveur	1	1
HAjoute	3044147	HFSQL	1	1
HAjouteGroupe	3044280	HFSQL Client/Serveur	1	1
HAjouteLiaison	3044312	HFSQL Client/Serveur	1	1
HAjouteOptimisationPlanifiée	1000018860	HFSQL Client/Serveur	1	1
HAjoutePlanification	1000021447	HFSQL Client/Serveur	1	1
HAjouteSauvegardePlanifiée	1000018866	HFSQL Client/Serveur	1	1
HAjouteTâche	1000017091	HFSQL Client/Serveur	1	1
HAjouteUtilisateur	3044281	WLangage utilisables dans un état	1	1
HAlias_55	3044220	Hyper File compatibles	1	0
HAlias	3044176	HFSQL	1	1
HAliasExterne	3044226	Hyper File compatibles	1	0
Handle	3015005	Evénements Windows	1	1
HandleParentSuivant	1000017312	Evénements Windows	1	1
HAnnuleAlias	3044149	HFSQL	1	1
HAnnuleDéclaration	3044174	HFSQL	1	1
HAnnuleRecherche	3044157	HFSQL	1	1
HAnnuleSauvegarde	1000017082	HFSQL Client/Serveur	1	1
HArrêteServeur	3044317	HFSQL Client/Serveur	1	1
Hasard	3013037	diverses WINDEV	1	1
HasardCryptoBuffer	1000023425	diverses WINDEV	1	1
HasardCryptoEntier	1000023426	diverses WINDEV	1	1
HashChaîne	1000007111	Hash	1	1
HashFichier	1000007112	Hash	1	1
HashVérifieChaîne	1000007113	Hash	1	1
HashVérifieFichier	1000007114	Hash	1	1
Hasp	3013038	gestion des clés HASP	1	1
HaspHLConnecte	1000018891	gestion des clés HASP	1	1
HaspHLCrypte	1000018893	gestion des clés HASP	1	1
HaspHLDéconnecte	1000018892	gestion des clés HASP	1	1
HaspHLDécrypte	1000018894	gestion des clés HASP	1	1
HaspHLEcrit	1000018897	gestion des clés HASP	1	1
HaspHLInfo	1000018895	gestion des clés HASP	1	1
HaspHLLit	1000018896	gestion des clés HASP	1	1
HAssigne	3044245	Hyper File compatibles	1	0
HAttacheMémo	3044173	HFSQL	1	1
HauteurAdaptée	1410090795		0	1
HAvance	3044154	HFSQL	1	1
hbCréeTable	1000021696	HBase	1	1
hbEcrit	1000021712	HBase	1	1
hbListeTable	1000021687	HBase	1	1
hbLit	1000021706	HBase	1	1
HBloqueFichier	3044153	HFSQL	1	1
HBloqueNumEnr	3044152	HFSQL	1	1
hbRécupèreDescriptionTable	1000021695	HBase	1	1
hbSupprime	1000021714	HBase	1	1
hbSupprimeTable	1000021713	HBase	1	1
HChangeClé	3044151	HFSQL	1	1
HChangeConnexion	3044150	HFSQL	1	1
HChangeLocalisation	3044167	HFSQL	1	1
HChangeMotDePasse	1000018781	HFSQL Client/Serveur	1	1
HChangeNom	3044141	HFSQL	1	1
HChangeRep	3044168	HFSQL	1	1
HChangeRepJnl	3044164	HFSQL	1	1
HChangeRepRpl	3044236	HFSQL	1	1
HChargeParamètre	1000017314	HFSQL Client/Serveur	1	1
HClusterAjouteNoeud	1000019061	WLangage	1	1
HClusterArrête	1000019058	WLangage	1	1
HClusterDémarre	1000019057	WLangage	1	1
HClusterEtat	1000019059	WLangage	1	1
HClusterIgnoreSynchro	1000019243	WLangage	1	1
HClusterInfoErreurSynchronisation	1000021975	WLangage	1	1
HClusterInfoNoeud	1000019060	WLangage	1	1
HClusterInfoSynchronisation	1000021974	WLangage	1	1
HClusterNoeudMaître	1410087885	WLangage	0	1
HClusterParamètre	1000019305	WLangage	1	1
HClusterSupprimeNoeud	1000019062	WLangage	1	1
HCompareRubrique	1000021103	HFSQL	1	1
HConnecte	3044263	HFSQL	1	1
HConnecteAccèsDistant	3044257	HFSQL	1	0
HConstruitValClé	3044258	HFSQL	1	1
HConstruitValCléANSI	3044259	HFSQL	1	1
HConvertX	3044260	HFSQL	1	1
HCopieEnreg_55	3044238	Hyper File compatibles	1	0
HCopieEnreg	3044261	HFSQL	1	1
HCopieFichier	3044282	WLangage utilisables dans un état	1	1
HCréation	3044255	HFSQL	1	1
HCréationSiInexistant	3044254	HFSQL	1	1
HCréeRéplicaAbonné	3044253	HFSQL	1	1
HCréeRéplicaMaître	3044175	HFSQL	1	1
HCréeRéplicaTransportable	3044209	HFSQL	1	1
HCréeTriggerServeur	1000018986	HFSQL Client/Serveur	1	1
HCréeVue_55	3044239	Hyper File compatibles	1	0
HCréeVue	3044159	HFSQL	1	1
HCS.TailleTrame	3044364		1	0
HDateEnreg	3044338	HFSQL	1	1
HDBCréation	3044171	WLangage utilisables dans un état	1	1
HDBDécritFichier	3044172	HFSQL	1	1
HDBDécritIndex	3044166	HFSQL	1	1
HDBDécritRubrique	3044170	HFSQL	1	1
HDBIndex	3044165	HFSQL	1	1
HDBOuvre	3044163	HFSQL	1	1
HDBOuvreSansBloquer	3044162	HFSQL	1	1
HDBTypeTri	3044161	HFSQL	1	1
HDébloqueFichier	3044160	HFSQL	1	1
HDébloqueNumEnr	3044194	HFSQL	1	1
HDébutVerrou	3044240	Hyper File compatibles	1	0
HDéclare	3044203	HFSQL	1	1
HDéclareExterne	3044204	HFSQL	1	1
HDéclencheMiseAJourServeur	1000022521	HFSQL Client/Serveur	1	1
HDéconnecteClient	3044339	HFSQL Client/Serveur	1	1
HDécritClé	3044241	Hyper File compatibles	1	0
HDécritConnexion	3044205	HFSQL	1	1
HDécritFichier	3044206	HFSQL	1	1
HDécritIndexFullText	1000017407	HFSQL	1	1
HDécritIndexSémantique	1410086684	HFSQL	0	1
HDécritLiaison	3044191	HFSQL	1	1
HDécritRubrique	3044233	HFSQL	1	1
HDécritTrigger_55	3044242	Hyper File compatibles	1	0
HDécritTrigger	3044074	HFSQL	1	1
HDécritTriggerServeur	1000017033	HFSQL Client/Serveur	1	1
HDéjàBloque	3044243	Hyper File compatibles	1	0
HDémarreServeur	3044318	HFSQL Client/Serveur	1	1
HDernier	3044101	HFSQL	1	1
HDésactiveFiltre	3044085	HFSQL	1	1
HDésactiveFiltreAuto	3044298	HFSQL	1	1
HDésactiveTrigger	3044089	HFSQL	1	1
HDésactiveTriggerServeur	1000017035	HFSQL Client/Serveur	1	1
HDétruitTrigger	3044090	HFSQL	1	1
HDétruitTriggerServeur	1000017036	HFSQL Client/Serveur	1	1
HDétruitVue	3044091	HFSQL	1	1
hdfsCopieDepuis	1000021678	HDFS	1	1
hdfsCopieVers	1000021679	HDFS	1	1
hdfsCréeRépertoire	1000021675	HDFS	1	1
hdfsFermeConnexion	1000021867	HDFS	1	1
hdfsListe	1000021677	HDFS	1	1
hdfsOuvreConnexion	1000021866	HDFS	1	1
hdfsRenomme	1000021676	HDFS	1	1
hdfsSupprime	1000021674	HDFS	1	1
HDoublon	3044237	Hyper File compatibles	1	0
HDupliqueBaseDeDonnées	1000022166	HFSQL Client/Serveur	1	1
HDupliqueEnregistrement	1000020538	HFSQL	1	1
HEcrit	3044092	HFSQL	1	1
HEnDehors	3044094	HFSQL	1	1
HEnregistre	1000021375	HFSQL	1	1
HEnregistrementVersChaîne	1000025983	HFSQL	0	1
HEnregistrementVersJSON	1000021909	HFSQL	1	1
HEnregistrementVersXML	3044093	gestion des fichiers XML	1	1
HEnvoieMessageVersClient	3044346	HFSQL Client/Serveur	1	1
HErreur	3044088	HFSQL	1	1
HErreurBlocage	3044099	HFSQL	1	1
HErreurDoublon	3044077	HFSQL	1	1
HErreurEtatModification	3044103	HFSQL	1	1
HErreurInfo	3044071	HFSQL	1	1
HErreurIntégrité	3044086	HFSQL	1	1
HErreurModification	3044102	HFSQL	1	1
HErreurMotDePasse	3044082	HFSQL	1	1
HEtat	3044081	HFSQL	1	1
HEtatServeur	3044319	HFSQL Client/Serveur	1	1
HeureDifférence	3027018	gestion des dates et des heures	1	1
HeureSélecteur	1000020019	gestion des dates et des heures	1	1
HeureSys	3027019	gestion des dates et des heures	1	1
HeureValide	3027021	gestion des dates et des heures	1	1
HeureVersChaîne	3027023	gestion des dates et des heures	1	1
HeureVersEntier	3027017	gestion des dates et des heures	1	1
HexaVersBuffer	1000019914	gestion des chaînes	1	1
HexaVersEntier	1000019413	gestion des chaînes	1	1
HExécutePlanification	1000021453	HFSQL Client/Serveur	1	1
HExécuteProcédure	3044358	HFSQL Client/Serveur	1	1
HExécuteProcédureAsynchrone	1410091042	HFSQL Client/Serveur	0	1
HExécuteRequête	3044080	SQL	1	1
HExécuteRequêteAsynchrone	1000026094	HFSQL	0	1
HExécuteRequêteSQL	3044084	SQL	1	1
HExécuteRequêteSQLAsynchrone	1000026095	HFSQL	0	1
HExécuteSauvegardePlanifiée	1000018937	HFSQL Client/Serveur	1	1
HExécuteVue	3044079	HFSQL	1	1
HExporteChaîneJSON	1410088487	HFSQL	0	1
HExporteCSV	1000023935	HFSQL	1	1
HExporteJSON	1000021964	HFSQL	1	1
HExporteXLS	1000023934	HFSQL	1	1
HExporteXML	3044069	gestion des fichiers XML	1	1
HExtraitMémo	3044072	HFSQL	1	1
HFerme	3044073	HFSQL	1	1
HFermeAnalyse	3044054	HFSQL	1	1
HFermeConnexion	3044095	HFSQL	1	1
HFichierExiste	3044096	HFSQL	1	1
HFiltre	3044100	HFSQL	1	1
HFiltreCommencePar	3044098	HFSQL	1	1
HFiltreComprisEntre	3044097	HFSQL	1	1
HFiltreContient	1000020267	HFSQL	1	1
HFiltreIdentique	3044105	HFSQL	1	1
HFinInterditAccèsBaseDeDonnées	3044287	HFSQL Client/Serveur	1	1
HFinInterditModif	3044123	HFSQL	1	1
HFinVerrou	3044235	Hyper File compatibles	1	0
HForceEcriture	3044004	HFSQL	1	1
HFTListeMot	1000021580	HFSQL	1	1
HFusionneVue	3044124	HFSQL	1	1
HGèreAccèsDistant	3044056	HFSQL	1	0
HGèreCache	3044310	HFSQL Client/Serveur	1	1
HGèreDoublon	3044057	HFSQL	1	1
HGèreIntégrité	3044058	HFSQL	1	1
HGèreJournal	3044052	HFSQL	1	1
HGèreMémo	3044139	HFSQL	1	1
HGèreMiseAJourServeur	1000022635	HFSQL Client/Serveur	1	1
HGèreREP	3044061	HFSQL	1	1
HGèreRéplication	3044067	HFSQL	1	1
HGèreServeur	3044359	HFSQL Client/Serveur	1	1
HGèreTâche	1000017113	HFSQL Client/Serveur	1	1
HGèreTransaction	3044066	HFSQL	1	1
HGèreTrigger	3044065	HFSQL	1	1
HHistoriqueModification	3044344	HFSQL	1	1
Hier	1000023786	gestion des dates et des heures	1	1
HImporteCSV	1410090596	HFSQL	0	1
HImporteHF55	3044055	HFSQL	1	1
HImporteJSON	1000021965	HFSQL	1	1
HImporteTexte_55	3044228	Hyper File compatibles	1	0
HImporteTexte	3044011	WLangage utilisables dans un état	1	1
HImporteXLS	1000021197	gestion des fichiers XLS	1	1
HImporteXML	3044007	gestion des fichiers XML	1	1
HInfoAnalyse	1000019773	HFSQL	1	1
HInfoBlocage	3044307	HFSQL Client/Serveur	1	1
HInfoDroitBaseDeDonnées	3044320	HFSQL Client/Serveur	1	1
HInfoDroitFichier	3044321	HFSQL Client/Serveur	1	1
HInfoDroitRubrique	1410089919	HFSQL Client/Serveur	0	1
HInfoDroitServeur	3044322	HFSQL Client/Serveur	1	1
HInfoDroitVue	1000021475	HFSQL Client/Serveur	1	1
HInfoFichier	3044311	HFSQL	1	1
HInfoGéné	3044227	Hyper File compatibles	1	0
HInfoGroupe	3044283	HFSQL Client/Serveur	1	1
HInfoLog	3044356	HFSQL Client/Serveur	1	1
HInfoMémo	3044008	HFSQL	1	1
HInfoPropriétéBaseDeDonnées	3044323	HFSQL Client/Serveur	1	1
HInfoPropriétéFichier	3044324	HFSQL Client/Serveur	1	1
HInfoPropriétéServeur	3044325	HFSQL Client/Serveur	1	1
HInfoRéplica	3044015	HFSQL	1	1
HInfoRubrique	3044212	Hyper File compatibles	1	0
HInfoSauvegarde	1000017083	HFSQL Client/Serveur	1	1
HInfoServeur	3044284	HFSQL Client/Serveur	1	1
HInfoTâche	1000017409	HFSQL Client/Serveur	1	1
HInfoUtilisateur	3044285	HFSQL Client/Serveur	1	1
HInfoVue	1000021619	HFSQL Client/Serveur	1	1
HInitAbonné	3044013	HFSQL	1	1
HInitHF55	3044010	HFSQL	1	1
HInterditAccèsBaseDeDonnées	3044286	HFSQL Client/Serveur	1	1
HInterditModif	3044053	HFSQL	1	1
HJournalInfo	3044009	HFSQL	1	1
HJournalRecrée	3044033	HFSQL	1	1
HJournalRedémarre	3044019	HFSQL	1	1
HJournalStop	3044035	HFSQL	1	1
HJSONVersEnregistrement	1000021910	HFSQL	0	1
HLibère	3044064	HFSQL	1	1
HLibèrePosition	3044062	HFSQL	1	1
HLibèreRequête	1000019374	HFSQL	1	1
HListeAnalyse	3044049	HFSQL	1	1
HListeBaseDeDonnées	3044288	HFSQL Client/Serveur	1	1
HListeClé	3044060	HFSQL	1	1
HListeCléSémantique	1410086681	HFSQL	0	1
HListeCléSpatiale	1410090426	HFSQL	0	1
HListeConnexion	3044046	HFSQL	1	1
HListeElémentStocké	3044367	HFSQL Client/Serveur	1	1
HListeFichier	3044045	HFSQL	1	1
HListeFichiersSurveillés	1410089900	HFSQL Client/Serveur	0	1
HListeGroupe	3044289	HFSQL Client/Serveur	1	1
HListeHistoriquePlanification	1410090762	HFSQL Client/Serveur	0	1
HListeHistoriqueRéindexation	1410091060	HFSQL Client/Serveur	0	1
HListeIndexFullText	1000017328	HFSQL	1	1
HListeIndexSémantique	1410091375	HFSQL	0	1
HListeLiaison	3044138	HFSQL	1	1
HListeMotVide	1000021594	HFSQL	1	1
HListeOptimisationPlanifiée	1000018863	HFSQL Client/Serveur	1	1
HListeParamètre	1000017321	HFSQL Client/Serveur	1	1
HListeParamRequête	3044078	HFSQL	1	1
HListePersoDossier	1000019775	HFSQL	1	1
HListePlanification	1000021452	HFSQL Client/Serveur	1	1
HListeProvider	3044232	HFSQL	1	1
HListeREP	3044229	HFSQL	1	1
HListeRubrique	3044230	HFSQL	1	1
HListeSauvegardePlanifiée	1000018868	HFSQL Client/Serveur	1	1
HListeServeur	1000018777	HFSQL Client/Serveur	1	1
HListeSynonyme	1000021593	HFSQL	1	1
HListeTâche	1000017092	HFSQL Client/Serveur	1	1
HListeTrigger	3044231	HFSQL	1	1
HListeTriggerServeur	1000017037	HFSQL Client/Serveur	1	1
HListeUtilisateur	3044290	HFSQL Client/Serveur	1	1
HListeUtilisateurConnecté	3044291	HFSQL Client/Serveur	1	1
HLit	3044047	HFSQL	1	1
HLitBloque	3044218	Hyper File compatibles	1	0
HLitDernier	3044140	HFSQL	1	1
HLitDernierBloque	3044213	Hyper File compatibles	1	0
HLitDernierSansBloquer	3044222	Hyper File compatibles	1	0
HLitPrécédent	3044048	HFSQL	1	1
HLitPrécédentBloque	3044223	Hyper File compatibles	1	0
HLitPrécédentSansBloquer	3044224	Hyper File compatibles	1	0
HLitPremier	3044051	HFSQL	1	1
HLitPremierBloque	3044221	Hyper File compatibles	1	0
HLitPremierSansBloquer	3044219	Hyper File compatibles	1	0
HLitRecherche	3044050	HFSQL	1	1
HLitRechercheBloque	3044217	Hyper File compatibles	1	0
HLitRechercheDernier	3044034	HFSQL	1	1
HLitRecherchePremier	3044036	HFSQL	1	1
HLitRechercheSansBloquer	3044216	Hyper File compatibles	1	0
HLitSansBloquer	3044215	Hyper File compatibles	1	0
HLitSuivant	3044037	HFSQL	1	1
HLitSuivantBloque	3044214	Hyper File compatibles	1	0
HLitSuivantSansBloquer	3044278	Hyper File compatibles	1	0
HMaintenanceServeur	1000022325	HFSQL Client/Serveur	1	1
HMigreCléComposéeReliée	3044038	WLangage utilisables dans un état	1	1
HMiseAJourCollection	3044354	HFSQL Client/Serveur	1	1
HMiseAJourLiaison	1000024555	HFSQL Client/Serveur	0	1
HMiseAJourRequête	3044365	HFSQL Client/Serveur	1	1
HMiseAJourVue	1000021520	HFSQL Client/Serveur	1	1
HMode	3044039	HFSQL	1	1
HModifie	3044042	HFSQL	1	1
HModifieDroitBaseDeDonnées	3044326	HFSQL Client/Serveur	1	1
HModifieDroitFichier	3044327	WLangage utilisables dans un état	1	1
HModifieDroitRubrique	1410089918	HFSQL Client/Serveur	0	1
HModifieDroitServeur	3044328	HFSQL Client/Serveur	1	1
HModifieDroitVue	1000021368	HFSQL Client/Serveur	1	1
HModifieGroupe	3044308	HFSQL Client/Serveur	1	1
HModifieOptimisationPlanifiée	1000018931	HFSQL Client/Serveur	1	1
HModifiePlanification	1000021450	HFSQL Client/Serveur	1	1
HModifiePropriétéBaseDeDonnées	3044329	WLangage utilisables dans un état	1	1
HModifiePropriétéFichier	3044330	HFSQL Client/Serveur	1	1
HModifiePropriétéServeur	3044331	HFSQL Client/Serveur	1	1
HModifieSauvegardePlanifiée	1000018932	HFSQL Client/Serveur	1	1
HModifieStructure	1000019439	HFSQL	1	1
HModifieTâche	1000017374	HFSQL Client/Serveur	1	1
HModifieUtilisateur	3044309	HFSQL Client/Serveur	1	1
HNbEnr	3044006	HFSQL	1	1
HNotifAjouteDestinataireCC	1000020387	HFSQL Client/Serveur	1	1
HNotifAjouteDestinataireEmail	1000020386	HFSQL Client/Serveur	1	1
HNotifConfigure	1000020390	HFSQL Client/Serveur	1	1
HNotifListeDestinataireCC	1000020391	HFSQL Client/Serveur	1	1
HNotifListeDestinataireEmail	1000020388	HFSQL Client/Serveur	1	1
HNotifSupprimeDestinataireCC	1000020398	HFSQL Client/Serveur	1	1
HNotifSupprimeDestinataireEmail	1000020399	HFSQL Client/Serveur	1	1
HNumEnr	3044063	HFSQL	1	1
HOpérationEncours	1000022480	HFSQL Client/Serveur	1	1
HOptimise	3044005	HFSQL	1	1
HOptimiseRequête	3044003	HFSQL	1	1
HOuvre	3044120	HFSQL	1	1
HOuvreAnalyse	3044106	HFSQL	1	1
HOuvreAnalyseComplémentaire	1410090082	HFSQL	0	1
HOuvreConnexion	3044107	HFSQL	1	1
HPasse	3044108	HFSQL	1	1
HPolitiqueSécuritéDébloqueCompte	1410091235	HFSQL Client/Serveur	0	1
HPolitiqueSécuritéModifie	1410091205	HFSQL Client/Serveur	0	1
HPolitiqueSécuritéRécupère	1410091207	HFSQL Client/Serveur	0	1
HPolitiqueSécuritéVérifie	1410091206	HFSQL Client/Serveur	0	1
HPositionCourante	3044109	HFSQL	1	1
HPositionne	3044110	HFSQL	1	1
HPoste	3044111	HFSQL	1	1
HPrécédent	3044112	HFSQL	1	1
HPremier	3044113	HFSQL	1	1
HPrépareRequête	1000019028	HFSQL	1	1
HPrépareRequêteSQL	3044119	HFSQL	1	1
HPriorité	3044352	HFSQL Client/Serveur	1	1
HPrioritéClient	3044353	HFSQL Client/Serveur	1	1
HPurgeRepTravail	1000017767	HFSQL Client/Serveur	1	1
HQualitéConnexion	1000018291	HFSQL Client/Serveur	1	1
HRafraîchitVue	1000021376	HFSQL	1	1
HRaye	3044121	WLangage utilisables dans un état	1	1
HRAZ	3044118	HFSQL	1	1
HRAZClient	3044341	HFSQL Client/Serveur	1	1
HRAZGroupe	3044292	HFSQL Client/Serveur	1	1
HRAZUtilisateur	3044293	HFSQL Client/Serveur	1	1
HRecalculeEmbedding	1410086682	HFSQL	0	1
HRecherche	3044130	HFSQL	1	1
HRechercheDernier	3044129	HFSQL	1	1
HRecherchePremier	3044125	HFSQL	1	1
HReconnecte	1000017278	HFSQL Client/Serveur	1	1
HRecréeRéplicaAbonné	3044350	HFSQL	1	1
HRecule	3044126	HFSQL	1	1
HRécupèreEnregistrement	3044127	HFSQL	1	1
HRécupèreLog	3044357	HFSQL Client/Serveur	1	1
HRécupèreRubrique	3044128	HFSQL	1	1
HRécupèreSauvegarde	1000022468	HFSQL Client/Serveur	1	1
HRégénèreFichier	3044122	HFSQL	1	1
HRéindexationEnCours	3044131	HFSQL	1	1
HRéindexe_55	3044251	Hyper File compatibles	1	0
HRéindexe	3044133	HFSQL	1	1
HRéindexeAsynchrone	1410091053	HFSQL Client/Serveur	0	1
HRepTravailServeur	1000017768	HFSQL Client/Serveur	1	1
HRequêteExécutée	1410090242	HFSQL	0	1
HRestaureSauvegarde	1000017230	HFSQL Client/Serveur	1	1
HRetourPosition	3044137	HFSQL	1	1
HRplAjouteFichier	1410090462	WLangage	0	1
HRplDéclareLiaison	3044299	WLangage	1	1
HRplGestionFichier	1000017215	WLangage	1	1
HRplGestionRubrique	1000017216	WLangage	1	1
HRplPasse	3044342	WLangage	1	1
HRplProcédureFiltre	3044300	WLangage	1	1
HRSAjouteConfig	1000020492	WLangage	1	1
HRSAttendTraitementDonnées	1000023446	WLangage	1	1
HRSDéclenche	1000020556	WLangage	1	1
HRSIgnoreErreur	1410090182	WLangage	0	1
HRSInfo	1000020574	WLangage	1	1
HRSInit	1000020541	WLangage	1	1
HRSListeConfig	1000020497	WLangage	1	1
HRSModifieConfig	1000020495	WLangage	1	1
HRSRenommeNomServeur	1410088521	WLangage	0	1
HRSSupprimeConfig	1000020493	WLangage	1	1
HRSTransformeSpareEnServeur	1410091035	WLangage	0	1
HSauvegarde	1000017081	HFSQL Client/Serveur	1	1
HSauveParamètre	1000017313	HFSQL Client/Serveur	1	1
HSauvePosition	3044136	HFSQL	1	1
HSécurité	3044135	HFSQL	1	1
HSimuleRéseau	1000018954	HFSQL Client/Serveur	1	1
HsMenu,Libelle	75130276	Objet	1	1
HSourceDeDonnéesConnue	1410090243	HFSQL	0	1
HStatCalcule	3044134	HFSQL	1	1
HStatCalculeAsynchrone	1410091108	HFSQL Client/Serveur	0	1
HStatDate	3044117	HFSQL	1	1
HStatHeure	3044116	HFSQL	1	1
HStatNbDoublon	3044031	HFSQL	1	1
HStatNbEnr	3044030	HFSQL	1	1
HStatNbEnrIntervalle	3044029	HFSQL	1	1
HSubstNom	3044169	Hyper File compatibles	1	0
HSubstRep	3044028	HFSQL	1	1
HSuggèreClé	1000025903	HFSQL Client/Serveur	0	1
HSuggèreCléDébut	1000025905	HFSQL Client/Serveur	0	1
HSuggèreCléFin	1000025906	HFSQL Client/Serveur	0	1
HSuivant	3044027	HFSQL	1	1
HSupprime	3044018	HFSQL	1	1
HSupprimeBaseDeDonnées	3044332	WLangage utilisables dans un état	1	1
HSupprimeCollection	3044355	HFSQL Client/Serveur	1	1
HSupprimeFichier	3044294	HFSQL Client/Serveur	1	1
HSupprimeGroupe	3044295	HFSQL Client/Serveur	1	1
HSupprimeHistoriquePlanification	1410090760	HFSQL Client/Serveur	0	1
HSupprimeLiaison	3044314	WLangage utilisables dans un état	1	1
HSupprimeOptimisationPlanifiée	1000018865	HFSQL Client/Serveur	1	1
HSupprimeParamètre	1000017315	HFSQL Client/Serveur	1	1
HSupprimePlanification	1000021448	HFSQL Client/Serveur	1	1
HSupprimeRépertoire	1000019001	HFSQL Client/Serveur	1	1
HSupprimeRequête	3044366	HFSQL Client/Serveur	1	1
HSupprimeSauvegarde	1000017373	HFSQL Client/Serveur	1	1
HSupprimeSauvegardePlanifiée	1000018870	HFSQL Client/Serveur	1	1
HSupprimeTâche	1000017093	HFSQL Client/Serveur	1	1
HSupprimeTout	1000017331	HFSQL	1	1
HSupprimeToutHistoriquePlanification	1410090761	HFSQL Client/Serveur	0	1
HSupprimeUtilisateur	3044296	HFSQL Client/Serveur	1	1
HSupprimeVue	1410088606	HFSQL Client/Serveur	0	1
HSurAppelServeur	3044343	HFSQL Client/Serveur	1	1
HSurErreur	3044017	HFSQL	1	1
HSurveille	1000022407	HFSQL Client/Serveur	1	1
HSurveilleStop	1000022430	HFSQL Client/Serveur	1	1
HSynchroniseRéplica	3044014	HFSQL	1	1
HTMLActiveDébogueur	1410087849	Affichage HTML	0	1
HTMLChercheElémentParBalise	1000026272	gestion des fichiers HTML	0	1
HTMLChercheElémentParClasse	1000026177	gestion des fichiers HTML	0	1
HTMLChercheElémentParID	1000025915	gestion des fichiers HTML	0	1
HTMLChercheElémentParNom	1000025913	gestion des fichiers HTML	0	1
HTMLClasseAjoute	1000021550	diverses WEBDEV	1	1
HTMLClasseBascule	1000021551	diverses WEBDEV	1	1
HTMLClasseSupprime	1000021552	diverses WEBDEV	1	1
HTMLConstruitChaîne	1000025909	gestion des fichiers HTML	0	1
HTMLDepuisEmail	1410087263	Affichage HTML	0	1
HTMLDésencadreTousLesFils	1410087613	gestion des fichiers HTML	0	1
HTMLEncadre	1410087611	gestion des fichiers HTML	0	1
HTMLEncadreTousLesFils	1410087612	gestion des fichiers HTML	0	1
HTMLExécuteProcédureNavigateur	1000025920	Affichage HTML	0	1
HTMLExécuteTraitementChamp	1000025969	Affichage HTML	0	1
HTMLInsèreAprès	1410087610	gestion des fichiers HTML	0	1
HTMLInsèreAvant	1410087609	gestion des fichiers HTML	0	1
HTMLInsèreDernierFils	1410087616	gestion des fichiers HTML	0	1
HTMLInsèrePremierFils	1410087615	gestion des fichiers HTML	0	1
HTMLModifieAttribut	1410087618	gestion des fichiers HTML	0	1
HTMLNavigue	3025042	Affichage HTML	1	1
HTMLOuvre	1000025907	gestion des fichiers HTML	0	1
HTMLSauve	1000025908	gestion des fichiers HTML	0	1
HTMLSupprime	1410087614	gestion des fichiers HTML	0	1
HTMLSupprimeAttribut	1410087619	gestion des fichiers HTML	0	1
HTMLSupprimeFils	1410087617	gestion des fichiers HTML	0	1
HTMLSurErreurJS	1000026259	Affichage HTML	0	1
HTMLValeurChamp	1000025968	Affichage HTML	0	1
HTMLValideFormulaire	1000025970	Affichage HTML	0	1
HTMLVersPDF	1410088984	gestion des fichiers HTML	0	1
HTMLVersRTF	1000017040	gestion des chaînes	1	1
HTMLVersRVB	1000019414	dessin	1	1
HTMLVersTexte	1000017039	gestion des chaînes	1	1
HTransaction	1000023384	HFSQL	1	1
HTransactionAnnule	3044001	HFSQL	1	1
HTransactionDébut	3044002	HFSQL	1	1
HTransactionEnCours	1000025274	HFSQL	0	1
HTransactionFin	3044032	HFSQL	1	1
HTransactionInterrompue	3044026	HFSQL	1	1
HTransactionIsolation	1000020926	HFSQL Client/Serveur	1	1
HTransactionLibère	3044016	HFSQL	1	1
HTransactionListe	3044351	HFSQL Client/Serveur	1	1
HTransactionPointDeSauvegarde	1410087841	HFSQL Client/Serveur	0	1
HTransactionRetourneAuPointDeSauvegarde	1410087842	HFSQL Client/Serveur	0	1
HTrieVue	3044114	HFSQL	1	1
HTriggerEnregistrementAvant	1000025873	HFSQL	0	1
HTrouve	3044104	HFSQL	1	1
HTTPAjouteFichier	1000017191	HTTP	1	1
HTTPAjouteParamètre	1000017189	HTTP	1	1
HTTPAnnuleFormulaire	1000017123	HTTP	1	1
HTTPCertificat	1000018898	HTTP	1	1
HTTPCookieEcrit	1000019234	HTTP	1	1
HTTPCookieGère	1000019218	HTTP	1	1
HTTPCookieLit	1000019233	HTTP	1	1
HTTPCookieRAZ	1000019232	HTTP	1	1
HTTPCookieRécupère	1000019228	HTTP	1	1
HTTPCookieRemplace	1000019231	HTTP	1	1
HTTPCréeFormulaire	1000017119	HTTP	1	1
HTTPDestination	1000017094	HTTP	1	1
HTTPDonneRésultat	3043001	HTTP	1	1
HTTPEnvoie	1000021183	HTTP	1	1
HTTPEnvoieAsynchrone	1410091208	HTTP	0	1
HTTPEnvoieFormulaire	1000017190	HTTP	1	1
HTTPJauge	3043009	HTTP	1	1
HTTPListeCertificat	1000018890	HTTP	1	1
HTTPParamètre	1000018985	HTTP	1	1
HTTPRAZFormulaire	1000017188	HTTP	1	1
HTTPRequête	3043007	HTTP	1	1
HTTPSimuleRéseau	1000021595	HTTP	1	1
HTTPTimeOut	3043008	HTTP	1	1
HVérifieInaltéré	1000023377	HFSQL	1	1
HVérifieIndex	3044044	HFSQL	1	1
HVérifieIndexAsynchrone	1410091105	HFSQL Client/Serveur	0	1
HVérifieMémo	1000023126	HFSQL	1	1
HVérifieMémoAsynchrone	1410091107	HFSQL Client/Serveur	0	1
HVérifieMiseAJourServeur	1000022520	HFSQL Client/Serveur	1	1
HVérifieStructure	3044068	HFSQL	1	1
HVersFichier	3044347	HFSQL	1	1
HVersion	3044020	HFSQL	1	1
HVersRubrique	3044025	HFSQL	1	1
HVueVersFichier	3044021	HFSQL	1	1
HVueVersTable	3044252	Hyper File compatibles	1	0
IACalculeSimilaritéSémantique	1410091321	Intelligence Artificielle (IA)	0	1
IACollectionVecteurSémantiqueMoyenne	1410091325	Intelligence Artificielle (IA)	0	1
IACréeCollectionVecteurSémantique	1410091322	Intelligence Artificielle (IA)	0	1
IACréeVecteurSémantique	1410091316		0	1
IADétecte	1410087942	Intelligence Artificielle (IA)	0	1
IADétecteContour	1410089109	Intelligence Artificielle (IA)	0	1
IADétecteDessin	1410089108	Intelligence Artificielle (IA)	0	1
iAjoutePièceJointe	1000024059	impression	1	1
iAjouteSignet	1000020056	impression	1	1
IAListeModèleChat	1410086702	Intelligence Artificielle (IA)	0	1
IAModèleDétecte	1410087982		0	1
iAperçu	3046069	WLangage utilisables dans un état	1	1
IAVecteurSémantiqueNormalise	1410091354		0	1
IBANValide	1410089019	diverses Windows	0	1
iCadre	3046044	WLangage utilisables dans un état	1	1
iCadreArrondi	3046024	WLangage utilisables dans un état	1	1
iCalendarVersAgenda	1000021918	Agenda	1	1
iCalendarVersPlanning	1000021917	Planning	1	1
iCalendarVersRendezVous	1000021827	RendezVous (Lotus Notes/Android/iOS)	1	1
iChangeSousEtatSource	1000019621	impression	1	1
iCloudCléValeurEcrit	1410088739	iCloud	0	1
iCloudCléValeurExiste	1410088740	iCloud	0	1
iCloudCléValeurListeClé	1410088856	iCloud	0	1
iCloudCléValeurLit	1410088741	iCloud	0	1
iCloudCléValeurSupprime	1410088742	iCloud	0	1
iCloudCléValeurSurveille	1410088760	iCloud	0	1
iConfigure	3046072	WLangage utilisables dans un état	1	1
iConfigureEtat	3046076	impression	1	1
Iconise	3038015	gestion des fenêtres	1	1
iCréePolice	3046045	WLangage utilisables dans un état	1	1
iDéfinitXMPSupplémentaire	1000025142	impression	0	1
IdentifiantContexteAWP	1000017144	gestion des pages	1	1
iDernierFichier	3046068	WLangage utilisables dans un état	1	1
iDestination	3046074	impression	1	1
iEllipse	3046009	impression	1	1
iEnchaînementAjoute	1000020059	impression	1	1
iEnchaînementAjouteDiagramme	1410088662	impression	0	1
iEnchaînementAjouteDoc	1000023089	impression	1	1
iEnchaînementAjoutePDF	1000023468	impression	1	1
iEnchaînementAjouteXLS	1000023518	impression	1	1
iEnchaînementImprime	1000019903	impression	1	1
iEscape	3046054	WLangage utilisables dans un état	1	1
iFenêtreAbandon	3046042	WLangage utilisables dans un état	1	1
iFermeEtat	3046041	WLangage utilisables dans un état	1	1
iFichierEnCours	1000021859	impression	1	1
iFinEtat	3046040	WLangage utilisables dans un état	1	1
iFinImprime	3046053	impression	1	1
iForceComplément	3046046	WLangage utilisables dans un état	1	1
iGroupeAjoute	1000020580	impression	1	1
iGroupeImprime	1000020582	impression	1	1
iGroupeParamètre	1000020581	impression	1	1
iHautBasPageImbriqué	3046047	WLangage utilisables dans un état	1	1
iHauteurImage	3046057	impression	1	1
iHauteurPage	3046052	WLangage utilisables dans un état	1	1
iHauteurRestantePage	3046060	WLangage utilisables dans un état	1	1
iHauteurTexte	3046070	WLangage utilisables dans un état	1	1
iHauteurZone	3046062	WLangage utilisables dans un état	1	1
iImpressionAbandonnée	3046006	WLangage utilisables dans un état	1	1
iImpressionDemandée	3046029	WLangage utilisables dans un état	1	1
iImprime	3046031	impression	1	1
iImprimeBloc	3046030	WLangage utilisables dans un état	1	1
iImprimeCodeBarre	3046020	impression	1	1
iImprimeComplémentCorps	3046019	WLangage utilisables dans un état	1	1
iImprimeDiagramme	1410088189	impression	0	1
iImprimeDoc	1000022390	impression	1	1
iImprimeDuplicata	1000018842	impression	1	1
iImprimeEtat	3046032	WLangage utilisables dans un état	1	1
iImprimeImage	3046017	impression	1	1
iImprimeMot	3046034	impression	1	1
iImprimePDF	1000020519	impression	1	1
iImprimeSignature	1000021690	impression	1	1
iImprimeXLS	1000023517	impression	1	1
iImprimeZone	3046027	impression	1	1
iImprimeZoneHTML	1000020346	impression	1	1
iImprimeZoneMarkdown	1410089011	impression	0	1
iImprimeZoneRTF	3046023	impression	1	1
iInfoImprimante	3046022	WLangage utilisables dans un état	1	1
iInitEtatInterne	1000024611	impression	0	1
iInitEtatVerso	1410090612	impression	0	1
iInitRequêteEtat	3046021	WLangage utilisables dans un état	1	1
iInitRequêteEtatConnexion	3046028	WLangage utilisables dans un état	1	1
iInitSousEtat	1000019503	impression	1	1
iLargeurImage	3046061	impression	1	1
iLargeurPage	3046036	WLangage utilisables dans un état	1	1
iLargeurTexte	3046033	WLangage utilisables dans un état	1	1
iLien	3046018	impression	1	1
iLigne	3046035	impression	1	1
iListeEtatsImbriqués	3046005	WLangage utilisables dans un état	1	1
iListeImprimante	3046063	WLangage utilisables dans un état	1	1
ImageArrêteDéfilement	1000019428	Image	1	1
ImageCalqueVisible	1000023504	Image	1	1
ImageDernier	1000019432	Image	1	1
ImageFenêtre	3038013	gestion des fenêtres	1	1
ImageInfoFerme	3091001	EXIF	1	1
ImageInfoListe	3091002	EXIF	1	1
ImageInfoModifie	3091005	EXIF	1	1
ImageInfoSauve	3091006	EXIF	1	1
ImageInfoValeur	3091003	EXIF	1	1
ImageLanceDéfilement	1000019427	Image	1	1
iMagentaTransparent	3046003	WLangage utilisables dans un état	1	1
ImageOccurrence	1000019434	Image	1	1
ImagePositionDéfilement	1000019433	Image	1	1
ImagePosX	3045003	Image	1	1
ImagePosY	3045001	Image	1	1
ImagePrécédent	1000019430	Image	1	1
ImagePremier	1000019429	Image	1	1
ImageSuivant	1000019431	Image	1	1
ImageZone	3045002	Image	1	1
iMarge	3046011	WLangage utilisables dans un état	1	1
iMMVersPica	3046004	WLangage utilisables dans un état	1	1
inAppAchèteProduit	1000020873	Achats In-App	1	1
inAppConsommeProduit	1000020880	Achats In-App	1	1
inAppListeAchat	1000020888	Achats In-App	1	1
inAppListeInfoProduit	1000020872	Achats In-App	1	1
inAppRestaureAchats	1000020879	Achats In-App	1	1
inAppVérifieAbonnement	1000022719	Achats In-App	1	1
iNationImpression	1000020968	impression	1	1
IndiceEnCours	3025040	Table	1	1
IndiceSuivant	3025030	Table	1	1
Info	3021011	Boîtes de dialogue	1	1
InfoAsynchrone	1000025269	Boîtes de dialogue	0	1
InfoAvecDélai	1000020528	Boîtes de dialogue	1	1
InfoAvecDélaiAsynchrone	1000025271	Boîtes de dialogue	0	1
InfoBitmap	3029015	dessin	1	1
InfoConstruit	1000018879	Boîtes de dialogue	1	1
InfoImage	1410091104	dessin	0	1
INIEcrit	3013039	diverses WINDEV	1	1
INILit	3013043	diverses WINDEV	1	1
InitFenêtre	3038019	gestion des fenêtres	1	1
InitHasard	3013030	diverses WINDEV	1	1
InitParamètre	3025044	gestion des champs	1	1
Insère	1000017351	Tableau	1	1
InsèreColonne	1000017353	Tableau	1	1
InsèreLigne	1000017352	Tableau	1	1
InsèreRéférence	1000023937	Tableau	1	1
InstalleIcone	3014016	diverses Windows	1	1
Instance	3014019	diverses Windows	1	1
InternetConnecté	3043005	HTTP	1	1
InterrupteurAjoute	1000020595	Interrupteur	1	1
InterrupteurInsère	1000020597	Interrupteur	1	1
InterrupteurOccurrence	1000021274	Interrupteur	1	1
InterrupteurSupprime	1000020596	Interrupteur	1	1
iNumColonne	1000018825	impression	1	1
iNumPage	3046013	WLangage utilisables dans un état	1	1
Inverse	3024028	gestion des chaînes	1	1
iOSApplicationOpenURLProcédure	1410089346	gestion du téléphone	0	1
iOSExclutFichieriCloud	1000021779	gestion du téléphone	1	1
iOSRépertoireAppGroup	1410088694	gestion du téléphone	0	1
iParamètre	3046008	WLangage utilisables dans un état	1	1
iParamètreAperçu	3046001	WLangage utilisables dans un état	1	1
iParamètreDuplicata	1000018845	impression	1	1
iParamètreEtat	3046077	impression	1	1
iParamètreExport	1000017026	impression	1	1
iParamètreFiligrane	1000019939	impression	1	1
iParamètrePDF	3046007	WLangage utilisables dans un état	1	1
iParamètreVisualisateur	1000024634	impression	1	1
iParamètreXLS	1000017224	impression	1	1
iPicaVersMM	3046010	WLangage utilisables dans un état	1	1
iPolice	3046014	WLangage utilisables dans un état	1	1
iPoliceDidot	3046016	WLangage utilisables dans un état	1	1
iPosH	3046056	impression	1	1
iPosV	3046039	impression	1	1
iPosX	3046015	impression	1	1
iPosY	3046075	impression	1	1
iRAZ	3046067	WLangage utilisables dans un état	1	1
iRAZNbPages	1000021134	impression	1	1
iRepImageHTML	3046078	impression	1	1
iSauteLigne	3046071	impression	1	1
iSautePage	3046073	WLangage utilisables dans un état	1	1
iSelectPolice	3046055	WLangage utilisables dans un état	1	1
iStatusImpressionEtat	3046043	WLangage utilisables dans un état	1	1
iSubstBloc	3046048	WLangage utilisables dans un état	1	1
Italie.VérifieCF	1410089243	gestion des identifiants administratifs	0	1
Italie.VérifieIVA	1410089247	gestion des identifiants administratifs	0	1
Italie.VérifieNuméroFiscal	1410090226	gestion des identifiants administratifs	0	1
iTermineColonne	1000019184	impression	1	1
iTerminePage	3046038	WLangage utilisables dans un état	1	1
iTrait	3046050	impression	1	1
iTraitH	3046051	impression	1	1
iTraitV	3046066	impression	1	1
J2EEAjouteEntête	3047001	J2EE	1	1
J2EEDonneRésultat	3047003	J2EE	1	1
J2EEErreur	3047010	J2EE	1	1
J2EEExécute	3047007	J2EE	1	1
J2EEExécuteXML	3047008	J2EE	1	1
Jauge	3021008	Boîtes de dialogue	1	1
JaugeActive	1000019477	gestion des jauges	1	1
JaugeDésactive	1000019478	gestion des jauges	1	1
JaugeExécute	1000019481	gestion des jauges	1	1
JavaCharge	3048001	Java	1	1
JavaExécute	3048003	Java	1	1
JavaExécuteFonction	3048004	Java	1	1
JourDansLAnnéeVersDate	1410090781	gestion des dates et des heures	0	1
JourEnCours	1410089835	gestion des dates et des heures	0	1
JourFérié	1000017303	gestion des dates et des heures	1	1
JourFériéAjoute	1000017304	gestion des dates et des heures	1	1
JourFériéListe	1000017302	gestion des dates et des heures	1	1
JourFériéSupprimeTout	1000017301	gestion des dates et des heures	1	1
jQuery	1000021070	diverses WEBDEV	1	1
jQueryExécute	1000021008	diverses WEBDEV	1	1
JSEvénement	1000018924	diverses WEBDEV	1	1
JSFinEvénement	1000018925	diverses WEBDEV	1	1
JSInfoEvénement	3036067	diverses WEBDEV	1	1
JSInterruptionEvénement	1000019185	diverses WEBDEV	1	1
JSMéthode	3012002	diverses WEBDEV	1	1
JSONExécute	1000017284	diverses WEBDEV	1	1
JSONExécuteExterne	1000017286	diverses WEBDEV	1	1
JSONOuvreLecteur	1410090784	gestion du format JSON	0	1
JSONValide	1410089147	gestion du format JSON	0	1
JSONVersChaîne	1000024530	gestion du format JSON	1	1
JSONVersTable	1410090328	gestion du format JSON	0	1
JSONVersVariant	1000021052	gestion du format JSON	1	1
JSONVersXML	1410087330	gestion du format JSON	0	1
JSPropriété	3012019	diverses WEBDEV	1	1
JWTCréeAssertion	1410091014	gestion des protocoles OAuth et OpenID	0	1
KanbanAffiche	1410089522	Kanban	0	1
KanbanAjouteCarte	1410089140	Kanban	0	1
KanbanAjouteListe	1410089137	Kanban	0	1
KanbanDéplaceCarte	1410089144	Kanban	0	1
KanbanDéplaceListe	1410089540	Kanban	0	1
KanbanEnregistre	1410089562	Kanban	0	1
KanbanFiltre	1410089534	Kanban	0	1
KanbanIndiceListe	1410089317	Kanban	0	1
KanbanInfoXY	1410089224	Kanban	0	1
KanbanInsèreCarte	1410089316	Kanban	0	1
KanbanInsèreListe	1410089539	Kanban	0	1
KanbanOccurrence	1410089240	Kanban	0	1
KanbanPositionListe	1410089241	Kanban	0	1
KanbanSupprimeCarte	1410089141	Kanban	0	1
KanbanSupprimeListe	1410089239	Kanban	0	1
KanbanSupprimeToutCarte	1410089143	Kanban	0	1
KanbanVersImage	1410089138		0	1
KiosqueActive	1000024425	Kiosque	1	1
KiosqueDésactive	1000024426	Kiosque	1	1
LanceAppli	3035006	Exécutables	1	1
LanceAppliAssociée	3035007	Exécutables	1	1
LanceAppliDistante	1000018695	Exécutables	1	1
LanceEtatsEtRequêtes	3013067	diverses WINDEV	1	1
LancePartage	1000020620	Exécutables	1	1
LangueVersAlphabet	3054018	Multilingue	1	1
LangueVersNation	3054019	Multilingue	1	1
LangueVersNom	3054020	Multilingue	1	1
LDAPAjouteAttribut	3032110	LDAP	1	1
LDAPConnecte	3032100	LDAP	1	1
LDAPDébutAjout	3032109	LDAP	1	1
LDAPDébutModification	3032112	LDAP	1	1
LDAPDéconnecte	3032102	LDAP	1	1
LDAPListeAttribut	3032104	LDAP	1	1
LDAPListeFils	3032105	LDAP	1	1
LDAPMode	3032126	LDAP	1	1
LDAPNbValeur	3032106	LDAP	1	1
LDAPRAZ	3032103	LDAP	1	1
LDAPRecherche	3032108	LDAP	1	1
LDAPRemplaceAttribut	3032113	LDAP	1	1
LDAPRemplaceValeurAttribut	3032119	LDAP	1	1
LDAPRenommeAttribut	3032120	LDAP	1	1
LDAPSupprime	3032114	LDAP	1	1
LDAPSupprimeAttribut	3032115	LDAP	1	1
LDAPSupprimeValeurAttribut	3032116	LDAP	1	1
LDAPValeur	3032107	LDAP	1	1
LDAPValideAjout	3032111	LDAP	1	1
LDAPValideModification	3032117	LDAP	1	1
LecteurPDFAfficheSignet	1410089202	Lecteur PDF	0	1
LecteurPDFFerme	1000023453	Lecteur PDF	1	1
LecteurPDFInfoXY	1000025332	Lecteur PDF	0	1
LecteurPDFOuvre	1000023452	Lecteur PDF	1	1
LecteurPDFRecherchePrécédent	1000023411	Lecteur PDF	1	1
LecteurPDFRecherchePremier	1000023409	Lecteur PDF	1	1
LecteurPDFRechercheSuivant	1000023410	Lecteur PDF	1	1
LecteurPDFSauve	1000024898	Lecteur PDF	0	1
LecteurPDFSurligne	1000023544	Lecteur PDF	1	1
LecteurPDFTournePage	1000023940	Lecteur PDF	1	1
LEDAllume	1000019446	gestion du téléphone	1	1
LEDEteint	1000019447	gestion du téléphone	1	1
LibèreContexteAWP	1000020429	gestion des pages	1	1
LienCouleur	1000022354	gestion des champs	1	1
LienCouleurRTF	1410087292		0	1
LigneCommande	3013051	diverses WINDEV	1	1
LigneVersPosition	1000019896	gestion des chaînes	1	1
ListeAffiche	3049005	Liste	1	1
ListeAjoute	3049004	Liste	1	1
ListeCherche	3049003	Liste	1	1
ListeDéplaceLigne	1000017279	Liste	1	1
ListeDLL	3064006	Exécutables	1	1
ListeInfo	1000019548	gestion des files, piles, listes	1	1
ListeInfoXY	3049006	Liste	1	1
ListeInsère	3049002	Liste	1	1
ListeModifie	3049009	Liste	1	1
ListeOccurrence	3049014	Liste	1	1
ListePosition	3049015	Liste	1	1
ListeProcédureChargeImage	1410090789	Liste	0	1
ListeSelect	3049011	Liste	1	1
ListeSelectMoins	3049008	Liste	1	1
ListeSelectOccurrence	3049010	Liste	1	1
ListeSelectPlus	3049012	Liste	1	1
ListeSupprime	3049016	Liste	1	1
ListeSupprimeTout	3049013	Liste	1	1
ListeTrie	1000017022	Liste	1	1
Log	3050003	Mathématiques	1	1
LuhnCalcule	1410087276	cryptage/compression	0	1
LuhnVérifie	1410087277	cryptage/compression	0	1
LuminositéAuto	1000020182	gestion du téléphone	1	1
LuminositéModifie	1000020170	gestion du téléphone	1	1
LuminositéRécupère	1000019810	gestion du téléphone	1	1
MagnetoAction	1000014001	gestion du téléphone	1	1
MagnetoEvénement	1000014003	Magneto	1	0
MagnetoFinEvénement	1000014004	Magneto	1	0
Maintenant	3027024	gestion des dates et des heures	1	1
Majuscule	3024039	gestion des chaînes	1	1
MarkdownLien	1410090230	gestion des chaînes	0	1
MarkdownVersDOCX	1410089153	gestion des chaînes	0	1
MarkdownVersHTML	1410088874	gestion des chaînes	0	1
MarkdownVersPDF	1410089119	gestion des chaînes	0	1
MarkdownVersTexte	1410089001	gestion des chaînes	0	1
MasqueCodePostal	1000024742	Masque	0	1
MasqueFormate	1000024738	Masque	0	1
MasqueNuméroDeTéléphone	1000024741	Masque	0	1
MatAdditionne	3050049	Matrice	1	1
MatCompresse	3050043	Matrice	1	1
MatCopie	3050048	Matrice	1	1
MatCrée	3050058	Matrice	1	1
MatDéterminant	3050045	Matrice	1	1
MatEcrit	3050077	Matrice	1	1
MatErreur	3050044	Matrice	1	1
MatExiste	3050076	Matrice	1	1
MatInverse	3050075	Matrice	1	1
MatLit	3050074	Matrice	1	1
MatLitColonne	3050070	Matrice	1	1
MatLitLigne	3050032	Matrice	1	1
MatMultiplie	3050072	Matrice	1	1
MatNbColonne	3050073	Matrice	1	1
MatNbLigne	3050060	Matrice	1	1
MatRéelAdditionne	3050059	Matrice	1	1
MatRéelMultiplie	3050040	Matrice	1	1
MatRemplit	3050057	Matrice	1	1
MatSupprime	3050031	Matrice	1	1
MatTranspose	3050001	Matrice	1	1
Max	3050005	Tableau	1	1
Maximise	3038001	gestion des fenêtres	1	1
MCIArrêt	3051003	MCI	1	1
MCIDébut	3051002	MCI	1	1
MCIErr	3051011	MCI	1	1
MCIEtat	3051009	MCI	1	1
MCIExécute	3051005	MCI	1	1
MCIFerme	3051006	MCI	1	1
MCIFin	3051007	MCI	1	1
MCIFormatPosition	3051004	MCI	1	1
MCIHauteur	3051008	MCI	1	1
MCIJoue	3051001	MCI	1	1
MCILargeur	3051020	MCI	1	1
MCIMsgErr	3051021	MCI	1	1
MCINombrePiste	3051014	MCI	1	1
MCIOuvre	3051017	MCI	1	1
MCIPause	3051015	MCI	1	1
MCIPiste	3051016	MCI	1	1
MCIPosition	3051013	MCI	1	1
MCIRécupère	3051022	MCI	1	1
MCITaille	3051018	MCI	1	1
MCITailleFenêtre	3051019	MCI	1	1
MCIVolume	3051012	MCI	1	1
MCUActif	3030020	MCU	1	1
MCUOuvre	3030021	MCU	1	1
MDIActive	3052002	MDI	1	1
MDIEnumèreFille	3052001	MDI	1	1
MDIMenuFenêtre	3052004	MDI	1	1
MDIMère	3052006	MDI	1	1
MDIOuvre	3052005	MDI	1	1
MemAjoute	3053002	gestion des zones mémoires	1	1
MemcachedAffecte	1000023342	Memcached	1	1
MemcachedAffecteGroupeClé	1000023354	Memcached	1	1
MemcachedAjoute	1000023340	Memcached	1	1
MemcachedAjouteGroupeClé	1000023349	Memcached	1	1
MemcachedAjoutePréfixe	1000023343	Memcached	1	1
MemcachedAjoutePréfixeGroupeClé	1000023357	Memcached	1	1
MemcachedAjouteSuffixe	1000023344	Memcached	1	1
MemcachedAjouteSuffixeGroupeClé	1000023350	Memcached	1	1
MemcachedCAS	1000023348	Memcached	1	1
MemcachedCASGroupeClé	1000023356	Memcached	1	1
MemcachedDécrémente	1000023347	Memcached	1	1
MemcachedDécrémenteGroupeClé	1000023355	Memcached	1	1
MemcachedIncrémente	1000023346	Memcached	1	1
MemcachedIncrémenteGroupeClé	1000023352	Memcached	1	1
MemcachedModifie	1000023341	Memcached	1	1
MemcachedModifieGroupeClé	1000023351	Memcached	1	1
MemcachedRécupère	1000023363	Memcached	1	1
MemcachedRécupèreGroupeClé	1000023364	Memcached	1	1
MemcachedSupprime	1000023345	Memcached	1	1
MemcachedSupprimeGroupeClé	1000023353	Memcached	1	1
MemCrée	3053005	gestion des zones mémoires	1	1
MemDernier	3053004	gestion des zones mémoires	1	1
MemEnCours	3053008	gestion des zones mémoires	1	1
MemEnDehors	3053009	gestion des zones mémoires	1	1
MemExiste	3053006	gestion des zones mémoires	1	1
MemModifie	3053007	gestion des zones mémoires	1	1
MemOccurrence	3053010	gestion des zones mémoires	1	1
MémoireVersFichier	3013070		1	1
MémoTélécharge	1410086743	diverses WEBDEV	0	1
MémoVisualise	1410086742	diverses WEBDEV	0	1
MemPositionne	3053018	gestion des zones mémoires	1	1
MemPrécédent	3053011	gestion des zones mémoires	1	1
MemPremier	3053014	gestion des zones mémoires	1	1
MemRecherche	3053015	gestion des zones mémoires	1	1
MemRécupère	3053012	gestion des zones mémoires	1	1
MemSuivant	3053017	gestion des zones mémoires	1	1
MemSupprime	3053013	gestion des zones mémoires	1	1
MemSupprimeTout	3053019	gestion des zones mémoires	1	1
MemTri	3053003	gestion des zones mémoires	1	1
MemTrie	3053020	gestion des zones mémoires	1	1
MemTrouvé	3053021	gestion des zones mémoires	1	1
MemValClé	3053016	gestion des zones mémoires	1	1
MenuAjoute	3038048	Menu	1	1
MenuAjouteMenu	1000017266	Menu	1	1
MenuAjouteMenuNavigateur	1410090921	Menu	0	1
MenuAjouteOption	1000017262	Menu	1	1
MenuAjouteOptionNavigateur	1410090920	Menu	0	1
MenuAjouteOptionURL	1000018529	Menu	1	1
MenuAjoutePopup	1000020583	Menu	1	1
MenuAjouteSéparateur	1000017270	Menu	1	1
MenuClone	1000017257	Menu	1	1
MenuDémarque	3038002	Menu	1	1
MenuEtat	3038003	Menu	1	1
MenuExiste	1000019365	Menu	1	1
MenuInsèreMenu	1000017267	Menu	1	1
MenuInsèreOption	1000017265	Menu	1	1
MenuInsèreSéparateur	1000017271	Menu	1	1
MenuInvisible	3038022	Menu	1	1
MenuLibellé	3038009	Menu	1	1
MenuMarquage	3038008	Menu	1	1
MenuMarque	3038007	Menu	1	1
MenuSelectMoins	3038010	Menu	1	1
MenuSelectPlus	3038005	Menu	1	1
MenuSupprime	3038058	Menu	1	1
Message	3021006	Boîtes de dialogue	1	1
MessageAjouteCase	3021001	Boîtes de dialogue	1	1
MessageSupprimeCase	3021002	Boîtes de dialogue	1	1
MessTraduit	3054015	Multilingue	1	1
Milieu	3024023	gestion des chaînes	1	1
Min	3050004	Tableau	1	1
Minuscule	3024030	gestion des chaînes	1	1
mlChargeEspaceDeTravail	1000021358	accès à MATLAB	1	1
mlEcritVariable	1000021355	accès à MATLAB	1	1
mlExécute	1000021353	accès à MATLAB	1	1
mlInitialise	1000021351	accès à MATLAB	1	1
mlListeVariable	1000021357	accès à MATLAB	1	1
mlRAZEspaceDeTravail	1000021360	accès à MATLAB	1	1
mlRécupèreVariable	1000021354	accès à MATLAB	1	1
mlSauveEspaceDeTravail	1000021359	accès à MATLAB	1	1
mlSupprimeVariable	1000021356	accès à MATLAB	1	1
mlTermine	1000021352	accès à MATLAB	1	1
ModbusConnecteRTU	1000025929	Modbus	0	1
ModbusConnecteTCP	1000025930	Modbus	0	1
ModbusDéconnecte	1000025931	Modbus	0	1
ModbusEcritBit	1000025932	Modbus	0	1
ModbusEcritFlottant	1000025933	Modbus	0	1
ModbusEcritRegistre	1000025934	Modbus	0	1
ModbusEnvoieTrameBrute	1410089145	Modbus	0	1
ModbusLitBit	1000025935	Modbus	0	1
ModbusLitFlottant	1000025936	Modbus	0	1
ModbusLitRegistre	1000025937	Modbus	0	1
ModeExécution	3013048	diverses WINDEV	1	1
MoisEnCours	1000019415	gestion des dates et des heures	1	1
MongoAjoute	1000022432	MongoDB	1	1
MongoCherche	1000022433	MongoDB	1	1
MongoCrée	1000022408	MongoDB	1	1
MongoCréeCollection	1000022434	MongoDB	1	1
MongoExécuteCommande	1000022435	MongoDB	1	1
MongoExécuteLotOpérations	1410089189	MongoDB	0	1
MongoGridFSEnvoieFichier	1000022436	MongoDB	1	1
MongoGridFSListeFichier	1000022438	MongoDB	1	1
MongoGridFSRécupèreFichier	1000022439	MongoDB	1	1
MongoGridFSRécupèreFichierParID	1000022595	MongoDB	1	1
MongoGridFSRécupèreInfoFichier	1000023495	MongoDB	1	1
MongoGridFSSupprimeFichier	1000022440	MongoDB	1	1
MongoGridFSSupprimeFichierParID	1000022596	MongoDB	1	1
MongoInfo	1000022441	MongoDB	1	1
MongoModifieTout	1000022603	MongoDB	1	1
MongoModifieUn	1000022443	MongoDB	1	1
MongoPipelineAgrégation	1000025267	MongoDB	0	1
MongoSupprimeBase	1000022444	MongoDB	1	1
MongoSupprimeCollection	1000022558	MongoDB	1	1
MongoSupprimeTout	1000022445	MongoDB	1	1
MongoSupprimeUn	1000022446	MongoDB	1	1
MotOccurrence	1000019897	gestion des chaînes	1	1
MotVersTableau	1000019898	gestion des chaînes	1	1
Moyenne	1000019891	Tableau	1	1
MQTTAbonne	1000023073	MQTT	1	1
MQTTConnecte	1000023021	MQTT	1	1
MQTTDéconnecte	1000023022	MQTT	1	1
MQTTDésabonne	1000023074	MQTT	1	1
MQTTDésabonneTout	1000023080	MQTT	1	1
MQTTPublie	1000023060	MQTT	1	1
MultimédiaArrêt	1000017203	Multimédia	1	1
MultimédiaContrôleVisible	1000019973	Multimédia	1	1
MultimédiaDébut	1000017204	Multimédia	1	1
MultimédiaDurée	1000017211	Multimédia	1	1
MultimédiaEtat	1000017214	Multimédia	1	1
MultimédiaFerme	1000017205	Multimédia	1	1
MultimédiaFin	1000017209	Multimédia	1	1
MultimédiaHauteur	1000017212	Multimédia	1	1
MultimédiaJoue	1000017202	Multimédia	1	1
MultimédiaLargeur	1000017213	Multimédia	1	1
MultimédiaOuvre	1000017206	Multimédia	1	1
MultimédiaPause	1000017207	Multimédia	1	1
MultimédiaPosition	1000017210	Multimédia	1	1
MultimédiaVolume	1000017208	Multimédia	1	1
Multitâche	3015004	Evénements Windows	1	1
MultitâcheRepeint	3038004	gestion des fenêtres	1	1
MutexCrée	1000019022	gestion des threads	1	1
MutexDébut	1000019023	gestion des threads	1	1
MutexDétruit	1000019025	gestion des threads	1	1
MutexFin	1000019024	gestion des threads	1	1
Nation	3054014	Multilingue	1	1
NationDroiteAGauche	1000020820	Multilingue	1	1
NationFramework	1000024376	Multilingue	1	1
NationVersLangue	3054021	Multilingue	1	1
NationVersNom	1000022324	Multilingue	1	1
NationVersSousLangue	1000022209	Multilingue	1	1
NavigateurAdresseIP	3055003	gestion du navigateur	1	1
NavigateurEstConnecté	1000019392	gestion du navigateur	1	1
NavigateurFerme	3055007	gestion du navigateur	1	1
NavigateurHauteur	1000022548	gestion du navigateur	1	1
NavigateurHistoriqueAjoute	1000023458	gestion du navigateur	1	1
NavigateurHistoriqueModifie	1000023459	gestion du navigateur	1	1
NavigateurImprime	1000024545	gestion du navigateur	1	1
NavigateurLanceAppli	1000019424	gestion du navigateur	1	1
NavigateurLargeur	1000022547	gestion du navigateur	1	1
NavigateurMobile	1000021856	gestion du navigateur	1	1
NavigateurNom	3055005	gestion du navigateur	1	1
NavigateurOS	1000021857	gestion du navigateur	1	1
NavigateurOuvre	3055006	gestion du navigateur	1	1
NavigateurPartage	1410089642	gestion du navigateur	0	1
NavigateurPlateforme	1000019486	gestion du navigateur	1	1
NavigateurTranche	1000022546	gestion du navigateur	1	1
NavigateurType	1000019487	gestion du navigateur	1	1
NavigateurVersion	1000019488	gestion du navigateur	1	1
NetAdresseIP	3056023	Net	1	1
NetAdresseMAC	1000016006	Net	1	1
NetConnecte	3056004	Net	1	1
NetDéconnecte	3056011	Net	1	1
NetDémarreServeur	3056013	Net	1	1
NetEnvoieBuffer	3056001	Net	1	1
NetEnvoieFichier	3056005	Net	1	1
NetEnvoieMessage	3056003	Net	1	1
NetEnvoieMessageClient	3056007	Net	1	1
NetExécute	3056002	Net	1	1
NetFermeAccèsDistant	3056021	Net	1	1
NetFinServeur	3056024	Net	1	1
NetInfoAccèsDistant	3056028	Net	1	1
NetIPVersMAC	1000016005	Net	1	1
NetListeAccèsDistant	3056027	Net	1	1
NetListeAdresseIP	1000019683	Net	1	1
NetListeDisque	3056015	Net	1	1
NetListeRep	3056016	Net	1	1
NetMACVersIP	1000016004	Net	1	1
NetMessageBoxClient	3056017	Net	1	1
NetMessageBoxDistant	3056020	Net	1	1
NetMsgErreur	3056019	Net	1	1
NetNomMachine	3056014	Net	1	1
NetOptionServeur	3056022	Net	1	1
NetOuvreAccèsDistant	3056026	Net	1	1
NetRécupèreFichier	3056025	Net	1	1
NetRenommeFichier	3056006	Net	1	1
NetSupprimeFichier	3056018	Net	1	1
NFCEcritTag	1000020417	NFC	1	1
NFCEnvoieTag	1000020418	NFC	1	1
NFCEtat	1000020415	NFC	1	1
NFCLitTag	1000020416	NFC	1	1
NombreEnLettres	1000020632	gestion des chaînes	1	1
NombreFenêtre	3064005	gestion des fenêtres	1	1
NONBinaire	3050011	gestion des valeurs Binaires	1	1
NoteChargeTout	1000022397	Notes repositionnables	1	1
NoteCrée	1000022395	Notes repositionnables	1	1
NotesActiveVue	1000005118	Notes	1	1
NotesAjouteFichierAttaché	1000005119	Notes	1	1
NoteSauveTout	1000022396	Notes repositionnables	1	1
NotesChamp	1000005114	Notes	1	1
NotesDésactiveVue	1000005120	Notes	1	1
NotesDimensionChamp	1000005103	Notes	1	1
NotesDocumentCherche	1000005104	Notes	1	1
NotesDocumentDernier	1000005105	Notes	1	1
NotesDocumentIdentifiant	1000017084	Notes	1	1
NotesDocumentPrécédent	1000005106	Notes	1	1
NotesDocumentPremier	1000005107	Notes	1	1
NotesDocumentSuivant	1000005108	Notes	1	1
NotesDocumentSupprime	1000017085	Notes	1	1
NotesEnDehors	1000005109	Notes	1	1
NotesEnregistre	1000005110	Notes	1	1
NotesExtraitFichierAttaché	1000005121	Notes	1	1
NotesFermeBase	1000005111	Notes	1	1
NotesListeChamp	1000005112	Notes	1	1
NotesListeFichierAttaché	1000005122	Notes	1	1
NotesListeVue	1000005123	Notes	1	1
NotesModifieChamp	1000005113	Notes	1	1
NotesModifieFichierAttaché	1000005124	Notes	1	1
NotesNbFichierAttaché	1000005125	Notes	1	1
NotesOuvreBase	1000005101	Notes	1	1
NotesOuvreConnexion	1000005102	Notes	1	1
NotesRAZ	1000005115	Notes	1	1
NotesSupprimeChamp	1000005116	Notes	1	1
NotesSupprimeFichierAttaché	1000005126	Notes	1	1
NoteSupprime	1000022893	Notes repositionnables	1	1
NotesVueChercheDernier	1000005127	Notes	1	1
NotesVueCherchePremier	1000005128	Notes	1	1
NotesVueListeColonne	1000005129	Notes	1	1
NotifAjoute	1000019442	gestion du téléphone	1	1
NotificationAffiche	1000021021	gestion du navigateur	1	1
NotifListeCatégorie	1000023979	gestion du téléphone	1	1
NotifModifie	1000019443	gestion du téléphone	1	1
NotifPushAbonne	1410089870	gestion du téléphone	0	1
NotifPushActive	1000020816	gestion du téléphone	1	1
NotifPushDésabonne	1410089871	gestion du téléphone	0	1
NotifPushDésactive	1000020817	gestion du téléphone	1	1
NotifPushEnvoie	1000020819	gestion du téléphone	1	1
NotifPushEnvoieAbonné	1410089872	gestion du téléphone	0	1
NotifPushListeIdentifiantsInvalides	1000020854	gestion du téléphone	1	1
NotifPushProcédure	1000020818	gestion du téléphone	1	1
NotifSupprime	1000019444	gestion du téléphone	1	1
NotifSupprimeCatégorie	1000023980	gestion du téléphone	1	1
NumériqueVersChaîne	3024024	gestion des chaînes	1	1
NumériqueVersEcritureFinancièreChinoise	1000021282	gestion des chaînes	1	1
NuméroDeJourVersLettre	1000019906	gestion des dates et des heures	1	1
NuméroDeMoisVersLettre	1000019907	gestion des dates et des heures	1	1
NuméroDeSemaine	3027027	gestion des dates et des heures	1	1
NumHelp	3013027	diverses WINDEV	1	1
OBEXConnecte	1000017153	OBEX	1	1
OBEXDéconnecte	1000017154	OBEX	1	1
OBEXEnvoieFichier	1000017151	OBEX	1	1
OBEXEnvoieVCard	1000017155	OBEX	1	1
OBEXListeFichier	1000017148	OBEX	1	1
OBEXRécupèreFichier	1000017152	OBEX	1	1
OBEXRécupèreVCard	1000017156	OBEX	1	1
ObjetActif	3057006	OLE	1	1
Occurrence	3025009	gestion des champs	1	1
OCRAjouteLangue	1000025728	OCR	0	1
OCRChargeLangue	1000025790	OCR	0	1
OCRDétecteZoneTexte	1000025704	OCR	0	1
OCRExtraitBlocTexte	1000025703	OCR	0	1
OCRExtraitTexte	1000025699	OCR	0	1
OCRParamètre	1000025701	OCR	0	1
OCRRépertoireModèle	1000025700	OCR	0	1
OCRSupprimeToutesLangues	1000025729	OCR	0	1
oDriveConnecte	1410089376	Drive	0	1
OemVersAnsi	3024021	gestion des chaînes	1	1
OKAnnuler	3021004	Boîtes de dialogue	1	1
OKAnnulerAsynchrone	1000025308	Boîtes de dialogue	0	1
OLECharge	3057002	OLE	1	1
OLEColle	3057003	OLE	1	1
OLECopie	3057004	OLE	1	1
OLECréeCopie	3057005	OLE	1	1
OLECréeVide	3057001	OLE	1	1
OLEEdite	3057008	OLE	1	1
OLEJoue	3057009	OLE	1	1
OLESauve	3057011	OLE	1	1
OLEServeur	3057010	OLE	1	1
OngletChargeConfiguration	1000021370	Onglet	1	1
OngletDuChamp	3025028	Onglet	1	1
OngletEtat	1000021637	Onglet	1	1
OngletFerme	1000021362	Onglet	1	1
OngletFermeTout	1000021372	Onglet	1	1
OngletOuvre	1000021369	Onglet	1	1
OngletSauveConfiguration	1000021371	Onglet	1	1
OpenAPIVersHTTP	1410088947	HTTP	0	1
OpenIDLitIdentité	1000023573	gestion des protocoles OAuth et OpenID	1	1
OpenSSLVérifie	1000020432	diverses Windows	1	1
OrgaAffiche	1000019764	Organigramme	1	1
OrgaAjoute	1000019729	Organigramme	1	1
OrgaAjouteFils	1000019763	Organigramme	1	1
OrgaInfoXY	1000019759	Organigramme	1	1
OrgaModifie	1000019921	Organigramme	1	1
OrgaOccurrence	1000019971	Organigramme	1	1
OrgaSauveImage	1000019972	Organigramme	1	1
OrgaSelect	1000019762	Organigramme	1	1
OrgaSelectMoins	1000019761	Organigramme	1	1
OrgaSelectPlus	1000019760	Organigramme	1	1
OrgaSupprime	1000019758	Organigramme	1	1
OrgaSupprimeTout	1000019749	Organigramme	1	1
OrthoAjouteDictionnaire	1000018921	Correcteur orthographique	1	1
OrthoDisponible	1000019019	Correcteur orthographique	1	1
OrthoSuggère	1000018920	Correcteur orthographique	1	1
OrthoVérifie	1000018923	Correcteur orthographique	1	1
OUBinaire	3050038	gestion des valeurs Binaires	1	1
OUExclusifBinaire	3050023	gestion des valeurs Binaires	1	1
OuiNon	3021005	Boîtes de dialogue	1	1
OuiNonAsynchrone	1000025272	Boîtes de dialogue	0	1
OutlookListeProfil	1000019346	gestion des emails	1	1
OutlookOuvreSession	3032123	gestion des emails	1	1
OutlookProfilDéfaut	1000019347	gestion des emails	1	1
Ouvre	3038035	gestion des fenêtres	1	1
OuvreAsynchrone	1410087804	gestion des fenêtres	0	1
OuvreDocument	1000023709	diverses WINDEV	1	1
OuvreDocumentAsynchrone	1410088182	diverses WINDEV	0	1
OuvreFenêtreMobile	1000021018	gestion des fenêtres	1	1
OuvreFille	3038021	gestion des fenêtres	1	1
OuvreMenuContextuel	3025029	Menu	1	1
OuvreMenuPrincipal	1000020347	gestion des fenêtres	1	1
OuvrePopup	3038046	gestion des fenêtres	1	1
OuvrePopupAsynchrone	1410087806	gestion des fenêtres	0	1
OuvrePopupPosition	3038047	gestion des fenêtres	1	1
OuvreSoeur	3038045	gestion des fenêtres	1	1
paDésactiveAction	1000019620	Fabrique logicielle	1	1
paExécute	1000019457	Fabrique logicielle	1	1
PageActiveGFI	1000017087	gestion des pages	1	1
PageActualise	3058011	gestion des pages	1	1
PageAdresse	3058010	gestion des pages	1	1
PageAffiche	3058008	gestion des pages	1	1
PageAfficheDialogue	1000017124	gestion des pages	1	1
PageAgencementEnCours	1000024599	gestion des pages	0	1
PageChangeAgencement	1000024598	gestion des pages	0	1
PageCourante	3058009	gestion des pages	1	1
PageDepuisSource	1000021400	liaison	0	1
PageEcritCodeHTTP	1410090194	gestion des pages	0	1
PageEcritCodeHTTPPersonnalisé	1410090195	gestion des pages	0	1
PageEcritEntêteHTTP	1000021636	gestion des pages	1	1
PageExiste	3058013	gestion des pages	1	1
PageFermeDialogue	1000017166	gestion des pages	1	1
PageInitialisation	3058025	gestion des pages	1	1
PageLitEntêteHTTP	1000021635	gestion des pages	1	1
PageParamètre	3058026	gestion des pages	1	1
PagePosition	3058021	gestion des pages	1	1
PagePrécédente	3058017	gestion des pages	1	1
PageSemiDynamiqueAffiche	3058018	gestion des pages	1	1
PageTauxGFI	1000017086	gestion des pages	1	1
PageUtilise	3058016	gestion des pages	1	1
PageValide	3058020	gestion des pages	1	1
PageVersASP	3058019	gestion des pages	1	1
PageVersEmail	3058027	gestion des pages	1	1
PageVersFichier	3044022	liaison	1	1
PageVersJSP	3058022	gestion des pages	1	1
PageVersPHP	3058015	gestion des pages	1	1
PageVersSource	1000017406	liaison	1	1
PageVisible	1000021014	gestion des pages	1	1
PaletteChange	1410090897	Palette	0	1
PaletteCharge	1410090780	Palette	0	1
PaletteGénère	1410090825	Palette	0	1
PaletteRécupère	1410090898	Palette	0	1
PaletteSauve	1410090779	Palette	0	1
PalmAjoute	3059016	Palm Pilot	1	0
PalmCharge	3059008	Palm Pilot	1	0
PalmDésinstalle	3059014	Palm Pilot	1	0
PalmEnDehors	3059012	Palm Pilot	1	0
PalmFerme	3059011	Palm Pilot	1	0
PalmFiltre	3059010	Palm Pilot	1	0
PalmInstalle	3059007	Palm Pilot	1	0
PalmListeCatégorie	3059019	Palm Pilot	1	0
PalmListeUtilisateurs	3059004	Palm Pilot	1	0
PalmLit	3059030	Palm Pilot	1	0
PalmLitDernier	3059015	Palm Pilot	1	0
PalmLitPrécédent	3059022	Palm Pilot	1	0
PalmLitPremier	3059020	Palm Pilot	1	0
PalmLitSuivant	3059023	Palm Pilot	1	0
PalmModifie	3059018	Palm Pilot	1	0
PalmNbEnr	3059017	Palm Pilot	1	0
PalmPositionne	3059021	Palm Pilot	1	0
PalmRafraîchit	3059025	Palm Pilot	1	0
PalmRAZ	3059026	Palm Pilot	1	0
PalmReset	3059024	Palm Pilot	1	0
PalmSupprime	3059027	Palm Pilot	1	0
PalmVersChaîne	3059028	Palm Pilot	1	0
paLog	1000019632	Fabrique logicielle	1	1
PanneauActive	1000024396	Panneau dockable	1	1
PanneauAttache	1000023990	Panneau dockable	1	1
PanneauChargeConfiguration	1000023995	Panneau dockable	1	1
PanneauCrée	1000023989	Panneau dockable	1	1
PanneauDétache	1000023991	Panneau dockable	1	1
PanneauEnumère	1000023993	Panneau dockable	1	1
PanneauPosition	1000023992	Panneau dockable	1	1
PanneauSauveConfiguration	1000023994	Panneau dockable	1	1
paNomCompletProjet	1000019640	Fabrique logicielle	1	1
Pâques	3027035	gestion des dates et des heures	1	1
Paramètres d'une procédure	1513001		1	1
ParamètreFAA	3014032	FAA (Fonctionnalités Automatiques de l'Application)	1	1
ParamètreOrthographe	3025052	gestion des champs	1	1
ParentObjet	3025031	gestion des champs	1	1
PartageProximitéAccepteConnexion	1410090646	partage de proximité	0	1
PartageProximitéArrêteAttente	1410090647	partage de proximité	0	1
PartageProximitéArrêteRecherche	1410090649	partage de proximité	0	1
PartageProximitéArrêteTout	1410090668	partage de proximité	0	1
PartageProximitéAttendConnexion	1410090655	partage de proximité	0	1
PartageProximitéDéconnecte	1410090652	partage de proximité	0	1
PartageProximitéDemandeConnexion	1410090650	partage de proximité	0	1
PartageProximitéEnvoie	1410090653	partage de proximité	0	1
PartageProximitéEnvoieFichier	1410090654	partage de proximité	0	1
PartageProximitéRechercheAppareil	1410090648	partage de proximité	0	1
PartageProximitéRefuseConnexion	1410090651	partage de proximité	0	1
PartieDécimale	3050002	Mathématiques	1	1
PartieEntière	3050008	Mathématiques	1	1
PaysListe	1000024930	Pays et Continents	1	1
PaysRécupère	1000024931	Pays et Continents	1	1
PDFAjouteFiligrane	1410087843	PDF	0	1
PDFAjouteImage	1410087847	PDF	0	1
PDFChampInfoXY	1410091157		0	1
PDFEstProtégé	1000017491	PDF	1	1
PDFExtrait	1410090600		0	1
PDFExtraitPage	1000021279	PDF	1	1
PDFFerme	1000025127	PDF	0	1
PDFFusionne	1000019712	PDF	1	1
PDFFusionneAvecMotDePasse	1000020126	PDF	1	1
PDFMotDePasse	1000024229	PDF	1	1
PDFNbSignature	1410088119	PDF	0	1
PDFNombreDePages	1000017480	PDF	1	1
PDFOuvre	1000025032	PDF	0	1
PDFRécupèreDateSignature	1410088121	PDF	0	1
PDFRécupèreSignature	1410088120	PDF	0	1
PDFSauve	1000024864	PDF	1	1
PDFSigne	1000022241	PDF	1	1
PDFVérifieSignatures	1410090988	PDF	0	1
PDFVersTexte	1000017479	PDF	1	1
PermissionDemande	1410087423	Permission	0	1
PermissionListe	1410087429	Permission	0	1
Phonétique	3024026	gestion des chaînes	1	1
PhotoLanceAppli	1000021601	Album	1	1
PHPAffiche	3012021	diverses WEBDEV	1	1
PHPExécute	3012013	diverses WEBDEV	1	1
PhraseVersBuffer	1000025971	gestion des chaînes	0	1
PicCaptureLasso	1410088683	Editeur d'images et variables WDPic	0	1
PicCaptureLassoOCR	1410088839	Editeur d'images et variables WDPic	0	1
PicCrée	1000023380	Editeur d'images et variables WDPic	1	1
PicFerme	1000023382	Editeur d'images et variables WDPic	1	1
PicFusionneCalque	1000024865	Editeur d'images et variables WDPic	1	1
PicOuvre	1000023379	Editeur d'images et variables WDPic	1	1
PicRedimensionne	1000024635	Editeur d'images et variables WDPic	1	1
PicRotation	1000024633	Editeur d'images et variables WDPic	1	1
PicSauve	1000023381	Editeur d'images et variables WDPic	1	1
PileInfo	1000019546	gestion des files, piles, listes	1	1
PiloteActionBar	1000021199	Pilote	1	1
PiloteAvertissement	1000009001	Pilote	1	1
PiloteCombo	1000025309	Pilote	0	1
PiloteConfirmer	1000009003	Pilote	1	1
PiloteDialogue	1000009004	Pilote	1	1
PiloteDnD	1410088663	Pilote	0	1
PiloteErreur	1000009005	Pilote	1	1
PiloteFenêtre	1000009009	Pilote	1	1
PiloteInfo	1000009006	Pilote	1	1
PiloteInterrupteur	1000021200	Pilote	1	1
PiloteMenu	1000009010	Menu	1	1
PiloteOKAnnuler	1000009007	Pilote	1	1
PiloteOuiNon	1000009008	Pilote	1	1
PiloteSaisie	1000009012	Pilote	1	1
PiloteSélecteur	1000021201	Pilote	1	1
PiloteSimulateur	1000021151	Pilote	1	1
PiloteSouris	1000009011	Pilote	1	1
PiloteVitesse	1000022075	Pilote	1	1
PiloteVolet	1000021198	Pilote	1	1
PiloteVoletAttache	1000021582	Pilote	1	1
PiloteVoletDétache	1000021581	Pilote	1	1
Ping	3014013	diverses Windows	1	1
PlanActionExécute	1000021332	Fabrique logicielle	1	1
PlanActionInfo	1000021829	Fabrique logicielle	1	1
PlanActionParamètre	1000021598	Fabrique logicielle	1	1
PlanificateurAjouteHoraire	3089001	Planificateur Windows	1	1
PlanificateurAjouteTâche	3089003	Planificateur Windows	1	1
PlanificateurEtatTâche	3089005	Planificateur Windows	1	1
PlanificateurListeTâche	3089006	Planificateur Windows	1	1
PlanificateurModifieHoraire	3089007	Planificateur Windows	1	1
PlanificateurModifieTâche	3089008	Planificateur Windows	1	1
PlanificateurOuvrePropriétésTâche	3089009	Planificateur Windows	1	1
PlanificateurPropriétésHoraire	3089010	Planificateur Windows	1	1
PlanificateurPropriétésTâche	3089011	Planificateur Windows	1	1
PlanificateurRAZ	3089012	Planificateur Windows	1	1
PlanificateurSupprimeHoraire	3089013	Planificateur Windows	1	1
PlanificateurSupprimeTâche	3089014	Planificateur Windows	1	1
PlanningAffiche	1000019426	Planning	1	1
PlanningAffichePériodePrécédente	1000019495	Planning	1	1
PlanningAffichePériodeSuivante	1000019496	Planning	1	1
PlanningAjouteRendezVous	1000019273	Planning	1	1
PlanningAjouteRessource	1000019279	Planning	1	1
PlanningChangeMode	1000019440	Planning	1	1
PlanningCouleurFond	1000019997	Planning	1	1
PlanningDateVisible	1000022876	Planning	1	1
PlanningHeureAffichée	1000019373	Planning	1	1
PlanningHeureOuvrable	1000022404	Planning	1	1
PlanningHeureOuvrableRessource	1000022403	Planning	1	1
PlanningInfoXY	1000019553	Planning	1	1
PlanningListeRendezVous	1000019276	Planning	1	1
PlanningMode	1000019992	Planning	1	1
PlanningPlageSélectionnée	1000022550	Planning	1	1
PlanningPosition	1000019372	Planning	1	1
PlanningPositionRessource	1000019969	Planning	1	1
PlanningSelectMoins	1000019286	Planning	1	1
PlanningSelectPlus	1000019285	Planning	1	1
PlanningSupprimeRendezVous	1000019274	Planning	1	1
PlanningSupprimeRessource	1000019282	Planning	1	1
PlanningSupprimeTout	1000019275	Planning	1	1
PlanningVersiCalendar	1000021920	Planning	1	1
PleinEcran	1000022151	gestion des fenêtres	1	1
PleinEcranActive	1000021012	gestion du navigateur	1	1
PleinEcranDésactive	1000021013	gestion du navigateur	1	1
PoidsFaible	3014018	diverses Windows	1	1
PoidsFort	3014017	diverses Windows	1	1
PointDAttacheAjoute	1000021902	gestion des champs	1	1
PointDAttacheSupprimeTout	1000021903	gestion des champs	1	1
PoliceCharge	1410090994	gestion des polices	0	1
PoliceCrée	3060002	gestion des polices	1	1
PoliceDécharge	1410090995	gestion des polices	0	1
PoliceListe	3060003	gestion des polices	1	1
PoliceSelect	3060004	gestion des polices	1	1
Polyligne2DAjoutePoint	1410090159	gestion des données spatiales	0	1
PolyligneGéoAjoutePoint	1410090160	gestion des données spatiales	0	1
PopupAffiche	1000019788	gestion des pages	1	1
PopupAffichePage	1410087258	gestion des pages	0	1
PopupAnime	1000020313	gestion des pages	1	1
PopupFerme	1000019789	gestion des pages	1	1
PopupFermePage	1410087259	gestion des pages	0	1
Position	3024027	gestion des chaînes	1	1
PositionOccurrence	3024029	gestion des chaînes	1	1
PositionVersLigne	1000019899	gestion des chaînes	1	1
PostMessage	3015001	Evénements Windows	1	1
PremièreLettreEnMajuscule	1410088702	gestion des chaînes	0	1
PremierJourDeLAnnée	1000021887	gestion des dates et des heures	1	1
PremierJourDeLaSemaine	1000019882	gestion des dates et des heures	1	1
PremierJourDuMois	1000019417	gestion des dates et des heures	1	1
PressePapier	3063004	Presse-papiers	1	1
PressePapierFormat	3063002	Presse-papiers	1	1
PressePapierHauteur	3063006	Presse-papiers	1	1
PressePapierLargeur	3063007	Presse-papiers	1	1
PressePapierRTF	1000017200	Presse-papiers	1	1
PressePapierUnicode	1000018858	Presse-papiers	1	1
ProjetInfo	3064004	Projets	1	1
PropriétéExiste	1000020472		1	1
Proxy	3043002	HTTP	1	1
Puissance	3050007	Mathématiques	1	1
PythonAjouteChemin	1410088169	Python	0	1
PythonExécute	1410088102	Python	0	1
PythonInitialise	1410088100	Python	0	1
PythonTermine	1410088101	Python	0	1
Racine	3050006	Mathématiques	1	1
RAZ	3025026	gestion des champs	1	1
RechercheSémantique	1410091374		0	1
ReconnaissanceVocaleAjouteCommande	1000020014	Reconnaissance Vocale	1	1
ReconnaissanceVocaleDéclenche	1000020013	Reconnaissance Vocale	1	1
ReconnaissanceVocaleSupprimeCommande	1000020017	Reconnaissance Vocale	1	1
RécupèreDéfinition	1000019333		1	1
RécupèreDéfinitionType	1000019559		1	1
RécupèreDéfinitionVariable	1410090635		0	1
RécupèreThème	1000025320	gestion du téléphone	0	1
RedisAbonne	1000023552	gestion d'une base Big Data Redis	1	1
RedisAffecte	1410088170	gestion d'une base Big Data Redis	0	1
RedisConnecte	1000023530	gestion d'une base Big Data Redis	1	1
RedisDéconnecte	1410089738	gestion d'une base Big Data Redis	0	1
RedisDésabonne	1000023553	gestion d'une base Big Data Redis	1	1
RedisExécuteCommande	1000023541	gestion d'une base Big Data Redis	1	1
RedisPipelineAjoute	1000023542	gestion d'une base Big Data Redis	1	1
RedisPipelineRAZ	1000023549	gestion d'une base Big Data Redis	1	1
RedisPipelineRécupère	1000023543	gestion d'une base Big Data Redis	1	1
RedisPublie	1000023551	gestion d'une base Big Data Redis	1	1
RedisRécupère	1410088171	gestion d'une base Big Data Redis	0	1
RéelVersDateHeure	1000021364	gestion des dates et des heures	1	1
RegexCherche	1000026274	gestion des chaînes	0	1
RegexRemplace	1000026275	gestion des chaînes	0	1
RegexVérifie	1000026273	gestion des chaînes	0	1
RegistreCherche	3065005	Base de registre	1	1
RegistreCléSuivante	3065009	Base de registre	1	1
RegistreCopieClé	1000019418	Base de registre	1	1
RegistreCréeClé	3065002	Base de registre	1	1
RegistreEcrit	3065006	Base de registre	1	1
RegistreExiste	3065007	Base de registre	1	1
RegistreListeClé	1000019881	Base de registre	1	1
RegistreListeValeur	3065013	Base de registre	1	1
RegistreLit	3065012	Base de registre	1	1
RegistrePremièreSousClé	3065008	Base de registre	1	1
RegistreRenomme	1000019419	Base de registre	1	1
RegistreSupprimeClé	3065010	Base de registre	1	1
RegistreSupprimeValeur	3065011	Base de registre	1	1
RegistreTypeValeur	1000017280	Base de registre	1	1
RelanceProgramme	1000019900	Exécutables	1	1
Remplace	3024022	gestion des chaînes	1	1
RendezVousAffiche	1000020692	RendezVous (Lotus Notes/Android/iOS)	1	1
RendezVousAjoute	1000011001	RendezVous (Lotus Notes/Android/iOS)	1	1
RendezVousCrée	1000020691	RendezVous (Lotus Notes/Android/iOS)	1	1
RendezVousDernier	1000011002	RendezVous (Lotus Notes/Android/iOS)	1	1
RendezVousListe	1000020690	RendezVous (Lotus Notes/Android/iOS)	1	1
RendezVousListeCalendrier	1000020661	RendezVous (Lotus Notes/Android/iOS)	1	1
RendezVousLit	1000011011	RendezVous (Lotus Notes/Android/iOS)	1	1
RendezVousModifie	1000011003	RendezVous (Lotus Notes/Android/iOS)	1	1
RendezVousPrécédent	1000011004	RendezVous (Lotus Notes/Android/iOS)	1	1
RendezVousPremier	1000011005	RendezVous (Lotus Notes/Android/iOS)	1	1
RendezVousRAZ	1000011006	RendezVous (Lotus Notes/Android/iOS)	1	1
RendezVousSuivant	1000011007	RendezVous (Lotus Notes/Android/iOS)	1	1
RendezVousSupprime	1000011008	RendezVous (Lotus Notes/Android/iOS)	1	1
RendezVousVersiCalendar	1000021828	RendezVous (Lotus Notes/Android/iOS)	1	1
RépertoireDonnées	3036007	diverses WEBDEV	1	1
RépertoireWeb_15	3012018	diverses WEBDEV	0	1
RépertoireWeb	3012015	diverses WEBDEV	1	1
Répète	3024036	gestion des chaînes	1	1
RéplicInfo	1000017197	WLangage	1	1
RéplicInitialise	1000017195	WLangage	1	1
RéplicOuvre	1000017194	WLangage	1	1
RéplicSupprimeAbonnement	1000022268	WLangage	1	1
RéplicSynchronise	1000017196	WLangage	1	1
RepriseSaisie	3025027	gestion des champs	1	1
RéseauConnecte	3066002	Réseaux	1	1
RéseauDéconnecte	3066003	Réseaux	1	1
RéseauMobileEtat	1000020175	gestion du téléphone	1	1
RéseauMobileInfoConnexion	1000020176	gestion du téléphone	1	1
RéseauNomDomaine	1000018859	Réseaux	1	1
RéseauNomRep	3066005	Réseaux	1	1
RéseauUtilisateur	3066004	Réseaux	1	1
Restaure	3038042	gestion des fenêtres	1	1
RESTEnvoie	1000021476	HTTP	1	1
rssAffiche	1000017397	Flux RSS	1	1
rssConstruitChaîne	1000017395	Flux RSS	1	1
rssInitialise	1000017388	Flux RSS	1	1
rssSauve	1000017396	Flux RSS	1	1
RTFAjoute	3025024	RTF	1	1
RTFAjouteLien	1000021062	RTF	1	1
RTFCharge	3025041	RTF	1	1
RTFInsère	3025025	RTF	1	1
RTFRecherche	3025043	RTF	1	1
RTFRemplace	3025038	RTF	1	1
RTFSélection	3025023	RTF	1	1
RTFVersHTML	3025049	RTF	1	1
RTFVersTexte	3025032	RTF	1	1
RubanAdapteTaille	1000020761	Ruban	1	1
RubanFermeRegroupement	1000020136	Ruban	1	1
RubanFinModeDéplié	1000020378	Ruban	1	1
RubanSurligneVolet	1000020530	Ruban	1	1
RuptureAjoute	1000022737	gestion des ruptures	1	1
RuptureSupprime	1000022738	gestion des ruptures	1	1
RuptureSupprimeTout	1000022739	gestion des ruptures	1	1
RVB	3029012	dessin	1	1
RVBBleu	3029049	dessin	1	1
RVBRouge	3029050	dessin	1	1
RVBVersHTML	1000019420	dessin	1	1
RVBVert	3029051	dessin	1	1
SaaSAdminActiveLicence	1000019139	SaaS	1	1
SaaSAdminActiveService	1000019132	SaaS	1	1
SaaSAdminAjouteAbonnement	1000019134	SaaS	1	1
SaaSAdminAjouteClient	1000019113	SaaS	1	1
SaaSAdminAjouteService	1000019107	SaaS	1	1
SaaSAdminAjouteSite	1000019102	SaaS	1	1
SaaSAdminAjouteTarification	1000019127	SaaS	1	1
SaaSAdminAjouteUtilisateur	1000019120	SaaS	1	1
SaaSAdminChercheAbonnement	1000019137	SaaS	1	1
SaaSAdminChercheClient	1000019114	SaaS	1	1
SaaSAdminChercheService	1000019110	SaaS	1	1
SaaSAdminChercheSite	1000019105	SaaS	1	1
SaaSAdminChercheTarification	1000019130	SaaS	1	1
SaaSAdminChercheUtilisateur	1000019124	SaaS	1	1
SaaSAdminConfigureDevise	1000019186	SaaS	1	1
SaaSAdminConfigureSMTP	1000022592	SaaS	1	1
SaaSAdminConnecte	1000019098	SaaS	1	1
SaaSAdminConnexionClient	1000019144	SaaS	1	1
SaaSAdminConnexionSite	1000019145	SaaS	1	1
SaaSAdminCréeBaseClient	1000019141	SaaS	1	1
SaaSAdminDéconnecte	1000019099	SaaS	1	1
SaaSAdminDésactiveLicence	1000019140	SaaS	1	1
SaaSAdminDésactiveService	1000019133	SaaS	1	1
SaaSAdminEcritParamètreSite	1000019769	SaaS	1	1
SaaSAdminEstConnecté	1000019101	SaaS	1	1
SaaSAdminListeAbonnement	1000019138	SaaS	1	1
SaaSAdminListeAbonnementClient	1000019183	SaaS	1	1
SaaSAdminListeClient	1000019116	SaaS	1	1
SaaSAdminListeLicence	1410090977	SaaS	0	1
SaaSAdminListeService	1000019111	SaaS	1	1
SaaSAdminListeSite	1000019106	SaaS	1	1
SaaSAdminListeTarification	1000019131	SaaS	1	1
SaaSAdminListeUtilisateur	1000019125	SaaS	1	1
SaaSAdminListeVisite	1000024559	SaaS	0	1
SaaSAdminLitParamètreSite	1000019768	SaaS	1	1
SaaSAdminModifieAbonnement	1000019135	SaaS	1	1
SaaSAdminModifieClient	1000019115	SaaS	1	1
SaaSAdminModifieConnexionClient	1000019143	SaaS	1	1
SaaSAdminModifieConnexionSite	1000019142	SaaS	1	1
SaaSAdminModifieService	1000019108	SaaS	1	1
SaaSAdminModifieSite	1000019103	SaaS	1	1
SaaSAdminModifieTarification	1000019128	SaaS	1	1
SaaSAdminModifieUtilisateur	1000019122	SaaS	1	1
SaaSAdminSupprimeAbonnement	1000019136	SaaS	1	1
SaaSAdminSupprimeClient	1000019117	SaaS	1	1
SaaSAdminSupprimeService	1000019109	SaaS	1	1
SaaSAdminSupprimeSite	1000019104	SaaS	1	1
SaaSAdminSupprimeTarification	1000019129	SaaS	1	1
SaaSAdminSupprimeUtilisateur	1000019123	SaaS	1	1
SaaSChangeMotDePasse	1000019462	SaaS	1	1
SaaSConnecte	1000018959	SaaS	1	1
SaaSConnexionClient	1000019016	SaaS	1	1
SaaSDéconnecte	1000018960	SaaS	1	1
SaaSEcritParamètreSite	1000019039	SaaS	1	1
SaaSEnvoieCodeDeSécurité	1000022528	SaaS	1	1
SaaSEstConnecté	1000018962	SaaS	1	1
SaaSLitParamètreSite	1000019037	SaaS	1	1
SaaSUtilisateurConnecté	1000019461	SaaS	1	1
SaaSVérifieService	1000018961	SaaS	1	1
Sablier	3071011	Souris	1	1
SablierRéseau	1000020797	Souris	1	1
Saisie	3021016	Boîtes de dialogue	1	1
SaisieAjouteJeton	1000023953	gestion des jetons	1	1
SaisieAssistéeAjoute	1000020043	gestion de la saisie assistée	1	1
SaisieAssistéeFerme	1000020049	gestion de la saisie assistée	1	1
SaisieAssistéeOuvre	1000020048	gestion de la saisie assistée	1	1
SaisieAssistéeParamètre	1000021074	gestion de la saisie assistée	1	1
SaisieAssistéeSupprimeTout	1000020044	gestion de la saisie assistée	1	1
SaisieCurseur	1000022421	gestion des champs	1	1
SaisieInsèreJeton	1000023954	gestion des jetons	1	1
SaisieInvalideAfficheBulle	1000024896	gestion de la saisie invalide	0	1
SaisieInvalideAfficheErreur	1000026247	gestion de la saisie invalide	0	1
SaisieInvalideAfficheIcone	1000024917	gestion de la saisie invalide	0	1
SaisieInvalideDétecte	1000026180	gestion de la saisie invalide	0	1
SaisieInvalideListeChamp	1000026244	gestion de la saisie invalide	0	1
SaisieOccurrenceJeton	1000023955	gestion des jetons	1	1
SaisieSupprimeJeton	1000023956	gestion des jetons	1	1
SaisieSupprimeToutJeton	1000023957	gestion des jetons	1	1
SansAccent	3024033	gestion des chaînes	1	1
SansCaractère	1000019391	gestion des chaînes	1	1
SansCaractèreDroite	1000020479	gestion des chaînes	1	1
SansCaractèreGauche	1000020478	gestion des chaînes	1	1
SansEspace	3024034	gestion des chaînes	1	1
SAPConnecte	1000017120	SAP	1	1
SAPDéconnecte	1000017121	SAP	1	1
SAPExécute	1000017122	SAP	1	1
SauveParamètre	3025046	gestion des champs	1	1
sCalculeCrc16	3062007	Ports série et parallèle	1	1
sCalculeCrc32	3062015	Ports série et parallèle	1	1
ScanAvecInterfaceUtilisateur	1410087840	gestion des scanners	0	1
ScanCapacité	1410088661	gestion des scanners	0	1
ScanDepuisCaméraVersImage	1410090763	gestion du téléphone	0	1
ScanDepuisCaméraVersPDF	1410090790	gestion du téléphone	0	1
ScanDocumentDepuisCaméra	1410090545	gestion du téléphone	0	1
ScanListe	1410087807	gestion des scanners	0	1
ScanPropriété	1410087853	gestion des scanners	0	1
ScanRécupère	1410087836	gestion des scanners	0	1
ScanSélecteur	1410087835	gestion des scanners	0	1
ScanVersImage	1410087838	gestion des scanners	0	1
ScanVersPDF	1410087839	gestion des scanners	0	1
SCPEnvoieFichier	1410089102	SCP	0	1
SCPRécupèreFichier	1410089103	SCP	0	1
ScriptAffiche	3012017	diverses WEBDEV	1	1
ScriptExécute	3012016	diverses WEBDEV	1	1
sDansFileEntrée	3062004	Ports série et parallèle	1	1
sDansFileSortie	3062005	Ports série et parallèle	1	1
sEchap	3062006	Ports série et parallèle	1	1
sEcrit	3062009	Ports série et parallèle	1	1
SectionCritique	1000024373	gestion des threads	1	1
SectionCritiqueDébut	3077001	gestion des threads	1	1
SectionCritiqueFin	3077005	gestion des threads	1	1
SelectCouleur	3013045	diverses WINDEV	1	1
SélecteurAjoute	1000020598	Sélecteur	1	1
SélecteurInsère	1000020599	Sélecteur	1	1
SélecteurOccurrence	1000021184	Sélecteur	1	1
SélecteurSupprime	1000020600	Sélecteur	1	1
SemaineVersDate	1000020510	gestion des dates et des heures	1	1
SémaphoreCrée	3077012	gestion des threads	1	1
SémaphoreDébut	3077008	gestion des threads	1	1
SémaphoreDétruit	3077011	gestion des threads	1	1
SémaphoreFin	3077010	gestion des threads	1	1
SendMessage	3015003	Evénements Windows	1	1
Sérialise	3013065		1	1
ServeurAppliAjouteTâchePlanifiée	1000022347	gestion des tâches planifiées WEBDEV	1	1
ServeurAppliExécuteTâchePlanifiée	1000022350	gestion des tâches planifiées WEBDEV	1	1
ServeurAppliInfoTâchePlanifiée	1000022789	gestion des tâches planifiées WEBDEV	1	1
ServeurAppliListeTâchePlanifiée	1000022352	gestion des tâches planifiées WEBDEV	1	1
ServeurAppliModifieTâchePlanifiée	1000022348	gestion des tâches planifiées WEBDEV	1	1
ServeurAppliSupprimeTâchePlanifiée	1000022349	gestion des tâches planifiées WEBDEV	1	1
ServiceActualise	1000017107	Service	1	1
ServiceArrête	1000017111	Service	1	1
ServiceAttendEtat	1000017101	Service	1	1
ServiceContrôle	1000017108	Service	1	1
ServiceDémarre	1000017110	Service	1	1
ServiceDésinstalle	1000017098	Service	1	1
ServiceEcritEvénementJournal	1000018807	Service	1	1
ServiceEtat	1000017102	Service	1	1
ServiceExiste	1000018936	Service	1	1
ServiceInfo	1000017103	Service	1	1
ServiceInstalle	1000017099	Service	1	1
ServiceListe	1000017104	Service	1	1
ServiceModifie	1000017100	Service	1	1
ServicePause	1000017109	Service	1	1
ServiceRedémarre	1000017112	Service	1	1
ServiceRelance	1000017105	Service	1	1
ServiceTemporise	1000018712	Service	1	1
SessionHeartBeatActive	1000026248	diverses WEBDEV	0	1
SessionPageDemandée	1410089106	diverses WEBDEV	0	1
SessionPrologue	1000026262	diverses WEBDEV	0	1
sEvénement	3062014	Ports série et parallèle	1	1
SexagésimalVersDécimal	1000020512	Mathématiques	1	1
SFAjoute	1000018463	SalesForce	1	1
SFAvanceRequête	1000018483	SalesForce	1	1
SFConnecte	1000017583	SalesForce	1	1
SFConvertitPiste	1000018498	SalesForce	1	1
SFDéconnecte	1000017585	SalesForce	1	1
sFerme	3062010	Ports série et parallèle	1	1
SFExécuteRequête	1000018438	SalesForce	1	1
SFExécuteTraitement	1000018523	SalesForce	1	1
SFFusionne	1000018509	SalesForce	1	1
sFinEvénement	3062008	Ports série et parallèle	1	1
sFixeParamètre	3062011	Ports série et parallèle	1	1
SFLit	1000018524	SalesForce	1	1
SFModifie	1000018478	SalesForce	1	1
SFRecherche	1000018555	SalesForce	1	1
SFRechercheModifié	1000018554	SalesForce	1	1
SFRechercheSupprimé	1000018475	SalesForce	1	1
SFRestaure	1000018527	SalesForce	1	1
SFSupprime	1000018465	SalesForce	1	1
SFVideCorbeille	1000018466	SalesForce	1	1
ShamirCréeClésPartagées	1410091293	cryptage/compression	0	1
ShamirGénèreNombrePremier	1410091295	cryptage/compression	0	1
ShamirReconstruitSecret	1410091294	cryptage/compression	0	1
SignalAttend	3077007	gestion des threads	1	1
SignalCrée	3077009	gestion des threads	1	1
SignalDétruit	3077025	gestion des threads	1	1
SignalFerme	1000021272	gestion des threads	1	1
SignalModifie	3077017	gestion des threads	1	1
SignalOuvre	1000021271	gestion des threads	1	1
SIMEcrit	3067001	gestion des cartes SIM	1	0
SIMLit	3067006	gestion des cartes SIM	1	0
SIMNbContact	3067003	gestion des cartes SIM	1	0
SIMSupprime	3067005	gestion des cartes SIM	1	0
Sinus	3050009	Mathématiques	1	1
SiteAdresse	3058023	gestion des pages	1	1
SiteDynamiqueAffiche	3058024	gestion des pages	1	1
sListePort	1000025980	Ports série et parallèle	0	1
sLit	3062012	Ports série et parallèle	1	1
SMSDétecteCodeUsageUnique	1410090437	SMS	0	1
SMSEnvoie	3068002	SMS	1	1
SMSLanceAppli	1000020864	SMS	1	1
SMSNbMessage	3068009	SMS	1	1
SMSPremier	3068006	SMS	1	1
SMSRAZ	3068001	SMS	1	1
SMSSuivant	3068007	SMS	1	1
SMSSupprime	3068008	SMS	1	1
SNMPChaîneVersOID	1000017076	Protocole SNMP	1	1
SNMPChargeMIB	1000017074	Protocole SNMP	1	1
SNMPEcrit	1000017071	Protocole SNMP	1	1
SNMPFermeSession	1000017068	Protocole SNMP	1	1
SNMPLit	1000017069	Protocole SNMP	1	1
SNMPLitSuivant	1000017070	Protocole SNMP	1	1
SNMPLitTableau	1000017217	Protocole SNMP	1	1
SNMPOIDAccès	1000017077	Protocole SNMP	1	1
SNMPOIDDescription	1000017079	Protocole SNMP	1	1
SNMPOIDEtat	1000017078	Protocole SNMP	1	1
SNMPOIDType	1000017080	Protocole SNMP	1	1
SNMPOIDVersChaîne	1000017075	Protocole SNMP	1	1
SNMPOuvreSession	1000017067	Protocole SNMP	1	1
SNMPTrapActive	1000017072	Protocole SNMP	1	1
SNMPTrapDésactive	1000017073	Protocole SNMP	1	1
SOAPAjouteAssertionSAML	1000020762	SOAP	1	1
SOAPAjouteAttribut	1000019241	SOAP	1	1
SOAPAjouteEntête	3069001	SOAP	1	1
SOAPAjouteSignatureXML	1000020754	SOAP	1	1
SOAPDonneRésultat	3069002	SOAP	1	1
SOAPEncodeRésultat	3069003	SOAP	1	1
SOAPErreur	3069005	SOAP	1	1
SOAPExécute	3069013	SOAP	1	1
SOAPExécuteXML	3069014	SOAP	1	1
SOAPPrépare	1000019238	SOAP	1	1
SOAPRécupèreEntête	1000019237	SOAP	1	1
SOAPVersHTTP	1000023920	SOAP	1	1
SocketAccepte	3070004	gestion des sockets	1	1
SocketAttendConnexion	3070006	gestion des sockets	1	1
SocketChangeModeTransmission	3070005	gestion des sockets	1	1
SocketClientInfo	3070009	gestion des sockets	1	1
SocketConnecte	3070016	gestion des sockets	1	1
SocketConnecteBluetooth	1000017145	Bluetooth	1	1
SocketConnecteInfraRouge	3070018	gestion des sockets	1	1
SocketConnecteSSL	1000017042	gestion des sockets	1	1
SocketCrée	3070011	gestion des sockets	1	1
SocketCréeBluetooth	1000017167	Bluetooth	1	1
SocketCréeInfraRouge	3070012	gestion des sockets	1	1
SocketCréeSSL	1000017041	gestion des sockets	1	1
SocketCréeUDP	3070019	gestion des sockets	1	1
SocketEcrit	3070002	gestion des sockets	1	1
SocketExiste	3070013	gestion des sockets	1	1
SocketFerme	3070015	gestion des sockets	1	1
SocketLit	3070014	gestion des sockets	1	1
SocketParamètre	1410088949	gestion des sockets	0	1
SocketProxy	1410088761	gestion des sockets	0	1
SocketRefuse	3070010	gestion des sockets	1	1
Somme	1000019892	Tableau	1	1
Son	3013047	diverses WINDEV	1	1
SourceDepuisFenêtre	1000021402	liaison	0	1
SourceDepuisPage	1000021404	liaison	0	1
SourceVersEcran	1000017341	liaison	1	1
SourceVersPage	1000017405	liaison	1	1
SourisPosX	3071007	Souris	1	1
SourisPosY	3071008	Souris	1	1
sOuvre	3062013	Ports série et parallèle	1	1
SQLAssocie	3072004	SQL	1	1
SQLAvance	3072011	SQL	1	1
SQLBloque	3072003	SQL	1	1
SQLChangeConnexion	3072016	SQL	1	1
SQLCol	3072018	SQL	1	1
SQLColonne	3072001	SQL	1	1
SQLConnecte	3072005	SQL	1	1
SQLConnecteWS	1000021031	SQL	1	1
SQLDéconnecte	3072008	SQL	1	1
SQLDernier	3072009	SQL	1	1
SQLExec	3072007	SQL	1	1
SQLExecWDR	3072010	SQL	1	1
SQLFerme	3072015	SQL	1	1
SQLFormatColonne	3072006	SQL	1	1
SQLInfoGene	3072028	SQL	1	1
SQLListeSource	3072027	SQL	1	1
SQLListeTable	3072021	SQL	1	1
SQLLitCol	3072019	SQL	1	1
SQLLitMémo	3072020	SQL	1	1
SQLLitMémoTexte	3072012	SQL	1	1
SQLModifie	3072023	SQL	1	1
SQLPositionne	3072024	SQL	1	1
SQLPrécédent	3072022	SQL	1	1
SQLPremier	3072017	SQL	1	1
SQLReqExiste	3072026	SQL	1	1
SQLSuivant	3072030	SQL	1	1
SQLTable	3072031	SQL	1	1
SQLTransaction	3072029	SQL	1	1
SSHCommande	1000021143	SSH	1	1
SSHConnecteCommande	1410091112	SSH	0	1
SSHConnecteShell	1000021147	SSH	1	1
SSHDéconnecteCommande	1410091113	SSH	0	1
SSHDéconnecteShell	1000021148	SSH	1	1
SSHEcrit	1000021150	SSH	1	1
SSHLit	1000021149	SSH	1	1
SSLActive	3012014	diverses WEBDEV	1	1
StatCorrélation	3050022	Statistiques	1	1
StatCovariance	3050020	Statistiques	1	1
StatEcartMoyen	3050024	Statistiques	1	1
StatEcartType	3050025	Statistiques	1	1
StatEcartTypeP	3050026	Statistiques	1	1
StatErreur	3050019	Statistiques	1	1
StatMax	3050034	Statistiques	1	1
StatMin	3050037	Statistiques	1	1
StatMoyenne	3050036	Statistiques	1	1
StatSomme	3050035	Statistiques	1	1
StatVariance	3050033	Statistiques	1	1
StatVarianceP	3050030	Statistiques	1	1
StockageLocalAjoute	1000019382	Stockage Local	1	1
StockageLocalDisponible	1000019379	Stockage Local	1	1
StockageLocalNomValeur	1000019388	Stockage Local	1	1
StockageLocalOccurrence	1000019387	Stockage Local	1	1
StockageLocalRécupère	1000019384	Stockage Local	1	1
StockageLocalSupprime	1000019385	Stockage Local	1	1
StockageLocalSupprimeTout	1000019386	Stockage Local	1	1
StyleDessin	3014030	gestion des fenêtres	1	1
StyleDessinLibelléGrisé	1000025751	diverses WINDEV	0	1
Suisse.VérifieIDE	1410089354	gestion des identifiants administratifs	0	1
Suisse.VérifieNAVS	1410089355	gestion des identifiants administratifs	0	1
Suisse.VérifieNuméroFiscal	1410090222	gestion des identifiants administratifs	0	1
Suisse.VérifieREE	1410089356	gestion des identifiants administratifs	0	1
Supprime	1000017354	Tableau	1	1
SupprimeColonne	1000017356	Tableau	1	1
SupprimeCommandeVocale	1000017187	Reconnaissance Vocale	1	1
SupprimeLigne	1000017355	Tableau	1	1
SupprimeParamètre	3025048	gestion des champs	1	1
SupprimeRaccourci	3014012	diverses Windows	1	1
SupprimeTout	1000017357	Tableau	1	1
SynthèseVocaleArrête	1000020174	Synthèse Vocale	1	1
SynthèseVocaleEnCours	1000020173	Synthèse Vocale	1	1
SynthèseVocaleInitialise	1000020171	Synthèse Vocale	1	1
SynthèseVocaleListeVoix	1000025921	Synthèse Vocale	0	1
SynthèseVocaleLitFichier	1000020172	Synthèse Vocale	1	1
SynthèseVocaleLitTexte	1000019805	Synthèse Vocale	1	1
SysArrête	3073013	Système	1	1
SysAssocieExtension	1000021892	Système	1	1
SysCacheStockageExterne	1000021815	Système	1	1
SysChangeEnvironnement	1000017241	Système	1	1
SysChangeRésolutionEcran	1000017020	Système	1	1
SysCouleur	3073011	Système	1	1
SysCouleurAccentuation	1410090893	Système	0	1
SysCouleurRes	3073012	Système	1	1
SysCrypte	1410091090	Système	0	1
SysDécrypte	1410091091	Système	0	1
SysDétecteSessionVerrouillée	1000021185	Système	1	1
SysDissocieExtension	1000021914	Système	1	1
SysDocRécentAjoute	1000018867	Système	1	1
SysDocRécentListe	1000018869	Système	1	1
SysDonneFocus	3073004	Système	1	1
SysEnvironnement	3073014	Système	1	1
SysEspace	3073002	Système	1	1
SysEstAdministrateur	1410091051	Système	0	1
SysEtatCarteStockage	1000019554	Système	1	1
SysEtatStockageExterne	1000021798	Système	1	1
SysFenActive	3073005	Système	1	1
SysFenAffiche	3073003	Système	1	1
SysFenHandle	3073007	Système	1	1
SysFenTitre	3073008	Système	1	1
SysHandleValide	3073009	Système	1	1
SysIconeAfficheBulle	1000021767	Système	1	1
SysIconeAjoute	3073001	Système	1	1
SysIconeAjouteImage	1000018874	Système	1	1
SysIconeBadge	1000020796	Système	1	1
SysIconeModifie	3073027	Système	1	1
SysIconeSupprime	3073022	Système	1	1
SysIconeSupprimeImage	1000018875	Système	1	1
SysIconisé	3073017	Système	1	1
SysIdentifiant	1000020619	Système	1	1
SysIMEI	3073029	Système	1	1
SysInfoAppareil	1000023103	Système	1	1
SysInstance	3073018	Système	1	1
SysLibèreDC	3073021	Système	1	1
SysListeCarteGraphique	1000017016	Système	1	1
SysListeEcran	1000017014	Système	1	1
SysListeOrientationEcran	3073030	Système	1	0
SysListeRésolutionEcran	1000017018	Système	1	1
SysMémoireStockageExterne	1000021817	Système	1	1
SysMétrique	3073019	Système	1	1
SysMiniatureAjouteBouton	1000018871	Système	1	1
SysMiniatureModifieBouton	1000018956	Système	1	1
SysMiniatureSupprimeBouton	1000018872	Système	1	1
SysMiniatureSupprimeTout	1000018873	Système	1	1
SysMiseEnVeille	3073032	Système	1	1
SysModeErreur	3073020	Système	1	1
SysNation	1000021876	Système	1	1
SysNbStockageExterne	1000021816	Système	1	1
SysNombreEcran	1000017021	Système	1	1
SysNomEcranPrincipal	1000017017	Système	1	1
SysNomExe	3073015	Système	1	1
SysNomUtilisateur	1410091381	Système	0	1
SysNotificationCompatible	1410087932	Notifications système	0	1
SysNotificationEnvoie	1410087906	Notifications système	0	1
SysNotificationJaugeMaj	1410091055	Notifications système	0	1
SysNotificationSupprime	1410087907	Notifications système	0	1
SysNotificationSupprimeID	1410087939	Notifications système	0	1
SysNotificationSupprimeTout	1410087937	Notifications système	0	1
SysNumSérie	3073033	Système	1	1
SysOptimBatterieArrièrePlan	1000026008	Système	0	1
SysOrientationEcran	3073031	Système	1	1
SysRectangleEcran	1000019421	Système	1	1
SysRécupèreAssociationExt	1000021896	Système	1	1
SysRécupèreDC	3073023	Système	1	1
SysRep	3073026	Système	1	1
SysRepCarteStockage	3073034	Système	1	1
SysRepStockageExterne	1000021793	Système	1	1
SysRésolutionEcran	1000017019	Système	1	1
SysStockageExterneAmovible	1000021818	Système	1	1
SysThème	1000019646	Système	1	1
SysVersion	3073028	Système	1	1
SysVersionAndroid	1000019785	Système	1	1
SysVersionIOS	1000020555	Système	1	1
SysVersionWindows	3073025	Système	1	1
SysXRes	3073024	Système	1	1
SysYRes	3073006	Système	1	1
TableActiveFiltre	1000017149	Table	1	1
TableAffiche	3074003	Table	1	1
TableAjoute	3074017	Table	1	1
TableAjouteColonne	1000017168	Table	1	1
TableAjouteDébut	1410090425	Table	0	1
TableAjouteFils	1000010004	Table hiérarchique	1	1
TableAjouteLigne	3074006	Table	1	1
TableAjouteLigneAvecAnimation	1000022402	Table	1	1
TableAjoutEnCours	1000021966	Table	1	1
TableAjouteSurEntête	1000020585	Table	1	1
TableAjuste	3074004	Table	1	1
TableauAjoute	3075003	Tableau	1	1
TableauAjouteLigne	3075013	Tableau	1	1
TableauAjouteRéférence	1000023932	Tableau	1	1
TableauAjouteTrié	1000017013	Tableau	1	1
TableauCherche	3075002	Tableau	1	1
TableauChercheParProcédure	1000020101	Tableau	1	1
TableauContient	1410091041	Tableau	0	1
TableauCopie	3075004	Tableau	1	1
TableauDéplace	3075011	Tableau	1	1
TableauDéplaceLigne	3075016	Tableau	1	1
TableauDistinct	1000025337	Tableau	0	1
TableauEchangeLigne	1000020483	Tableau	1	1
TableauInfo	3075005	Tableau	1	1
TableauInsère	3075009	Tableau	1	1
TableauInsèreLigne	3075014	Tableau	1	1
TableauInsèreRéférence	1000023936	Tableau	1	1
TableauIntersection	1000025335	Tableau	0	1
TableauInverse	1000020475	Tableau	1	1
TableauMélange	1000021017	Tableau	1	1
TableauOccurrence	3075012	Tableau	1	1
TableauSupprime	3075008	Tableau	1	1
TableauSupprimeDoublon	1000019422	Tableau	1	1
TableauSupprimeLigne	3075015	Tableau	1	1
TableauSupprimeTout	3075010	Tableau	1	1
TableauTrie	3075007	Tableau	1	1
TableauUnion	1000025334	Tableau	0	1
TableauUnionTout	1000025403	Tableau	0	1
TableauVersChaîne	1000017007	gestion des chaînes	1	1
TableauVersCSV	1000017096	Tableau	1	1
TableauVersParamètres	1410089937	Tableau	0	1
TableCelluleSelect	1000019378	Table	1	1
TableCelluleSelectOccurrence	1000019377	Table	1	1
TableCherche	3074015	Table	1	1
TableChercheFils	1000017064	Table hiérarchique	1	1
TableCherchePartout	1410088362	Table	0	1
TableColonneSelect	1000019381	Table	1	1
TableColonneSelectOccurrence	1000019380	Table	1	1
TableColonnesFiltrées	1000020517	Table	1	1
TableColonnesTriées	3074010	Table	1	1
TableDébutRemplissage	1000022368	Table	1	1
TableDéplaceBranche	1000020611	Table hiérarchique	1	1
TableDéplaceColonne	3074011	Table	1	1
TableDéplaceLigne	1000017247	Table	1	1
TableDéroule	1000010007		1	1
TableDérouleTout	1000010001	Table hiérarchique	1	1
TableDésactiveFiltre	1000017150	Table	1	1
TableDonneFocus	1000022319	Table	1	1
TableEchangeBranche	1000020505	Table hiérarchique	1	1
TableEchangeLigne	1000020627	Table	1	1
TableEnregistre	3074008	Table	1	1
TableEnroule	1000010008	Table hiérarchique	1	1
TableEnrouleDéroule	1000024474	Table	1	1
TableEnrouleTout	1000010003	Table hiérarchique	1	1
TableEnumèreColonne	3074012	Table	1	1
TableEnumèreRupture	1000022418	Table	1	1
TableEtatElément	1000010012	Table hiérarchique	1	1
TableFilsOccurrence	1000020504	Table hiérarchique	1	1
TableFin	3074013	Table	1	1
TableFinRemplissage	1000022369	Table	1	1
TableFixeColonne	3074014	Table	1	1
TableFormuleAjoute	1000022361	Table	1	1
TableFormuleSupprimeTout	1000022362	Table	1	1
TableImprime	1000017237	Table	1	1
TableIndiceColonne	3074016	Table	1	1
TableIndiceRupture	1000018758	Table	1	1
TableInfoXY	3074007	Table	1	1
TableInsère	3074025	Table	1	1
TableInsèreColonne	1000017178	Table	1	1
TableInsèreFils	1000010005	Table hiérarchique	1	1
TableInsèreLigne	3074026	Table	1	1
TableInsèreLigneAvecAnimation	1000022401	Table	1	1
TableListeFils	1000021787	Table hiérarchique	1	1
TableMode	3074001	Table	1	1
TableModifie	3074019	Table	1	1
TableModifieColonne	1000017179	Table	1	1
TableModifieLigne	3074028	Table	1	1
TableNumEnr	3074027	Table	1	1
TableOccurrence	3074021	Table	1	1
TablePosition	3074022	Table	1	1
TableRafraîchissementVisible	1000021196	Table	1	1
TableRécupèreFils	1000010009	Table hiérarchique	1	1
TableRécupèreParent	1000010011	Table hiérarchique	1	1
TableRestaurePositionEtSélection	1000017413	Table	1	1
TableSaisieEnCours	3074023	Table	1	1
TableSaisieLoupe	3074024	Table	1	1
TableSauvePositionEtSélection	1000017412	Table	1	1
TableSelect	3074020	Table	1	1
TableSelectMoins	3074029	Table	1	1
TableSelectOccurrence	3074030	Table	1	1
TableSelectPlus	3074031	Table	1	1
TableSelectVersFichier	3074038	Table	1	1
TableSupprime	3074032	Table	1	1
TableSupprimeAvecAnimation	1000022400	Table	1	1
TableSupprimeFils	1000010006	Table hiérarchique	1	1
TableSupprimeSelect	1000020506	Table	1	1
TableSupprimeTout	3074034	Table	1	1
TableTri	3074018	Table	1	0
TableTrie	3074035	Table	1	1
TableTrieFils	1000017025	Table hiérarchique	1	1
TableTypeElément	1000010010	Table hiérarchique	1	1
TableurAjouteDonnée	1000021365	Tableur	1	1
TableurAjouteFeuille	1000021642	Tableur	1	1
TableurAjouteFormule	1000021373	Tableur	1	1
TableurAjouteImage	1000023335	Tableur	1	1
TableurAjouteLien	1410090390	Tableur	0	1
TableurAjouteNom	1000022523	Tableur	1	1
TableurAutoriseProcédure	1000021473	Tableur	1	1
TableurCadreSélection	1000021480	Tableur	1	1
TableurChampFormule	1000021647	Tableur	1	1
TableurCharge	1000021340	Tableur	1	1
TableurCherche	1000021610	Tableur	1	1
TableurDébutModification	1000023460	Tableur	1	1
TableurDéfusionneCellule	1410089203	Tableur	0	1
TableurDéplaceFeuille	1410087257	Tableur	0	1
TableurFerme	1000021482	Tableur	1	1
TableurFige	1000022519	Tableur	1	1
TableurFinModification	1000023461	Tableur	1	1
TableurFusionneCellule	1000026181	Tableur	0	1
TableurInsèreColonne	1000021518	Tableur	1	1
TableurInsèreFeuille	1000021648	Tableur	1	1
TableurInsèreLigne	1000021456	Tableur	1	1
TableurListeCommentaire	1000024881	Tableur	0	1
TableurListeFeuille	1000023450	Tableur	1	1
TableurListeImage	1000023547	Tableur	1	1
TableurListeNom	1000023448	Tableur	1	1
TableurModifieNom	1000023464	Tableur	1	1
TableurPosition	1000021609	Tableur	1	1
TableurRecalculeTout	1000021457	Tableur	1	1
TableurRécupèreFormule	1000021507	Tableur	1	1
TableurRécupèreFusion	1000021740	Tableur	1	1
TableurRécupèreInfoTri	1000023462	Tableur	1	1
TableurRécupèreSélection	1000021499	Tableur	1	1
TableurRemplace	1000023436	Tableur	1	1
TableurRestaurePositionEtSélection	1000023334	Tableur	1	1
TableurSaisieFonction	1000023412	Tableur	1	1
TableurSauve	1000021341	Tableur	1	1
TableurSauvePositionEtSélection	1000023333	Tableur	1	1
TableurSelectCommentaire	1000024883	Tableur	0	1
TableurSelectFeuille	1000021649	Tableur	1	1
TableurSelectMoins	1000021494	Tableur	1	1
TableurSelectPlus	1000021493	Tableur	1	1
TableurStyleSélection	1000021338	Tableur	1	1
TableurSupprimeColonne	1000022406	Tableur	1	1
TableurSupprimeFeuille	1000021643	Tableur	1	1
TableurSupprimeImage	1000023546	Tableur	1	1
TableurSupprimeLigne	1000022405	Tableur	1	1
TableurSupprimeNom	1000023447	Tableur	1	1
TableurSupprimeTout	1000021495	Tableur	1	1
TableurTrieSélection	1000023463	Tableur	1	1
TableurTypeEtMasqueSélection	1000021349	Tableur	1	1
TableVersExcel	3074033	Table	1	1
TableVersJSON	1410090327	Table	0	1
TableVersPressePapier	1000017062	Table	1	1
TableVersTexte	1000017061	Table	1	1
TableVersWord	3074036	Table	1	1
TableVersXML	3074037	Table	1	1
TâcheAjoute	1000012001	Tâches	1	1
TâcheDernier	1000012002	Tâches	1	1
TâcheEnArrièrePlanAjoute	1000023454	gestion des tâches en arrière-plan	1	1
TâcheEnArrièrePlanListe	1000023456	gestion des tâches en arrière-plan	1	1
TâcheEnArrièrePlanSupprime	1000023455	gestion des tâches en arrière-plan	1	1
TâcheLit	1000012011	Tâches	1	1
TâcheModifie	1000012003	Tâches	1	1
TâcheParallèleAnnule	1000021278	gestion des tâches parallèles	1	1
TâcheParallèleAttend	1000021212	gestion des tâches parallèles	1	1
TâcheParallèleAttendToutes	1000021297	gestion des tâches parallèles	1	1
TâcheParallèleDemandeAnnulation	1000021213	gestion des tâches parallèles	1	1
TâcheParallèleExécute	1000021211	gestion des tâches parallèles	1	1
TâcheParallèleExécuteAprès	1000021214	gestion des tâches parallèles	1	1
TâcheParallèleExécuteAprèsToutes	1000021217	gestion des tâches parallèles	1	1
TâcheParallèleExécuteAprèsUne	1000021216	gestion des tâches parallèles	1	1
TâcheParallèleParamètre	1000021284	gestion des tâches parallèles	1	1
TâchePrécédent	1000012004	Tâches	1	1
TâchePremier	1000012005	Tâches	1	1
TâcheRAZ	1000012006	Tâches	1	1
TâcheSuivant	1000012007	Tâches	1	1
TâcheSupprime	1000012008	Tâches	1	1
Taille	3024031	gestion des chaînes	1	1
TailleCommune	3024045	gestion des chaînes	1	1
TailleEcran	1000022211	gestion du téléphone	1	1
TailleVersChaîne	1000017038	gestion des chaînes	1	1
Tang	3050014	Mathématiques	1	1
TCDAxeXY	1000021113	Tableau croisé dynamique	1	1
TCDCalculeMiseAJour	1000020534	Tableau croisé dynamique	1	1
TCDCalculeMiseAJourAsynchrone	1410089990	Tableau croisé dynamique	0	1
TCDCalculeTout	1000020539	Tableau croisé dynamique	1	1
TCDCalculeToutAsynchrone	1410090244	Tableau croisé dynamique	0	1
TCDCharge	1000020507	Tableau croisé dynamique	1	1
TCDComparePériode	1000024869	Tableau croisé dynamique	0	1
TCDDéroule	1000020699	Tableau croisé dynamique	1	1
TCDDérouleTout	1000020623	Tableau croisé dynamique	1	1
TCDEnroule	1000020698	Tableau croisé dynamique	1	1
TCDEnrouleTout	1000020622	Tableau croisé dynamique	1	1
TCDFiltre	1000020531	Tableau croisé dynamique	1	1
TCDInfoXY	1000020735	Tableau croisé dynamique	1	1
TCDListePositionEntête	1000020975	Tableau croisé dynamique	1	1
TCDSauve	1000020471	Tableau croisé dynamique	1	1
TCDSelect	1000021024	Tableau croisé dynamique	1	1
TCDSelectOccurrence	1000022175	Tableau croisé dynamique	1	1
TCDValeurEntête	1000021135	Tableau croisé dynamique	1	1
TCDVersExcel	1000020703	Tableau croisé dynamique	1	1
TDBAffiche	1000020970	Tableau de bord	1	1
TDBAjouteWidget	1000020953	Tableau de bord	1	1
TDBChangeTailleWidget	1000021286	Tableau de bord	1	1
TDBChargeConfiguration	1000020961	Tableau de bord	1	1
TDBConfigurationInitiale	1000021043	Tableau de bord	1	1
TDBDéplaceWidget	1000021289	Tableau de bord	1	1
TDBInfoXY	1000020974	Tableau de bord	1	1
TDBMode	1000020956	Tableau de bord	1	1
TDBOccurrence	1000021042	Tableau de bord	1	1
TDBRécupèreWidgetPosition	1000022498	Tableau de bord	1	1
TDBSauveConfiguration	1000020960	Tableau de bord	1	1
TDBSupprime	1000020955	Tableau de bord	1	1
TDBSupprimeTout	1000020954	Tableau de bord	1	1
telAppelDébut	3076006	Téléphone	1	1
telAppelEnAttente	3076033	Téléphone	1	1
telAppelEstOccupé	3076017	Téléphone	1	1
telAppelEstTerminé	3076003	Téléphone	1	1
telAppelFin	3076002	Téléphone	1	1
telAppelPasDeRéponse	3076008	Téléphone	1	1
telArrête	3076007	Téléphone	1	1
telCapacité	3076014	Téléphone	1	1
telChangeParamètrePériphérique	1000017292	Téléphone	1	0
telCompose	3076013	Téléphone	1	1
telComposeLigne	3076012	Téléphone	1	1
telDémarreDétectionAppel	3076029	Téléphone	1	1
telDialerAffiche	1000019236	gestion du téléphone	1	1
telDialerCompose	1000019235	gestion du téléphone	1	1
telDuréeAppel	3076004	Téléphone	1	1
TéléchargementAjoute	1410087319	Téléchargement	0	1
TéléchargementListe	1410087322	Téléchargement	0	1
TéléchargementRécupèreInfo	1410087320	Téléchargement	0	1
TéléchargementSupprime	1410087321	Téléchargement	0	1
TélémétrieActive	1000021900	Télémétrie	1	1
TélémétrieAjouteMesure	1000022168	Télémétrie	1	1
TélémétrieAjoutePassage	1000022174	Télémétrie	1	1
TélémétrieDésactive	1000021912	Télémétrie	1	1
TélémétrieEnvoieDonnées	1000024736	Télémétrie	0	1
TélémétrieEnvoieExceptionInfo	1410091371	Télémétrie	0	1
TélémétrieEstActive	1000021911	Télémétrie	1	1
TélémétrieIdentifieUtilisateur	1000022160	Télémétrie	1	1
TélémétrieParamètre	1000021913	Télémétrie	1	1
telEnregistre	3076019	Téléphone	1	1
telErreur	3076020	Téléphone	1	1
telExécuteTransfert	3076021	Téléphone	1	1
telFinDétectionAppel	3076022	Téléphone	1	1
telJoue	3076023	Téléphone	1	1
telListePériphérique	3076024	Téléphone	1	1
telMetAppelEnAttente	3076034	Téléphone	1	1
telNuméroAppelant	3076010	Téléphone	1	1
telNuméroAppelé	3076025	Téléphone	1	1
telNumérote	3076018	Téléphone	1	1
telOrigine	3076028	Téléphone	1	1
telParamètrePériphérique	1000017245	Téléphone	1	0
telPériphérique	3076032	Téléphone	1	1
telRaccroche	3076030	Téléphone	1	1
telRécupèreNuméro	1410090442	gestion du téléphone	0	1
telRépondAppel	3076026	Téléphone	1	1
telReprendAppelEnAttente	3076035	Téléphone	1	1
telToucheEnfoncée	3076027	Téléphone	1	1
telTransfertDirect	3076011	Téléphone	1	1
Temporisation	3015012	Evénements Windows	1	1
TestAjouteItération	1000017015	Test	1	1
TestEcritRésultat	1000013001	Test	1	1
TestErreur	1000023506	Test	1	1
TestSurErreur	1000023507	Test	1	1
TestVérifie	1000017023	Test	1	1
TestVérifieDifférence	1000023397	Test	1	1
TestVérifieEgalité	1000023398	Test	1	1
TestVérifieFaux	1000023399	Test	1	1
TestVérifieNonNull	1000023400	Test	1	1
TestVérifieNull	1000023401	Test	1	1
TestVérifieVrai	1000023402	Test	1	1
TexteEllipse	1000021875	gestion des champs	1	1
TexteHauteur	3025011	gestion des champs	1	1
TexteLargeur	3025004	gestion des champs	1	1
TexteVersHTML	3025050	gestion des chaînes	1	1
TexteVersMarkdown	1410091409	gestion des chaînes	0	1
TexteVersRTF	1000020514	gestion des chaînes	1	1
TexteVersXML	3081006	gestion des chaînes	1	1
ThreadArrêtDemandé	1000021219	gestion des threads	0	1
ThreadArrête	3077019	gestion des threads	1	1
ThreadAttend	3077020	gestion des threads	1	1
ThreadAttendSignal	3077022	gestion des threads	1	1
ThreadCourant	1000019423	gestion des threads	1	1
ThreadDemandeArrêt	1000021218	gestion des threads	0	1
ThreadEnvoieSignal	3077021	gestion des threads	1	1
ThreadEtat	3077016	gestion des threads	1	1
ThreadExécute	3077024	gestion des threads	1	1
ThreadFin	1000020874	gestion des threads	1	1
ThreadMode	3077028	gestion des threads	1	1
ThreadPause	3077029	gestion des threads	1	1
ThreadPersistant	1000020584	gestion des threads	1	1
ThreadPriorité	3077027	gestion des threads	1	1
ThreadReprend	3077023	gestion des threads	1	1
ThreadSuspend	3077014	gestion des threads	1	1
TimelineAffiche	1000020683	TimeLine	1	1
TimelineAjouteEvénement	1000020400	TimeLine	1	1
TimelineAjoutePiste	1000020405	TimeLine	1	1
TimelineChangeMode	1000020397	TimeLine	1	1
TimelineListeEvénement	1000020401	TimeLine	1	1
TimelineSupprimeEvénement	1000020403	TimeLine	1	1
TimelineSupprimePiste	1000020760	TimeLine	1	1
TimelineSupprimeTout	1000020404	TimeLine	1	1
Timer	3015008	Evénements Windows	1	1
TimerSys	3015006	Evénements Windows	1	1
TitreEnCours	3038023	gestion des fenêtres	1	1
TitreSuivant	3038043	gestion des fenêtres	1	1
ToastAffiche	1000019358	gestion des toasts	1	1
ToastAfficheFI	1000024643	gestion des toasts	1	1
ToastAffichePopup	1000020625	gestion des toasts	1	1
ToastSupprimeTout	1000020336	gestion des toasts	1	1
ToucheEnfoncée	3014007	diverses Windows	1	1
Trace	3013050	diverses WINDEV	1	1
TraceConstruit	1000021683	diverses WINDEV	1	1
TraceDébut	3013052	diverses WINDEV	1	1
TraceFin	3013044	diverses WINDEV	1	1
TraceSupprimeTout	1000023914	diverses WINDEV	1	1
Transfert	3014015	diverses Windows	1	1
Transforme	1000024734	Tableau	0	1
TreeMapAjoute	1000018814	TreeMap	1	1
TreeMapCherche	1000019739	TreeMap	1	1
TreeMapInfoXY	1000018899	TreeMap	1	1
TreeMapOccurrence	1000018928	TreeMap	1	1
TreeMapRecherche	1000018901	TreeMap	1	1
TreeMapSelectGroupe	1000018902	TreeMap	1	1
TreeMapSupprime	1000018903	TreeMap	1	1
TreeMapSupprimeTout	1000018914	TreeMap	1	1
Trie	1000017364	Tableau	1	1
Tronque	1000020476	gestion des chaînes	1	1
TSL	3029057	dessin	1	1
TuileAfficheBadge	1000020721	Tuile	1	1
TuileAjoute	1000020719	Tuile	1	1
TuileSupprimeTout	1000020720	Tuile	1	1
TwainEtat	3078002	Périphériques Twain	1	1
TwainHauteurSource	3078003	Périphériques Twain	1	1
TwainLargeurSource	3078004	Périphériques Twain	1	1
TwainListeSource	3078005	Périphériques Twain	1	1
TwainPropriété	1000021192	Périphériques Twain	1	1
TwainSelectSource	3078013	Périphériques Twain	1	1
TwainSourceEnCours	3078015	Périphériques Twain	1	1
TwainVersBMP	3078010	Périphériques Twain	1	1
TwainVersChamp	3078008	Périphériques Twain	1	1
TwainVersGIF	3078012	Périphériques Twain	1	1
TwainVersJPEG	3078009	Périphériques Twain	1	1
TwainVersPDF	1000020877	Périphériques Twain	1	1
TwainVersPressePapier	3078011	Presse-papiers	1	1
TwainVersTIFF	1000020875	Périphériques Twain	1	1
TwainZoneScan	3078014	Périphériques Twain	1	1
TypeEcran	1000022210	gestion du téléphone	1	1
TypeEstNullable	1410090370	diverses WINDEV	0	1
TypeVar	3013056	diverses WINDEV	1	1
TypeVariable	3013055	diverses WINDEV	1	1
UnicodeVersAnsi	3024025	gestion des chaînes	1	1
UploadCopieFichier	3012023	upload	1	1
UploadFichierEnCours	1000018798	upload	1	1
UploadLance	1000018793	upload	1	1
UploadNomFichier	3012022	upload	1	1
UploadSupprime	1000018808	upload	1	1
UploadSupprimeTout	1000018809	upload	1	1
UploadTaille	1000018795	upload	1	1
UploadTailleEnvoyée	1000018794	upload	1	1
UploadTailleEnvoyéeFichierEnCours	1000018796	upload	1	1
UploadTailleFichier	1000019035	upload	1	1
UploadTailleFichierEnCours	1000018797	upload	1	1
UPNPCherchePériphérique	1000020912	DLNA/UPnP	1	1
UPNPExécuteAction	1000020918	DLNA/UPnP	1	1
UPNPListePériphérique	1000020901	DLNA/UPnP	1	1
UPNPMédiaArrêt	1000020944	DLNA/UPnP	1	1
UPNPMédiaJoue	1000020941	DLNA/UPnP	1	1
UPNPMédiaOuvre	1000020942	DLNA/UPnP	1	1
UPNPMédiaPause	1000020943	DLNA/UPnP	1	1
UPNPModifieContraste	1000020938	DLNA/UPnP	1	1
UPNPModifieLuminosité	1000020939	DLNA/UPnP	1	1
UPNPModifieMuet	1000020931	DLNA/UPnP	1	1
UPNPModifieNetteté	1000020936	DLNA/UPnP	1	1
UPNPModifieVolume	1000020937	DLNA/UPnP	1	1
UPNPRécupèreContraste	1000020933	DLNA/UPnP	1	1
UPNPRécupèreLuminosité	1000020932	DLNA/UPnP	1	1
UPNPRécupèreMuet	1000020929	DLNA/UPnP	1	1
UPNPRécupèreNetteté	1000020935	DLNA/UPnP	1	1
UPNPRécupèreVolume	1000020934	DLNA/UPnP	1	1
URIRécupèreInfo	1000024037	URI	1	1
URISélecteur	1000024026	URI	1	1
URIVersBuffer	1000024036	URI	1	1
URIVersFichier	1000024035	URI	1	1
URLDécode	3024041	gestion des chaînes	1	1
URLEncode	3024040	gestion des chaînes	1	1
URLExtraitChemin	1000020965	gestion des chaînes	1	1
USBDéconnecte	3090001	USB	1	1
USBDétecteStockageAmovible	3090007	USB	1	1
USBListePériphérique	3090002	USB	1	1
USBPropriété	3090003	USB	1	1
USBRecherche	3090004	USB	1	1
UTF8Valide	1410089619	gestion des chaînes	0	1
UTF8VersAnsi	1000020525	gestion des chaînes	1	1
UTF8VersChaîne	3024043	gestion des chaînes	1	1
UTF8VersUnicode	1000020481	gestion des chaînes	1	1
UTFConvertit	1410088734	gestion des chaînes	0	1
Utilise	3038044	gestion des fenêtres	1	1
UUDécode	1000018864	cryptage/compression	1	1
UUEncode	1000018862	cryptage/compression	1	1
Val	3024037	gestion des chaînes	1	1
ValideMotDePasse	1000017009	Verrou	1	1
< Variable Connexion>.ModifiePropriétéFichier	1000022718		1	0
VariableRAZ	3013069	diverses WINDEV	1	1
VariantConvertit	3013054	diverses WINDEV	1	1
VariantVersJSON	1000021051	gestion des chaînes	1	1
VérifieExpressionRégulière	3024032	gestion des chaînes	1	1
VérifieIdentitéUtilisateur	1000021348	gestion du téléphone	1	1
VérifieTousFaux	1000024858	Tableau	0	1
VérifieTousVrai	1000024857	Tableau	0	1
VérifieUnFaux	1000024860	Tableau	0	1
VérifieUnVrai	1000024859	Tableau	0	1
VerrouAppliBloque	1000017011	Verrou	1	1
VerrouAppliDébloque	1000017012	Verrou	1	1
VerrouAppliDélai	1000017006	Verrou	1	1
VerrouAppliMotDePasse	1000017010	Verrou	1	1
VersionDémo	1000019645	diverses WINDEV	1	1
VersionWINDEV	3013010	diverses WINDEV	1	1
VersionWindows	3014002	diverses Windows	1	1
VersPressePapier	3063005	Presse-papiers	1	1
VersPressePapierRTF	1000017199	Presse-papiers	1	1
VibrationArrête	1000019449	gestion du téléphone	1	1
VibrationDéclenche	1000019448	gestion du téléphone	1	1
VidéoAffiche	3079004	vidéo	1	1
VidéoArrête	3079001	vidéo	1	1
VidéoArrêteDécodage	1000022164	vidéo	1	1
VidéoCapture	3079007	vidéo	1	1
VidéoChangeDriver	3079010	vidéo	1	1
VidéoConfigure	3079009	vidéo	1	1
VidéoDemandePermission	1000022355	vidéo	1	1
VidéoDémarreDécodage	1000022163	vidéo	1	1
VidéoEtat	3079006	vidéo	1	1
VidéoGénèreMiniature	1000020268	vidéo	1	1
VidéoLanceAppli	1000019368	vidéo	1	1
VidéoListeDriver	3079008	vidéo	1	1
VidéoListeParamètre	1000019695	vidéo	1	1
VidéoParamètre	1000019694	vidéo	1	1
VisiteGuidéeArrête	1410090225	Visite guidée	0	1
VisiteGuidéeChangeEtape	1410090229	Visite guidée	0	1
VisiteGuidéeDémarre	1410090176	Visite guidée	0	1
VisiteGuidéeInfo	1410090219	Visite guidée	0	1
VoletDuChamp	1000021625	Onglet	1	1
VolumeBoutonPhysique	1000020168	gestion du téléphone	1	1
VolumeModifie	1000020169	gestion du téléphone	1	1
VolumeRécupère	1000019807	gestion du téléphone	1	1
wdbaasCréeUtilisateur	1410091289	gestion des utilisateurs sur le serveur d'authentification OAuth WEBDEV	0	1
wdbaasInfoUtilisateur	1410091290	gestion des utilisateurs sur le serveur d'authentification OAuth WEBDEV	0	1
wdbaasListeUtilisateur	1410091288	gestion des utilisateurs sur le serveur d'authentification OAuth WEBDEV	0	1
wdbaasModifieUtilisateur	1410091291	gestion des utilisateurs sur le serveur d'authentification OAuth WEBDEV	0	1
wdbaasSupprimeUtilisateur	1410091292	gestion des utilisateurs sur le serveur d'authentification OAuth WEBDEV	0	1
WebserviceAdresseIPClient	1000019641	Webservices	1	1
WebserviceEcritCodeHTTP	1000022785	Webservices	1	1
WebserviceEcritCodeHTTPPersonnalisé	1410087803	Webservices	0	1
WebserviceEcritEntêteHTTP	1000022788	Webservices	1	1
WebserviceEcritTypeMIME	1000022681	Webservices	1	1
WebserviceEnvoieMorceau	1410091271	Webservices	0	1
WebserviceLitEntêteHTTP	1000022787	Webservices	1	1
WebserviceLitTokenUtilisateur	1410090917	Webservices	0	1
WebserviceLitTypeMIME	1000022680	gestion des Webservices	1	1
WebserviceParamètre	1000022786	Webservices	1	1
WebSocketClientConnecte	1410087751	gestion des sockets	0	1
WebSocketClientConnecteSSL	1410087752	gestion des sockets	0	1
WebSocketDéconnecte	1000025960	WebSocket	0	1
WebSocketEnvoie	1000025957	WebSocket	0	1
WebSocketExécute	1000025961	WebSocket	0	1
WebSocketExécuteServiceGlobal	1000026042	WebSocket	0	1
WebSocketListeClientConnecté	1000025956	WebSocket	0	1
WHelp	3013053	diverses WINDEV	1	1
WidgetAffiche	1000020647	Widget	1	1
WidgetLanceAppli	1000020648	Widget	1	1
WidgetProcédure	1410087599	Widget	0	1
WiFiActive	1000019350	WiFi	1	1
WiFiAjouteRéseau	1000019351	WiFi	1	1
WiFiConnecte	1000019352	WiFi	1	1
WiFiDétectePointAccès	1000019353	WiFi	1	1
WiFiEtat	1000019354	WiFi	1	1
WiFiInfoConnexion	1000019355	WiFi	1	1
WiFiListeCarteRéseau	1000020693	WiFi	1	1
WiFiListeRéseau	1000019356	WiFi	1	1
WiFiSelectCarteRéseau	1000020694	WiFi	1	1
WiFiSupprimeRéseau	1000019357	WiFi	1	1
XamlDésactive	1000015004	XAML	1	1
XamlEvénement	1000015001	XAML	1	1
XamlPropriété	1000015002	XAML	1	1
xlsAjouteFeuille	1000017285	gestion des fichiers XLS	1	1
xlsCoordonnéesVersNom	1000021500	Tableur	1	1
xlsDéfusionneCellule	1410089538	gestion des fichiers XLS	0	1
xlsDonnée	3080021	gestion des fichiers XLS	1	1
xlsFerme	3080015	gestion des fichiers XLS	1	1
xlsFeuilleEnCours	3080022	gestion des fichiers XLS	1	1
xlsFusionneCellule	1410089537	gestion des fichiers XLS	0	1
xlsMsgErreur	3080016	gestion des fichiers XLS	1	1
xlsNbColonne	3080014	gestion des fichiers XLS	1	1
xlsNbColonnes	3080007	gestion des fichiers XLS	1	1
xlsNbFeuille	3080023	gestion des fichiers XLS	1	1
xlsNbLigne	3080011	gestion des fichiers XLS	1	1
xlsNbLignes	3080013	gestion des fichiers XLS	1	1
xlsNomVersCoordonnées	1000021501	Tableur	1	1
xlsOuvre	3080017	gestion des fichiers XLS	1	1
xlsRecalculeTout	1410089617	gestion des fichiers XLS	0	1
xlsRécupèreFusion	1410089567	gestion des fichiers XLS	0	1
xlsSauve	1000018057	gestion des fichiers XLS	1	1
xlsSupprimeFeuille	1000017288	gestion des fichiers XLS	1	1
xlsTitreColonne	3080012	gestion des fichiers XLS	1	1
xlsTypeColonne	3080019	gestion des fichiers XLS	1	1
xlsVersion	3080018	gestion des fichiers XLS	1	1
XMLAjouteAttribut	3081011	gestion des fichiers XML	1	1
XMLAjouteFils	3081002	gestion des fichiers XML	1	1
XMLAnnuleRecherche	3081001	gestion des fichiers XML	1	1
XMLChercheNamespaceParNom	1000019167	gestion des fichiers XML	1	1
XMLChercheNamespaceParURI	1000019168	gestion des fichiers XML	1	1
XMLConstruitChaîne	3081016	gestion des fichiers XML	1	1
XMLDernier	3081013	gestion des fichiers XML	1	1
XMLDocument	3081008	gestion des fichiers XML	1	1
XMLDocumentValide	1000019272	gestion des fichiers XML	1	1
XMLDonnée	3081004	gestion des fichiers XML	1	1
XMLEcrit	1000017031	gestion des fichiers XML	1	1
XMLEnDehors	3081009	gestion des fichiers XML	1	1
XMLExécuteXPath	3081015	gestion des fichiers XML	1	1
XMLExtraitChaîne	3081017	gestion des fichiers XML	1	1
XMLExtraitDocument	3081010	gestion des fichiers XML	1	1
XMLFils	3081012	gestion des fichiers XML	1	1
XMLFilsExiste	3081038	gestion des fichiers XML	1	1
XMLInsèreDocument	3081014	gestion des fichiers XML	1	1
XMLInsèreElément	3081007	gestion des fichiers XML	1	1
XMLLit	1000017030	gestion des fichiers XML	1	1
XMLModifie	3081037	gestion des fichiers XML	1	1
XMLNamespace	3081039	gestion des fichiers XML	1	1
XMLNamespaceURI	3081040	gestion des fichiers XML	1	1
XMLNoeudValide	1000019280	gestion des fichiers XML	1	1
XMLNomElément	3081026	gestion des fichiers XML	1	1
XMLNomParent	3081035	gestion des fichiers XML	1	1
XMLOuvre	1000018792	gestion des fichiers XML	1	1
XMLOuvreLecteur	1000023396	gestion des fichiers XML	1	1
XMLParent	3081022	gestion des fichiers XML	1	1
XMLPosition	3081028	gestion des fichiers XML	1	1
XMLPrécédent	3081023	gestion des fichiers XML	1	1
XMLPremier	3081024	gestion des fichiers XML	1	1
XMLRacine	3081019	gestion des fichiers XML	1	1
XMLRecherche	3081025	gestion des fichiers XML	1	1
XMLRenomme	3081021	gestion des fichiers XML	1	1
XMLRésultat	3081027	gestion des fichiers XML	1	1
XMLRetourPosition	3081032	gestion des fichiers XML	1	1
XMLSauve	1000019026	gestion des fichiers XML	1	1
XMLSauvePosition	3081033	gestion des fichiers XML	1	1
XMLSigne	1000020753	gestion des fichiers XML	1	1
XMLSuivant	3081030	gestion des fichiers XML	1	1
XMLSupprime	3081036	gestion des fichiers XML	1	1
XMLTermine	3081034	gestion des fichiers XML	1	1
XMLTrouve	3081020	gestion des fichiers XML	1	1
XMLTypeElement	3081031	gestion des fichiers XML	1	1
XMLVérifieSignature	1410090391	gestion des fichiers XML	0	1
XMLVersJSON	1410087331	gestion des fichiers XML	0	1
XMLVersTexte	3081029	gestion des chaînes	1	1
zipAjouteFichier	3082008	gestion des archives	1	1
zipAjouteListeFichier	3082038	gestion des archives	1	1
zipAjouteRépertoire	3082014	gestion des archives	1	1
zipChangeChemin	3082027	gestion des archives	1	1
zipChercheFichier	3082002	gestion des archives	1	1
zipCrée	3082003	gestion des archives	1	1
zipCréeExe	3082013	gestion des archives	1	1
zipDébutAjoutFichier	1410091114	gestion des archives	0	1
zipDécoupe	3082020	gestion des archives	1	1
zipEstMulti	3082021	gestion des archives	1	1
zipExiste	1000017233	gestion des archives	1	1
zipExtraitChemin	3082023	gestion des archives	1	1
zipExtraitFichier	3082019	gestion des archives	1	1
zipExtraitListeFichier	1000017234	gestion des archives	1	1
zipExtraitRépertoire	1000025518	gestion des archives	0	1
zipExtraitTout	3082011	gestion des archives	1	1
zipFerme	3082005	gestion des archives	1	1
zipFichierEnCours	3082026	gestion des archives	1	1
zipFiltre	1000026293	gestion des archives	0	1
zipFinAjoutFichier	1410091115	gestion des archives	0	1
zipInfoFichier	3082040	gestion des archives	1	1
zipListeFichier	3082031	gestion des archives	1	1
zipMotDePasse	3082053	gestion des archives	1	1
zipMsgErreur	3082034	gestion des archives	1	1
zipNbFichier	3082035	gestion des archives	1	1
zipNbPartie	3082029	gestion des archives	1	1
zipNbPartieNécessaire	3082052	gestion des archives	1	1
zipNiveauCompression	3082054	gestion des archives	1	1
zipOuvre	3082044	gestion des archives	1	1
zipOuvreCAB	1000017250	gestion des archives	1	1
zipOuvreRAR	1000017294	gestion des archives	1	1
zipRegroupe	3082046	gestion des archives	1	1
zipSélectionFichier	1000026152	gestion des archives	0	1
zipSupprimeFichier	3082041	gestion des archives	1	1
zipSupprimeListeFichier	3082049	gestion des archives	1	1
zipSupprimeTout	3082051	gestion des archives	1	1
zipTaille	3082012	gestion des archives	1	1
zipTailleFichier	3082017	gestion des archives	1	1
zmlAjouteLigne	1000020199	Zone multiligne	1	1
zmlInsèreLigne	1000020207	Zone multiligne	1	1
zmlSupprime	1000020208	Zone multiligne	1	1
zmlSupprimeTout	1000020209	Zone multiligne	1	1
ZoneRépétéeAffiche	3083001	Zones répétées	1	1
ZoneRépétéeAjoute	3083006	Zones répétées	1	1
ZoneRépétéeAjouteDébut	1410090428	Zones répétées	0	1
ZoneRépétéeAjouteFI	1000023439	Zones répétées	1	1
ZoneRépétéeAjouteFIDébut	1410090427	Zones répétées	0	1
ZoneRépétéeAjouteLigne	3083004	Zones répétées	1	1
ZoneRépétéeAjoutEnCours	1000021638	Zones répétées	1	1
ZoneRépétéeAjoutePI	1410089366	Zones répétées	0	1
ZoneRépétéeAnnuleBalayage	1000021988	Zones répétées	1	1
ZoneRépétéeCherche	3083005	Zones répétées	1	1
ZoneRépétéeCherchePartout	1000021997	Zones répétées	1	1
ZoneRépétéeDébutRemplissage	1000022370	Zones répétées	1	1
ZoneRépétéeDéplaceLigne	1000017248	Zones répétées	1	1
ZoneRépétéeDéroule	1000019771	Zones répétées	1	1
ZoneRépétéeDérouleTout	1000019774	Zones répétées	1	1
ZoneRépétéeEnregistre	3083028	Zones répétées	1	1
ZoneRépétéeEnroule	1000019770	Zones répétées	1	1
ZoneRépétéeEnrouleDéroule	1000019970	Zones répétées	1	1
ZoneRépétéeEnrouleTout	1000019772	Zones répétées	1	1
ZoneRépétéeFinRemplissage	1000022371	Zones répétées	1	1
ZoneRépétéeIndiceRupture	3083029	Zones répétées	1	1
ZoneRépétéeInfoXY	3083022	Zones répétées	1	1
ZoneRépétéeInsère	3083003	Zones répétées	1	1
ZoneRépétéeInsèreFI	1000023440	Zones répétées	1	1
ZoneRépétéeInsèreLigne	3083002	Zones répétées	1	1
ZoneRépétéeInsèrePI	1410089367	Zones répétées	0	1
ZoneRépétéeModifie	3083013	Zones répétées	1	1
ZoneRépétéeModifieFI	1000023441	Zones répétées	1	1
ZoneRépétéeModifieLigne	3083015	Zones répétées	1	1
ZoneRépétéeModifiePI	1410089368	Zones répétées	0	1
ZoneRépétéeNumEnr	3083010	Zones répétées	1	1
ZoneRépétéeOccurrence	3083014	Zones répétées	1	1
ZoneRépétéePosition	3083023	Zones répétées	1	1
ZoneRépétéeRafraîchissementVisible	1000021195	Zones répétées	1	1
ZoneRépétéeRestaurePositionEtSélection	1000021789	Zones répétées	1	1
ZoneRépétéeSauvePositionEtSélection	1000021788	Zones répétées	1	1
ZoneRépétéeSelect	3083024	Zones répétées	1	1
ZoneRépétéeSelectMoins	3083026	Zones répétées	1	1
ZoneRépétéeSelectOccurrence	3083027	Zones répétées	1	1
ZoneRépétéeSelectPlus	3083025	Zones répétées	1	1
ZoneRépétéeSupprime	3083008	Zones répétées	1	1
ZoneRépétéeSupprimeSelect	1000023336	Zones répétées	1	1
ZoneRépétéeSupprimeTout	3083012	Zones répétées	1	1
ZoneRépétéeTri	3083011	Zones répétées	1	0
ZoneRépétéeTrie	3083009	Zones répétées	1	1
ZoneRépétéeVersExcel	3083030	Zones répétées	1	1
ZoneRépétéeVersWord	3083031	Zones répétées	1	1
ZoneRépétéeVersXML	3083032	Zones répétées	1	1
