nom	id	theme
<Agenda>.Affiche	1000022880	gestion des champs Agenda (syntaxe préfixée)
<Agenda>.AffichePériodePrécédente	1000022878	gestion des champs Agenda (syntaxe préfixée)
<Agenda>.AffichePériodeSuivante	1000022896	gestion des champs Agenda (syntaxe préfixée)
<Agenda>.AjouteRendezVous	1000022894	gestion des champs Agenda (syntaxe préfixée)
<Agenda>.ChangeMode	1000022879	gestion des champs Agenda (syntaxe préfixée)
<Agenda>.CouleurFond	1000022895	gestion des champs Agenda (syntaxe préfixée)
<Agenda>.DateVisible	1000022915	gestion des champs Agenda (syntaxe préfixée)
<Agenda>.HeureAffichée	1000022892	gestion des champs Agenda (syntaxe préfixée)
<Agenda>.HeureOuvrable	1000022916	gestion des champs Agenda (syntaxe préfixée)
<Agenda>.InfoXY	1000022889	gestion des champs Agenda (syntaxe préfixée)
<Agenda>.ListeRendezVous	1000022886	gestion des champs Agenda (syntaxe préfixée)
<Agenda>.Mode	1000022885	gestion des champs Agenda (syntaxe préfixée)
<Agenda>.PlageSélectionnée	1000022883	gestion des champs Agenda (syntaxe préfixée)
<Agenda>.Position	1000022897	gestion des champs Agenda (syntaxe préfixée)
<Agenda>.SelectMoins	1000022882	gestion des champs Agenda (syntaxe préfixée)
<Agenda>.SelectPlus	1000022881	gestion des champs Agenda (syntaxe préfixée)
<Agenda>.SupprimeRendezVous	1000022877	gestion des champs Agenda (syntaxe préfixée)
<Agenda>.SupprimeTout	1000022898	gestion des champs Agenda (syntaxe préfixée)
<Agenda>.VersiCalendar	1000022899	gestion des champs Agenda (syntaxe préfixée)
<Arbre>.Affiche	1000023421	gestion des champs Arbre (syntaxe préfixée)
<Arbre>.Ajoute	1000023422	gestion des champs Arbre (syntaxe préfixée)
<Arbre>.Cherche	1000023423	gestion des champs Arbre (syntaxe préfixée)
<Arbre>.CopieElément	1000023424	gestion des champs Arbre (syntaxe préfixée)
<Arbre>.DéplaceElément	1000023755	gestion des champs Arbre (syntaxe préfixée)
<Arbre>.Déroule	1000023756	gestion des champs Arbre (syntaxe préfixée)
<Arbre>.DérouleTout	1000023757	gestion des champs Arbre (syntaxe préfixée)
<Arbre>.Enroule	1000023758	gestion des champs Arbre (syntaxe préfixée)
<Arbre>.EnrouleTout	1000023759	gestion des champs Arbre (syntaxe préfixée)
<Arbre>.EtatElément	1000023878	gestion des champs Arbre (syntaxe préfixée)
<Arbre>.InfoXY	1000023760	gestion des champs Arbre (syntaxe préfixée)
<Arbre>.Insère	1000023761	gestion des champs Arbre (syntaxe préfixée)
<Arbre>.ListeFils	1000023762	gestion des champs Arbre (syntaxe préfixée)
<Arbre>.Modifie	1000023763	gestion des champs Arbre (syntaxe préfixée)
<Arbre>.Position	1000023764	gestion des champs Arbre (syntaxe préfixée)
<Arbre>.RécupèreFils	1000023765	gestion des champs Arbre (syntaxe préfixée)
<Arbre>.RécupèreIdentifiant	1000023766	gestion des champs Arbre (syntaxe préfixée)
<Arbre>.Select	1000023767	gestion des champs Arbre (syntaxe préfixée)
<Arbre>.SelectMoins	1000023768	gestion des champs Arbre (syntaxe préfixée)
<Arbre>.SelectOccurrence	1000023769	gestion des champs Arbre (syntaxe préfixée)
<Arbre>.SelectPlus	1000023770	gestion des champs Arbre (syntaxe préfixée)
<Arbre>.Supprime	1000023771	gestion des champs Arbre (syntaxe préfixée)
<Arbre>.SupprimeFils	1000023772	gestion des champs Arbre (syntaxe préfixée)
<Arbre>.SupprimeTout	1000023773	gestion des champs Arbre (syntaxe préfixée)
<Arbre>.Trie	1000023774	gestion des champs Arbre (syntaxe préfixée)
<Arbre>.TypeElément	1000023775	gestion des champs Arbre (syntaxe préfixée)
<AuthToken>.Déconnecte	1410090671	gestion des protocoles OAuth et OpenID (syntaxe préfixée)
<AuthToken>.RenouvelleToken	1000026285	gestion des protocoles OAuth et OpenID (syntaxe préfixée)
<AuthToken>.Révoque	1410090672	gestion des protocoles OAuth et OpenID (syntaxe préfixée)
<Bandeau défilant>.ArrêteDéfilement	1000022628	Bandeau défilant (syntaxe préfixée)
<Bandeau défilant>.Dernier	1000022630	Bandeau défilant (syntaxe préfixée)
<Bandeau défilant>.LanceDéfilement	1000022631	Bandeau défilant (syntaxe préfixée)
<Bandeau défilant>.Précédent	1000022627	Bandeau défilant (syntaxe préfixée)
<Bandeau défilant>.Premier	1000022629	Bandeau défilant (syntaxe préfixée)
<Bandeau défilant>.Suivant	1000022626	Bandeau défilant (syntaxe préfixée)
<Barre d'outils>.Attache	3020006	gestion des champs Barre d'outils (syntaxe préfixée)
<Barre d'outils>.Détache	3020008	gestion des champs Barre d'outils (syntaxe préfixée)
<Barre d'outils>.Position	3020007	gestion des champs Barre d'outils (syntaxe préfixée)
<Bouton segmenté>.Ajoute	1410090903	Bouton segmenté (syntaxe préfixée)
<Bouton segmenté>.Insère	1410090904	Bouton segmenté (syntaxe préfixée)
<Bouton segmenté>.Supprime	1410090905	Bouton segmenté (syntaxe préfixée)
<Bouton segmenté>.SupprimeTout	1410090906	Bouton segmenté (syntaxe préfixée)
<btlePéripherique>.Initialise	1410087649	BTLE (syntaxe préfixée)
<Buffer>.AnsiVersUnicode	1000026033	gestion des chaînes de caractères (syntaxe préfixée)
<Buffer>.UTF8Valide	1410090487	gestion des chaînes de caractères (syntaxe préfixée)
<Calendrier>.Position	1000017361	Calendrier (syntaxe préfixée)
<Calendrier>.Select	1000017385	Calendrier (syntaxe préfixée)
<Calendrier>.SelectMoins	1000017363	Calendrier (syntaxe préfixée)
<Calendrier>.SelectOccurrence	1000017362	Calendrier (syntaxe préfixée)
<Calendrier>.SelectPlus	1000017343	Calendrier (syntaxe préfixée)
<Caméra>.Affiche	1000022380	Caméra/Vidéo (syntaxe préfixée)
<Caméra>.Arrête	1000022381	Caméra/Vidéo (syntaxe préfixée)
<Caméra>.ArrêteDécodage	1000022474	Caméra/Vidéo (syntaxe préfixée)
<Caméra>.Capture	1000022382	Caméra/Vidéo (syntaxe préfixée)
<Caméra>.ChangeDriver	1000022378	Caméra/Vidéo (syntaxe préfixée)
<Caméra>.Configure	1000022379	Caméra/Vidéo (syntaxe préfixée)
<Caméra>.DémarreDécodage	1000022475	Caméra/Vidéo (syntaxe préfixée)
<Caméra>.Etat	1000022476	Caméra/Vidéo (syntaxe préfixée)
<Caméra>.Photo	1410087895	
<Caméra>.VidéoArrête	1410088061	
<Caméra>.VidéoDémarre	1410088106	
<Captcha>.Affiche	1000019493	Captcha (syntaxe préfixée)
<Captcha>.Vérifie	1000019567	Captcha (syntaxe préfixée)
<Carte>.AffichePopup	1000025799	gestion du champ Carte (syntaxe préfixée)
<Carte>.AffichePosition	1000022394	gestion du champ Carte (syntaxe préfixée)
<Carte>.AfficheZone	1000025800	gestion du champ Carte (syntaxe préfixée)
<Carte>.AjouteCalque	1410091552	gestion du champ Carte (syntaxe préfixée)
<Carte>.AjouteForme	1000025801	gestion du champ Carte (syntaxe préfixée)
<Carte>.AjouteImage	1000025802	gestion du champ Carte (syntaxe préfixée)
<Carte>.AjouteItinéraire	1000022420	gestion du champ Carte (syntaxe préfixée)
<Carte>.AjouteMarqueur	1000022422	gestion du champ Carte (syntaxe préfixée)
<Carte>.ChangeStyle	1000025797	gestion du champ Carte (syntaxe préfixée)
<Carte>.DistanceItinéraire	1000022431	gestion du champ Carte (syntaxe préfixée)
<Carte>.ExécuteJS	1000022384	gestion du champ Carte (syntaxe préfixée)
<Carte>.FermePopup	1000025803	gestion du champ Carte (syntaxe préfixée)
<Carte>.FinDéplacement	1000022437	gestion du champ Carte (syntaxe préfixée)
<Carte>.IdentifiantGgl	1410091156	gestion du champ Carte (syntaxe préfixée)
<Carte>.InfoPosition	1000022447	gestion du champ Carte (syntaxe préfixée)
<Carte>.InfoXY	1000022448	gestion du champ Carte (syntaxe préfixée)
<Carte>.LimiteZone	1000025804	gestion du champ Carte (syntaxe préfixée)
<Carte>.ModifieForme	1000025805	gestion du champ Carte (syntaxe préfixée)
<Carte>.ModifieImage	1000025818	gestion du champ Carte (syntaxe préfixée)
<Carte>.ModifieMarqueur	1000022383	gestion du champ Carte (syntaxe préfixée)
<Carte>.PopupAffichée	1000025819	gestion du champ Carte (syntaxe préfixée)
<Carte>.RécupèreImage	1000022462	gestion du champ Carte (syntaxe préfixée)
<Carte>.RécupèreObjetJS	1000022385	gestion du champ Carte (syntaxe préfixée)
<Carte>.RécupèrePosition	1000022463	gestion du champ Carte (syntaxe préfixée)
<Carte>.RécupèreStyle	1000025798	gestion du champ Carte (syntaxe préfixée)
<Carte>.SuitDéplacement	1000022464	gestion du champ Carte (syntaxe préfixée)
<Carte>.SupprimeCalque	1410091626	gestion du champ Carte (syntaxe préfixée)
<Carte>.SupprimeForme	1000025820	gestion du champ Carte (syntaxe préfixée)
<Carte>.SupprimeImage	1000025829	gestion du champ Carte (syntaxe préfixée)
<Carte>.SupprimeItinéraire	1000022465	gestion du champ Carte (syntaxe préfixée)
<Carte>.SupprimeMarqueur	1000022466	gestion du champ Carte (syntaxe préfixée)
<Carte>.SupprimeTout	1000022472	gestion du champ Carte (syntaxe préfixée)
<Cellule>.AfficheDialogue	1000021652	gestion des pages (syntaxe préfixée)
<Cellule>.FermeDialogue	1000021653	gestion des pages (syntaxe préfixée)
<Chaîne ANSI>.AnsiVersOem	1000024891	gestion des chaînes de caractères (syntaxe préfixée)
<Chaîne ANSI>.AnsiVersUnicode	1000024892	gestion des chaînes de caractères (syntaxe préfixée)
<Chaîne ANSI>.BufferVersHexa	1000024894	gestion des chaînes de caractères (syntaxe préfixée)
<Chaîne ANSI>.CaractOccurrenceType	1000024895	gestion des chaînes de caractères (syntaxe préfixée)
<Chaîne ANSI>.CommencePar	1000024901	gestion des chaînes de caractères (syntaxe préfixée)
<Chaîne ANSI>.Complète	1410089823	gestion des chaînes de caractères (syntaxe préfixée)
<Chaîne ANSI>.Contient	1410089824	gestion des chaînes de caractères (syntaxe préfixée)
<Chaîne ANSI>.Découpe	1000024902	gestion des chaînes de caractères (syntaxe préfixée)
<Chaîne ANSI>.Droite	1410089825	gestion des chaînes de caractères (syntaxe préfixée)
<Chaîne ANSI>.ExtraitChaîne	1000024876	gestion des chaînes de caractères (syntaxe préfixée)
<Chaîne ANSI>.FinitPar	1000024903	gestion des chaînes de caractères (syntaxe préfixée)
<Chaîne ANSI>.Formate	1000024877	gestion des chaînes de caractères (syntaxe préfixée)
<Chaîne ANSI>.Incrémente	1000024905	gestion des chaînes de caractères (syntaxe préfixée)
<Chaîne ANSI>.Insère	1000024906	gestion des chaînes de caractères (syntaxe préfixée)
<Chaîne ANSI>.Inverse	1000024908	gestion des chaînes de caractères (syntaxe préfixée)
<Chaîne ANSI>.RegexCherche	1410090616	gestion des chaînes de caractères (syntaxe préfixée)
<Chaîne ANSI>.RegexRemplace	1410090617	gestion des chaînes de caractères (syntaxe préfixée)
<Chaîne ANSI>.RegexVérifie	1410090618	gestion des chaînes de caractères (syntaxe préfixée)
<Chaîne ANSI>.Remplace	1000024890	gestion des chaînes de caractères (syntaxe préfixée)
<Chaîne ANSI>.SupprimeDoublon	1410087983	gestion des chaînes de caractères (syntaxe préfixée)
<Chaîne ANSI>.VersNumérique	1410087984	gestion des chaînes de caractères (syntaxe préfixée)
<Chaîne OEM>.OemVersAnsi	1410090334	gestion des chaînes de caractères (syntaxe préfixée)
<Chaîne Unicode>.RegexCherche	1410090619	gestion des chaînes de caractères (syntaxe préfixée)
<Chaîne Unicode>.RegexRemplace	1410090620	gestion des chaînes de caractères (syntaxe préfixée)
<Chaîne Unicode>.RegexVérifie	1410090621	gestion des chaînes de caractères (syntaxe préfixée)
<Champ>.Rectangle	1410090622	
<Champ d'affichage HTML>.DepuisEmail	1410087278	gestion des champs d'affichage HTML (syntaxe préfixée)
<Champ d'affichage HTML>.ExécuteJS	1000024372	
<Champ d'affichage HTML>.ExécuteProcédureNavigateur	1000026265	gestion des champs d'affichage HTML (syntaxe préfixée)
<Champ d'affichage HTML>.ExécuteTraitementChamp	1000026266	gestion des champs d'affichage HTML (syntaxe préfixée)
<Champ d'affichage HTML>.ValeurChamp	1000026268	gestion des champs d'affichage HTML (syntaxe préfixée)
<Champ d'affichage HTML>.ValideFormulaire	1000026311	gestion des champs d'affichage HTML (syntaxe préfixée)
<Champ d'afichage HTML>.SurErreurJS	1000026267	gestion des champs d'affichage HTML (syntaxe préfixée)
<Chat IA>.AjoutLigne	1410086779	Chat IA (syntaxe préfixée)
<Chat IA>.ChargeConversation	1410086776	Chat IA (syntaxe préfixée)
<Chat IA>.Demande	1410091554	Chat IA (syntaxe préfixée)
<Chat IA>.RegénèreDemande	1410086775	Chat IA (syntaxe préfixée)
<Chat IA>.SauveConversation	1410086774	Chat IA (syntaxe préfixée)
<Chat IA>.StopDemande	1410086773	
<Chemin de navigation>.AjouteLien	3083034	gestion des chemins de navigation (syntaxe préfixée)
<Chemin de navigation>.InsèreLien	3083035	gestion des chemins de navigation (syntaxe préfixée)
<Chemin de navigation>.ModifieLien	3083036	gestion des chemins de navigation (syntaxe préfixée)
<Chemin de navigation>.SupprimeLien	3083037	gestion des chemins de navigation (syntaxe préfixée)
<Chemin de navigation>.SupprimeTout	3083038	gestion des chemins de navigation (syntaxe préfixée)
<Chrono>.Début	1000023788	gestion des Dates et des Heures (syntaxe préfixée)
<Chrono>.Fin	1000023789	gestion des Dates et des Heures (syntaxe préfixée)
<Chrono>.Pause	1000023790	gestion des Dates et des Heures (syntaxe préfixée)
<Chrono>.RAZ	1000023791	gestion des Dates et des Heures (syntaxe préfixée)
<Chrono>.Reprend	1000023792	gestion des Dates et des Heures (syntaxe préfixée)
<CodeWLangageMiseEnForme>.MetEnForme	1410090329	
<Colonne Table hiérarchique>.ChercheFils	1000021901	gestion des champs Table hiérarchique (syntaxe préfixée)
<Combo>.Ferme	3026004	manipulation des champs Combo (syntaxe préfixée)
<Combo>.Ouvre	3026005	manipulation des champs Combo (syntaxe préfixée)
<Composant>.Charge	1410089475	
<Composant>.Exécute	1410089476	
<Connexion HFSQL>.ListeHistoriqueReindexation	1410091225	gestion de HFSQL Client/Serveur (syntaxe préfixée)
<Connexion HFSQL>.RéindexeAsynchrone	1410091221	gestion de HFSQL Client/Serveur (syntaxe préfixée)
<Connexion HFSQL>.StatCalculeAsynchrone	1410091224	gestion de HFSQL Client/Serveur (syntaxe préfixée)
<Connexion HFSQL>.VérifieIndexAsynchrone	1410091223	gestion de HFSQL Client/Serveur (syntaxe préfixée)
<Connexion HFSQL>.VérifieMémoAsynchrone	1410091222	gestion de HFSQL Client/Serveur (syntaxe préfixée)
<Description de TâcheParallèle>.Exécute	1000021669	gestion des tâches parallèles (syntaxe préfixée)
<Destination>.CopieEnreg	1000024206	gestion HFSQL (syntaxe préfixée)
<Diagramme de Gantt>.AjouteCongé	1000021118	Gantt (syntaxe préfixée)
<Diagramme de Gantt>.AjouteLien	1000021120	Gantt (syntaxe préfixée)
<Diagramme de Gantt>.AjouteTâche	1000021121	Gantt (syntaxe préfixée)
<Diagramme de Gantt>.ChangeMode	1000021122	Gantt (syntaxe préfixée)
<Diagramme de Gantt>.HeureAffichée	1000021123	Gantt (syntaxe préfixée)
<Diagramme de Gantt>.HeureOuvrable	1000021124	Gantt (syntaxe préfixée)
<Diagramme de Gantt>.JourSemaineOuvré	1000021125	Gantt (syntaxe préfixée)
<Diagramme de Gantt>.ListeLien	1000021128	Gantt (syntaxe préfixée)
<Diagramme de Gantt>.ListeTâche	1000021129	Gantt (syntaxe préfixée)
<Diagramme de Gantt>.OrganiseTâche	1000021130	Gantt (syntaxe préfixée)
<Diagramme de Gantt>.PositionDateHeure	1000021131	Gantt (syntaxe préfixée)
<Diagramme de Gantt>.RécupèreTâche	1000021137	Gantt (syntaxe préfixée)
<Diagramme de Gantt>.SupprimeLien	1000021138	Gantt (syntaxe préfixée)
<Diagramme de Gantt>.SupprimeTâche	1000021139	Gantt (syntaxe préfixée)
<Diagramme de Gantt>.SupprimeTout	1000021140	Gantt (syntaxe préfixée)
<Document>.RechercheElémentParNom	1410088861	gestion du champ Traitement de texte (syntaxe préfixée)
<Editeur de code>.Charge	1410090411	gestion du champ Editeur de code (syntaxe préfixée)
<Editeur de code>.Commente	1410090412	gestion du champ Editeur de code (syntaxe préfixée)
<Editeur de code>.Compile	1410090413	gestion du champ Editeur de code (syntaxe préfixée)
<Editeur de code>.Décommente	1410090414	gestion du champ Editeur de code (syntaxe préfixée)
<Editeur de code>.DupliqueLigne	1410090415	gestion du champ Editeur de code (syntaxe préfixée)
<Editeur de code>.Exécute	1410090416	gestion du champ Editeur de code (syntaxe préfixée)
<Editeur de code>.Insère	1410090417	gestion du champ Editeur de code (syntaxe préfixée)
<Editeur de code>.Recherche	1410090418	gestion du champ Editeur de code (syntaxe préfixée)
<Editeur de code>.RécupèreErreur	1410090419	gestion du champ Editeur de code (syntaxe préfixée)
<Editeur de code>.Remplace	1410090420	gestion du champ Editeur de code (syntaxe préfixée)
<Editeur de code>.Sauve	1410090421	gestion du champ Editeur de code (syntaxe préfixée)
<Editeur de code>.SupprimeTout	1410090422	gestion du champ Editeur de code (syntaxe préfixée)
<Éditeur de diagrammes>.DébutModification	1410088875	gestion des diagrammes (syntaxe préfixée)
<Éditeur de diagrammes>.FinModification	1410088876	gestion des diagrammes (syntaxe préfixée)
<Éditeur de diagrammes>.InfoXY	1410088737	gestion des diagrammes (syntaxe préfixée)
<Éditeur de diagrammes>.Sauve	1410088687	gestion des diagrammes (syntaxe préfixée)
<Éditeur de diagrammes>.SelectMoins	1410088688	gestion des diagrammes (syntaxe préfixée)
<Éditeur de diagrammes>.SelectPlus	1410088689	gestion des diagrammes (syntaxe préfixée)
<Editeur HTML>.DepuisEmail	1000026296	gestion du champ Editeur HTML (syntaxe préfixée)
<Editeur HTML>.ExécuteJS	1000026297	gestion du champ Editeur HTML (syntaxe préfixée)
<Editeur HTML>.FormateSelection	1000026298	gestion du champ Editeur HTML (syntaxe préfixée)
<Editeur HTML>.Insère	1000026299	gestion du champ Editeur HTML (syntaxe préfixée)
<Editeur HTML>.InsèreTableau	1000026300	gestion du champ Editeur HTML (syntaxe préfixée)
<Editeur HTML>.Recherche	1000026301	gestion du champ Editeur HTML (syntaxe préfixée)
<Editeur HTML>.Récupère	1000026302	gestion du champ Editeur HTML (syntaxe préfixée)
<Editeur HTML>.RécupèreDocument	1000026304	gestion du champ Editeur HTML (syntaxe préfixée)
<Editeur HTML>.RécupèreSélection	1000026305	gestion du champ Editeur HTML (syntaxe préfixée)
<Editeur HTML>.Remplace	1000026306	gestion du champ Editeur HTML (syntaxe préfixée)
<Editeur HTML>.Sélectionne	1000026307	gestion du champ Editeur HTML (syntaxe préfixée)
<Editeur HTML>.VersEmail	1000026308	gestion du champ Editeur HTML (syntaxe préfixée)
<Editeur HTML>.VersPDF	1000026309	gestion du champ Editeur HTML (syntaxe préfixée)
<Éditeur d'images>.Crée	1000023430	gestion du champ Editeur d'images et des variables WDPic (syntaxe préfixée)
<Éditeur d'images>.Ferme	1000023431	gestion du champ Editeur d'images et des variables WDPic (syntaxe préfixée)
<Éditeur d'images>.Ouvre	1000023432	gestion du champ Editeur d'images et des variables WDPic (syntaxe préfixée)
<Éditeur d'images>.Sauve	1000023433	gestion du champ Editeur d'images et des variables WDPic (syntaxe préfixée)
<Elément>.DemandeMiseAJourUI	1410088728	gestion des fenêtres (syntaxe préfixée)
<Elément>.ExécuteMiseAJourUI	1410088729	gestion des fenêtres (syntaxe préfixée)
<EmailSessionIMAP>.RécupèreTout	1000022308	gestion des emails (syntaxe préfixée)
<Etat>.Imprime	1000024554	impression (syntaxe préfixée)
<Etat>.InitEtatVerso	1410090633	impression (syntaxe préfixée)
<Etat>.InitRequête	1000025143	impression (syntaxe préfixée)
<Etat>.InitRequêteConnexion	1000025144	impression (syntaxe préfixée)
<Etat>.InitSousEtat	1000025145	impression (syntaxe préfixée)
<Fenêtre>.ActiveGFI	1410088766	gestion des fenêtres (syntaxe préfixée)
<Fenêtre>.AgencementEnCours	1410088841	gestion des fenêtres (syntaxe préfixée)
<Fenêtre>.ChangeAgencement	1410088842	gestion des fenêtres (syntaxe préfixée)
<Fenêtre>.DepuisFichier	1000021387	liaison (syntaxe préfixée)
<Fenêtre>.DepuisSource	1000021388	liaison (syntaxe préfixée)
<Fenêtre>.EdActive	1000022294	manipulation de l'UI par l'utilisateur final (syntaxe préfixée)
<Fenêtre>.EdCharge	1000022292	manipulation de l'UI par l'utilisateur final (syntaxe préfixée)
<Fenêtre>.EdCréeNote	1000022301	manipulation de l'UI par l'utilisateur final (syntaxe préfixée)
<Fenêtre>.EdDésélectionneTout	1000022317	manipulation de l'UI par l'utilisateur final (syntaxe préfixée)
<Fenêtre>.EdDo	1000022327	manipulation de l'UI par l'utilisateur final (syntaxe préfixée)
<Fenêtre>.EdRedo	1000022328	manipulation de l'UI par l'utilisateur final (syntaxe préfixée)
<Fenêtre>.EdRestaure	1000022329	manipulation de l'UI par l'utilisateur final (syntaxe préfixée)
<Fenêtre>.EdSauve	1000022330	manipulation de l'UI par l'utilisateur final (syntaxe préfixée)
<Fenêtre>.EdSelect	1000022331	manipulation de l'UI par l'utilisateur final (syntaxe préfixée)
<Fenêtre>.EdSelectMoins	1000022332	manipulation de l'UI par l'utilisateur final (syntaxe préfixée)
<Fenêtre>.EdSelectOccurrence	1000022333	manipulation de l'UI par l'utilisateur final (syntaxe préfixée)
<Fenêtre>.EdSelectPlus	1000022334	manipulation de l'UI par l'utilisateur final (syntaxe préfixée)
<Fenêtre>.EdUndo	1000022335	manipulation de l'UI par l'utilisateur final (syntaxe préfixée)
<Fenêtre>.ExtHaut	1410088867	gestion des fenêtres (syntaxe préfixée)
<Fenêtre>.ExtLarg	1410090624	gestion des fenêtres (syntaxe préfixée)
<Fenêtre>.ExtPosX	1410090628	gestion des fenêtres (syntaxe préfixée)
<Fenêtre>.ExtPosY	1410090625	gestion des fenêtres (syntaxe préfixée)
<Fenêtre>.Iconise	1000023884	gestion des fenêtres (syntaxe préfixée)
<Fenêtre>.ImageFenêtre	1000023885	gestion des fenêtres (syntaxe préfixée)
<Fenêtre>.IntHaut	1410090629	gestion des fenêtres (syntaxe préfixée)
<Fenêtre>.IntLarg	1410090626	gestion des fenêtres (syntaxe préfixée)
<Fenêtre>.IntPosX	1410088866	gestion des fenêtres (syntaxe préfixée)
<Fenêtre>.IntPosY	1410090627	gestion des fenêtres (syntaxe préfixée)
<Fenêtre>.Maximise	1000023886	gestion des fenêtres (syntaxe préfixée)
<Fenêtre>.MDIOuvre	3052007	MDI (syntaxe préfixée)
<Fenêtre>.Ouvre	1000023903	gestion des fenêtres (syntaxe préfixée)
<Fenêtre>.OuvreAsynchrone	1410087862	gestion des fenêtres (syntaxe préfixée)
<Fenêtre>.OuvreFenêtreMobile	1000023887	gestion des fenêtres (syntaxe préfixée)
<Fenêtre>.OuvreFille	1000023904	gestion des fenêtres (syntaxe préfixée)
<Fenêtre>.OuvrePopupAsynchrone	1410087873	gestion des fenêtres (syntaxe préfixée)
<Fenêtre>.OuvrePopupPosition	1410087874	gestion des fenêtres (syntaxe préfixée)
<Fenêtre>.OuvreSoeur	1410086669	gestion des fenêtres (syntaxe préfixée)
<Fenêtre>.PaletteRécupère	1410091003	Palette (syntaxe préfixée)
<Fenêtre>.Repeint	1000023634	gestion des fenêtres (syntaxe préfixée)
<Fenêtre>.Restaure	1000023888	gestion des fenêtres (syntaxe préfixée)
<Fenêtre>.VersFichier	1000021385	liaison (syntaxe préfixée)
<Fenêtre>.VersSource	1000021386	liaison (syntaxe préfixée)
<Fenetre interne>.ChangeFenêtreSource	1000020950	
<Graphe>.AjouteDonnée	1000023533	gestion des graphes (syntaxe préfixée)
<Graphe>.AjouteDonnéeTemporelle	1000024162	gestion des graphes (syntaxe préfixée)
<Graphe>.AngleDépart	1410088091	gestion des graphes (syntaxe préfixée)
<Graphe>.AxePosition	1000023563	gestion des graphes (syntaxe préfixée)
<Graphe>.AxeVisible	1000023564	gestion des graphes (syntaxe préfixée)
<Graphe>.BourseAjouteDonnée	1000023565	gestion des graphes (syntaxe préfixée)
<Graphe>.BourseRécupèreDonnée	1000023566	gestion des graphes (syntaxe préfixée)
<Graphe>.Bulle	1000024163	gestion des graphes (syntaxe préfixée)
<Graphe>.ChargeParamètre	1000023568	gestion des graphes (syntaxe préfixée)
<Graphe>.ComparatifPositionSérie	1000024961	gestion des graphes (syntaxe préfixée)
<Graphe>.Couleur	1000024164	gestion des graphes (syntaxe préfixée)
<Graphe>.CouleurBarre	1000023569	gestion des graphes (syntaxe préfixée)
<Graphe>.CouleurCatégorie	1000023570	gestion des graphes (syntaxe préfixée)
<Graphe>.CouleurPoint	1000023571	gestion des graphes (syntaxe préfixée)
<Graphe>.CouleurSérie	1000023599	gestion des graphes (syntaxe préfixée)
<Graphe>.CPAjouteDonnée	1410088092	gestion des graphes (syntaxe préfixée)
<Graphe>.CPSensDeRotation	1410088093	gestion des graphes (syntaxe préfixée)
<Graphe>.CPValeurMaximale	1410088094	gestion des graphes (syntaxe préfixée)
<Graphe>.Dégradé	1000024061	gestion des graphes (syntaxe préfixée)
<Graphe>.Dessine	1000024062	gestion des graphes (syntaxe préfixée)
<Graphe>.DonutPourcentageTrou	1000024069	gestion des graphes (syntaxe préfixée)
<Graphe>.EpaisseurTrait	1000024071	gestion des graphes (syntaxe préfixée)
<Graphe>.EtiquetteCatégorie	1000024072	gestion des graphes (syntaxe préfixée)
<Graphe>.EtiquetteSérie	1000024073	gestion des graphes (syntaxe préfixée)
<Graphe>.Existe	1000024074	gestion des graphes (syntaxe préfixée)
<Graphe>.Graduation	1000024076	gestion des graphes (syntaxe préfixée)
<Graphe>.HistoAgrégation	1000024077	gestion des graphes (syntaxe préfixée)
<Graphe>.HistoEspacement	1000024078	gestion des graphes (syntaxe préfixée)
<Graphe>.HistoTypeBarre	1410090316	gestion des graphes (syntaxe préfixée)
<Graphe>.HMAjouteDonnée	1000024079	gestion des graphes (syntaxe préfixée)
<Graphe>.HMCouleur	1000024080	gestion des graphes (syntaxe préfixée)
<Graphe>.HMLibelléX	1000024081	gestion des graphes (syntaxe préfixée)
<Graphe>.HMLibelléY	1000024082	gestion des graphes (syntaxe préfixée)
<Graphe>.HMRécupèreDonnée	1000024083	gestion des graphes (syntaxe préfixée)
<Graphe>.HMSupprimeCouleur	1000024084	gestion des graphes (syntaxe préfixée)
<Graphe>.Imprime	1000024085	gestion des graphes (syntaxe préfixée)
<Graphe>.IncrémenteDonnée	1000024086	gestion des graphes (syntaxe préfixée)
<Graphe>.InfoPoint	1000024087	gestion des graphes (syntaxe préfixée)
<Graphe>.InfoXY	1000024088	gestion des graphes (syntaxe préfixée)
<Graphe>.Légende	1000024089	gestion des graphes (syntaxe préfixée)
<Graphe>.Libellé	1000024165	gestion des graphes (syntaxe préfixée)
<Graphe>.Lissage	1000024090	gestion des graphes (syntaxe préfixée)
<Graphe>.MAJAutomatiqueEtiquetteCatégorie	1000024091	gestion des graphes (syntaxe préfixée)
<Graphe>.MAJAutomatiqueSérie	1000024092	gestion des graphes (syntaxe préfixée)
<Graphe>.Masque	1000024093	gestion des graphes (syntaxe préfixée)
<Graphe>.Menu	1000024094	gestion des menus (syntaxe préfixée)
<Graphe>.NiveauTemporelMasque	1000024095	gestion des graphes (syntaxe préfixée)
<Graphe>.NiveauTemporelMax	1000024096	gestion des graphes (syntaxe préfixée)
<Graphe>.Nuage3DAjouteDonnée	1000024097	gestion des graphes (syntaxe préfixée)
<Graphe>.Nuage3DCouleurAltitude	1000024098	gestion des graphes (syntaxe préfixée)
<Graphe>.Nuage3DLibelléGraduation	1000024099	gestion des graphes (syntaxe préfixée)
<Graphe>.Nuage3DProjection	1000024100	gestion des graphes (syntaxe préfixée)
<Graphe>.Nuage3DQuadrillage	1000024101	gestion des graphes (syntaxe préfixée)
<Graphe>.Nuage3DReliePoint	1000024102	gestion des graphes (syntaxe préfixée)
<Graphe>.Nuage3DSupprimeCouleurAltitude	1000024103	gestion des graphes (syntaxe préfixée)
<Graphe>.Nuage3DSupprimeLibelléGraduation	1000024104	gestion des graphes (syntaxe préfixée)
<Graphe>.NuageAjouteDonnéeXY	1000024105	gestion des graphes (syntaxe préfixée)
<Graphe>.NuageCouleurSérie	1000024106	gestion des graphes (syntaxe préfixée)
<Graphe>.NuageEtiquetteSérie	1000024107	gestion des graphes (syntaxe préfixée)
<Graphe>.NuageRécupèreDonnéeXY	1000024108	gestion des graphes (syntaxe préfixée)
<Graphe>.NuageReliePoint	1000024109	gestion des graphes (syntaxe préfixée)
<Graphe>.NuageTaillePoint	1000024110	gestion des graphes (syntaxe préfixée)
<Graphe>.OpacitéSérie	1000024111	gestion des graphes (syntaxe préfixée)
<Graphe>.OptionMenu	1000024112	gestion des graphes (syntaxe préfixée)
<Graphe>.Orientation	1000024113	gestion des graphes (syntaxe préfixée)
<Graphe>.Origine	1000024114	gestion des graphes (syntaxe préfixée)
<Graphe>.Paramètre3DS	1000024116	gestion des graphes (syntaxe préfixée)
<Graphe>.Paramètre	1000024115	gestion des graphes (syntaxe préfixée)
<Graphe>.PIImage	1410090894	gestion des graphes (syntaxe préfixée)
<Graphe>.PIValeurMaximale	1410090895	gestion des graphes (syntaxe préfixée)
<Graphe>.PoliceEtiquette	1000024117	gestion des graphes (syntaxe préfixée)
<Graphe>.PoliceLégende	1000024118	gestion des graphes (syntaxe préfixée)
<Graphe>.PoliceTitre	1000024119	gestion des graphes (syntaxe préfixée)
<Graphe>.PoliceTitreAxe	1000024120	gestion des graphes (syntaxe préfixée)
<Graphe>.PourcentageTrou	1410088090	gestion des graphes (syntaxe préfixée)
<Graphe>.Quadrillage	1000024121	gestion des graphes (syntaxe préfixée)
<Graphe>.RécupèreDonnée	1000024122	gestion des graphes (syntaxe préfixée)
<Graphe>.Relief	1000024123	gestion des graphes (syntaxe préfixée)
<Graphe>.Rotation	1000024124	gestion des graphes (syntaxe préfixée)
<Graphe>.SauveBMP	1000024125	gestion des graphes (syntaxe préfixée)
<Graphe>.SauveEMF	1000024126	gestion des graphes (syntaxe préfixée)
<Graphe>.SauveParamètre	1000024127	gestion des graphes (syntaxe préfixée)
<Graphe>.SauveWMF	1000024128	gestion des graphes (syntaxe préfixée)
<Graphe>.SecteurAngleDépart	1000024129	gestion des graphes (syntaxe préfixée)
<Graphe>.SecteurPartExcentrée	1000024130	gestion des graphes (syntaxe préfixée)
<Graphe>.SérieAxeSecondaire	1000024131	gestion des graphes (syntaxe préfixée)
<Graphe>.SMNAjouteDonnée	1000024132	gestion des graphes (syntaxe préfixée)
<Graphe>.SMNAngleDépart	1000024133	gestion des graphes (syntaxe préfixée)
<Graphe>.SMNCouleurPortion	1000024134	gestion des graphes (syntaxe préfixée)
<Graphe>.SMNPartExcentrée	1000024135	gestion des graphes (syntaxe préfixée)
<Graphe>.SMNPortionRacine	1000024136	gestion des graphes (syntaxe préfixée)
<Graphe>.SMNRécupèreDonnée	1000024137	gestion des graphes (syntaxe préfixée)
<Graphe>.SourceEtiquetteCatégorie	1000024138	gestion des graphes (syntaxe préfixée)
<Graphe>.SourceSérie	1000024139	gestion des graphes (syntaxe préfixée)
<Graphe>.SuperposeGraphe	1000024140	gestion des graphes (syntaxe préfixée)
<Graphe>.SupprimeSérie	1000024141	gestion des graphes (syntaxe préfixée)
<Graphe>.SupprimeTout	1000024170	gestion des graphes (syntaxe préfixée)
<Graphe>.SurfaceAjouteDonnée	1000024143	gestion des graphes (syntaxe préfixée)
<Graphe>.SurfaceCouleurAltitude	1000024144	gestion des graphes (syntaxe préfixée)
<Graphe>.SurfaceLibelléGraduation	1000024145	gestion des graphes (syntaxe préfixée)
<Graphe>.SurfaceMaillage	1000024146	gestion des graphes (syntaxe préfixée)
<Graphe>.SurfaceQuadrillage	1000024147	gestion des graphes (syntaxe préfixée)
<Graphe>.SurfaceRécupèreDonnée	1000024148	gestion des graphes (syntaxe préfixée)
<Graphe>.SurfaceSupprimeCouleurAltitude	1000024149	gestion des graphes (syntaxe préfixée)
<Graphe>.SurfaceSupprimeLibelléGraduation	1000024150	gestion des graphes (syntaxe préfixée)
<Graphe>.TaillePoint	1000024152	gestion des graphes (syntaxe préfixée)
<Graphe>.TempsRéelIntervalle	1000024167	gestion des graphes (syntaxe préfixée)
<Graphe>.Titre	1000024166	gestion des graphes (syntaxe préfixée)
<Graphe>.TitreAxe	1000024153	gestion des graphes (syntaxe préfixée)
<Graphe>.Type	1000024168	gestion des graphes (syntaxe préfixée)
<Graphe>.TypePoint	1000024154	gestion des graphes (syntaxe préfixée)
<Graphe>.TypePointSérie	1000024155	gestion des graphes (syntaxe préfixée)
<Graphe>.TypeSérie	1000024156	gestion des graphes (syntaxe préfixée)
<Graphe>.TypeTraitSérie	1000024157	gestion des graphes (syntaxe préfixée)
<Graphe>.VignetteCatégorie	1410090892	gestion des graphes (syntaxe préfixée)
<Graphe>.WaffleTaille	1410090314	gestion des graphes (syntaxe préfixée)
<Graphe>.WaffleTypeCellule	1410090315	gestion des graphes (syntaxe préfixée)
<Graphe>.WaterfallCouleur	1000024158	gestion des graphes (syntaxe préfixée)
<Graphe>.WaterfallTypeCatégorie	1000024159	gestion des graphes (syntaxe préfixée)
<Graphe>.Zoom	1000024169	gestion des graphes (syntaxe préfixée)
<Grille>.AjouteColonne	1410087389	manipulation des champs Grille (syntaxe préfixée)
<Grille>.AjouteLigne	1410087432	manipulation des champs Grille (syntaxe préfixée)
<Grille>.InsèreColonne	1410087437	manipulation des champs Grille (syntaxe préfixée)
<Grille>.InsèreLigne	1410087440	manipulation des champs Grille (syntaxe préfixée)
<Grille>.SupprimeColonne	1410087433	manipulation des champs Grille (syntaxe préfixée)
<Grille>.SupprimeLigne	1410087435	manipulation des champs Grille (syntaxe préfixée)
<Html>.Navigue	1000023633	gestion des champs d'affichage HTML (syntaxe préfixée)
<Image>.AnimationChangeParamètre	3017006	
<Image>.AnimationChangeType	3017007	
<Image>.AnimationLitParamètre	3017008	
<Image>.ArrêteDéfilement	1000023746	gestion des images (syntaxe préfixée)
<Image>.CalqueVisible	1000023747	gestion des images (syntaxe préfixée)
<Image>.ChangeMode	1000023997	dessin et de traitement des images (syntaxe préfixée)
<Image>.CoordonnéeDepuisImage	1410088125	
<Image>.CoordonnéeVersImage	1410088124	
<Image>.Copie	1000024324	dessin et de traitement des images (syntaxe préfixée)
<Image>.CouleurDominanteImage	1000024325	dessin et de traitement des images (syntaxe préfixée)
<Image>.DébutDessin	1000024326	dessin et de traitement des images (syntaxe préfixée)
<Image>.Dernier	1000023748	gestion des images (syntaxe préfixée)
<Image>.DessineArc	1000023982	dessin et de traitement des images (syntaxe préfixée)
<Image>.DessineCadre	1000023987	dessin et de traitement des images (syntaxe préfixée)
<Image>.DessineCercle	1000023988	dessin et de traitement des images (syntaxe préfixée)
<Image>.DessineCorde	1000023998	dessin et de traitement des images (syntaxe préfixée)
<Image>.DessineLigne	1000024000	dessin et de traitement des images (syntaxe préfixée)
<Image>.DessinePoint	1000024006	dessin et de traitement des images (syntaxe préfixée)
<Image>.DessinePolygone	1000024008	dessin et de traitement des images (syntaxe préfixée)
<Image>.DessinePolyligne	1000024010	dessin et de traitement des images (syntaxe préfixée)
<Image>.DessinePortion	1000024011	dessin et de traitement des images (syntaxe préfixée)
<Image>.DessineRectangle	1000024012	dessin et de traitement des images (syntaxe préfixée)
<Image>.DessineRectangleArrondi	1000024013	dessin et de traitement des images (syntaxe préfixée)
<Image>.DessineRectangleDégradé	1000024014	dessin et de traitement des images (syntaxe préfixée)
<Image>.DessineTexte	1000024017	dessin et de traitement des images (syntaxe préfixée)
<Image>.DessineTexteMarkdown	1410089253	dessin et de traitement des images (syntaxe préfixée)
<Image>.DessineTexteRTF	1000024018	dessin et de traitement des images (syntaxe préfixée)
<Image>.Différence	1410091283	dessin et de traitement des images (syntaxe préfixée)
<Image>.Efface	1410090483	dessin et de traitement des images (syntaxe préfixée)
<Image>.FinDessin	1000024327	dessin et de traitement des images (syntaxe préfixée)
<Image>.Flou	1410089006	dessin et de traitement des images (syntaxe préfixée)
<Image>.Fond	1000023999	dessin et de traitement des images (syntaxe préfixée)
<Image>.Fusionne	1000024328	dessin et de traitement des images (syntaxe préfixée)
<Image>.InverseCouleur	1000024329	dessin et de traitement des images (syntaxe préfixée)
<Image>.LanceDéfilement	1000023749	gestion des images (syntaxe préfixée)
<Image>.ModifieContraste	1410089003	dessin et de traitement des images (syntaxe préfixée)
<Image>.ModifieLuminosité	1000024330	dessin et de traitement des images (syntaxe préfixée)
<Image>.ModifieSaturation	1000024332	dessin et de traitement des images (syntaxe préfixée)
<Image>.ModifieTeinte	1000024333	dessin et de traitement des images (syntaxe préfixée)
<Image>.ModifieTSL	1000024334	dessin et de traitement des images (syntaxe préfixée)
<Image>.Occurrence	1000023750	gestion des images (syntaxe préfixée)
<Image>.PixelCouleur	1000024335	dessin et de traitement des images (syntaxe préfixée)
<Image>.PixelOpacité	1000024336	dessin et de traitement des images (syntaxe préfixée)
<Image>.Police	1000024007	dessin et de traitement des images (syntaxe préfixée)
<Image>.PositionDéfilement	1000023751	gestion des images (syntaxe préfixée)
<Image>.Précédent	1000023752	gestion des images (syntaxe préfixée)
<Image>.Premier	1000023753	gestion des images (syntaxe préfixée)
<Image>.Redimensionne	1000024337	dessin et de traitement des images (syntaxe préfixée)
<Image>.Redresse	1410089495	dessin et de traitement des images (syntaxe préfixée)
<Image>.Remplissage	1000024015	dessin et de traitement des images (syntaxe préfixée)
<Image>.Rotation	1000024338	dessin et de traitement des images (syntaxe préfixée)
<Image>.SauveBMP	1000024341	dessin et de traitement des images (syntaxe préfixée)
<Image>.SauveGIF	1000024342	dessin et de traitement des images (syntaxe préfixée)
<Image>.SauveJPEG	1000024344	dessin et de traitement des images (syntaxe préfixée)
<Image>.SauvePNG	1000024345	dessin et de traitement des images (syntaxe préfixée)
<Image>.Stylo	1000024016	dessin et de traitement des images (syntaxe préfixée)
<Image>.Suivant	1000023754	gestion des images (syntaxe préfixée)
<Image>.SymétrieHorizontale	1000024339	dessin et de traitement des images (syntaxe préfixée)
<Image>.SymétrieVerticale	1000024340	dessin et de traitement des images (syntaxe préfixée)
<Image>.TexteHauteur	1410091517	dessin et de traitement des images (syntaxe préfixée)
<Image>.TexteLargeur	1410086771	dessin et de traitement des images (syntaxe préfixée)
<Interrupteur>.Ajoute	1000021291	gestion des champs Interrupteur (syntaxe préfixée)
<Interrupteur>.Insère	1000021307	gestion des champs Interrupteur (syntaxe préfixée)
<Interrupteur>.Occurrence	1000021308	gestion des champs Interrupteur (syntaxe préfixée)
<Interrupteur>.Supprime	1000021309	gestion des champs Interrupteur (syntaxe préfixée)
<Kanban>.Affiche	1410089620	gestion des champs Kanban (syntaxe préfixée)
<Kanban>.AjouteCarte	1410089560	gestion des champs Kanban (syntaxe préfixée)
<Kanban>.AjouteListe	1410089621	gestion des champs Kanban (syntaxe préfixée)
<Kanban>.DéplaceCarte	1410089622	gestion des champs Kanban (syntaxe préfixée)
<Kanban>.DéplaceListe	1410089623	gestion des champs Kanban (syntaxe préfixée)
<Kanban>.Enregistre	1410089624	gestion des champs Kanban (syntaxe préfixée)
<Kanban>.Filtre	1410089625	gestion des champs Kanban (syntaxe préfixée)
<Kanban>.IndiceListe	1410089629	gestion des champs Kanban (syntaxe préfixée)
<Kanban>.InsèreCarte	1410089561	gestion des champs Kanban (syntaxe préfixée)
<Kanban>.InsèreListe	1410089626	gestion des champs Kanban (syntaxe préfixée)
<Kanban>.Occurrence	1410089627	gestion des champs Kanban (syntaxe préfixée)
<Kanban>.SupprimeCarte	1410089630	gestion des champs Kanban (syntaxe préfixée)
<Kanban>.SupprimeListe	1410089628	gestion des champs Kanban (syntaxe préfixée)
<Kanban>.SupprimeToutCarte	1410089631	gestion des champs Kanban (syntaxe préfixée)
<Lecteur PDF>.AfficheSignet	1410089536	gestion du champ Lecteur PDF (syntaxe préfixée)
<Lecteur PDF>.AjouteFiligrane	1410087870	
<Lecteur PDF>.Ferme	1000023695	gestion du champ Lecteur PDF (syntaxe préfixée)
<Lecteur PDF>.InfoXY	1000025359	gestion du champ Lecteur PDF (syntaxe préfixée)
<Lecteur PDF>.NbSignature	1410088155	
<Lecteur PDF>.Ouvre	1000023776	gestion du champ Lecteur PDF (syntaxe préfixée)
<Lecteur PDF>.RecherchePrécédent	1000023777	gestion du champ Lecteur PDF (syntaxe préfixée)
<Lecteur PDF>.RecherchePremier	1000023778	gestion du champ Lecteur PDF (syntaxe préfixée)
<Lecteur PDF>.RechercheSuivant	1000023779	gestion du champ Lecteur PDF (syntaxe préfixée)
<Lecteur PDF>.RécupèreDateSignature	1410088156	
<Lecteur PDF>.RécupèreSignature	1410088158	
<Lecteur PDF>.Sauve	1000024900	gestion du champ Lecteur PDF (syntaxe préfixée)
<Lecteur PDF>.Surligne	1000023545	gestion du champ Lecteur PDF (syntaxe préfixée)
<Lecteur PDF>.TournePage	1000024412	gestion du champ Lecteur PDF (syntaxe préfixée)
<Libellé>.AnimationChangeParamètre	3017009	
<Libellé>.AnimationChangeType	3017010	
<Libellé>.AnimationLitParamètre	3017011	
<Liste>.Affiche	1000017318	gestion des champs Liste, Liste image et Combo (syntaxe préfixée)
<Liste>.Ajoute	1000017319	gestion des champs Liste, Liste image et Combo (syntaxe préfixée)
<Liste>.Cherche	1000017320	gestion des champs Liste, Liste image et Combo (syntaxe préfixée)
<Liste>.DéplaceLigne	1000017322	gestion des champs Liste, Liste image et Combo (syntaxe préfixée)
<Liste>.InfoXY	1000017323	gestion des champs Liste, Liste image et Combo (syntaxe préfixée)
<Liste>.Insère	1000017326	gestion des champs Liste, Liste image et Combo (syntaxe préfixée)
<Liste>.Modifie	1000017327	gestion des champs Liste, Liste image et Combo (syntaxe préfixée)
<Liste>.Occurrence	1000017334	gestion des champs Liste, Liste image et Combo (syntaxe préfixée)
<Liste>.Position	1000017335	gestion des champs Liste, Liste image et Combo (syntaxe préfixée)
<Liste>.Select	1000017336	gestion des champs Liste, Liste image et Combo (syntaxe préfixée)
<Liste>.SelectMoins	1000017393	gestion des champs Liste, Liste image et Combo (syntaxe préfixée)
<Liste>.SelectOccurrence	1000017394	gestion des champs Liste, Liste image et Combo (syntaxe préfixée)
<Liste>.SelectPlus	1000017414	gestion des champs Liste, Liste image et Combo (syntaxe préfixée)
<Liste>.Supprime	1000017415	gestion des champs Liste, Liste image et Combo (syntaxe préfixée)
<Liste>.SupprimeTout	1000017416	gestion des champs Liste, Liste image et Combo (syntaxe préfixée)
<Liste>.Trie	1000017417	gestion des champs Liste, Liste image et Combo (syntaxe préfixée)
<Liste image>.ProcédureChargeImage	1410090913	gestion des champs Liste, Liste image et Combo (syntaxe préfixée)
<Liste de Kanban>.AjouteCarte	1410089484	gestion des champs Kanban (syntaxe préfixée)
<Liste de Kanban>.IndiceListe	1410089485	gestion des champs Kanban (syntaxe préfixée)
<Liste de Kanban>.InsèreCarte	1410089486	gestion des champs Kanban (syntaxe préfixée)
<Liste de Kanban>.PositionListe	1410089487	gestion des champs Kanban (syntaxe préfixée)
<Liste de Kanban>.SupprimeCarte	1410089488	gestion des champs Kanban (syntaxe préfixée)
<Liste de Kanban>.SupprimeToutCarte	1410089489	gestion des champs Kanban (syntaxe préfixée)
<Menu>.Ajoute	1000020591	gestion des menus (syntaxe préfixée)
<Menu>.AjouteMenu	1000020592	gestion des menus (syntaxe préfixée)
<Menu>.AjouteMenuNavigateur	1410091027	gestion des menus (syntaxe préfixée)
<Menu>.AjouteOption	1000020593	gestion des menus (syntaxe préfixée)
<Menu>.AjouteOptionNavigateur	1410091028	gestion des menus (syntaxe préfixée)
<Menu>.AjouteOptionURL	1000020594	gestion des menus (syntaxe préfixée)
<Menu>.AjoutePopup	1000020602	gestion des menus (syntaxe préfixée)
<Menu>.AjouteSéparateur	1000020603	gestion des menus (syntaxe préfixée)
<Menu>.Clone	1000020604	gestion des menus (syntaxe préfixée)
<Menu>.Existe	1000020605	gestion des menus (syntaxe préfixée)
<Menu>.InsèreMenu	1000020606	gestion des menus (syntaxe préfixée)
<Menu>.InsèreOption	1000020609	gestion des menus (syntaxe préfixée)
<Menu>.InsèreSéparateur	1000020610	gestion des menus (syntaxe préfixée)
<Menu>.Supprime	1000020614	gestion des menus (syntaxe préfixée)
<modbusSession>.Déconnecte	1000025954	Modbus (syntaxe préfixée)
<modbusSession>.EcritBit	1000025967	Modbus (syntaxe préfixée)
<modbusSession>.EcritFlottant	1000026035	Modbus (syntaxe préfixée)
<modbusSession>.EcritRegistre	1000026036	Modbus (syntaxe préfixée)
<modbusSession>.EnvoieTrameBrute	1410090468	Modbus (syntaxe préfixée)
<modbusSession>.LitBit	1000026065	Modbus (syntaxe préfixée)
<modbusSession>.LitFlottant	1000026079	Modbus (syntaxe préfixée)
<modbusSession>.LitRegistre	1000026080	Modbus (syntaxe préfixée)
<Multimédia>.Arrêt	1000019987	multimédia (syntaxe préfixée)
<Multimédia>.Début	1000019988	multimédia (syntaxe préfixée)
<Multimédia>.Durée	1000019989	multimédia (syntaxe préfixée)
<Multimédia>.Etat	1000019990	multimédia (syntaxe préfixée)
<Multimédia>.Fin	1000019991	multimédia (syntaxe préfixée)
<Multimédia>.Hauteur	1000019999	multimédia (syntaxe préfixée)
<Multimédia>.Joue	1000020089	multimédia (syntaxe préfixée)
<Multimédia>.Largeur	1000020093	multimédia (syntaxe préfixée)
<Multimédia>.Pause	1000020094	multimédia (syntaxe préfixée)
<Multimédia>.Position	1000020095	multimédia (syntaxe préfixée)
<Multimédia>.Volume	1000020096	multimédia (syntaxe préfixée)
<Onglet>.ChargeConfiguration	1000021699	gestion des champs Onglet (syntaxe préfixée)
<Onglet>.Etat	1000021700	gestion des champs Onglet (syntaxe préfixée)
<Onglet>.Ferme	1000021702	gestion des champs Onglet (syntaxe préfixée)
<Onglet>.FermeTout	1000021703	gestion des champs Onglet (syntaxe préfixée)
<Onglet>.Ouvre	1000021704	gestion des champs Onglet (syntaxe préfixée)
<Onglet>.SauveConfiguration	1000021708	gestion des champs Onglet (syntaxe préfixée)
<Organigramme>.Affiche	1000019974	gestion des champs Organigramme (syntaxe préfixée)
<Organigramme>.Ajoute	1000019975	gestion des champs Organigramme (syntaxe préfixée)
<Organigramme>.AjouteFils	1000019976	gestion des champs Organigramme (syntaxe préfixée)
<Organigramme>.CopieImage	1000023708	
<Organigramme>.InfoXY	1000019977	gestion des champs Organigramme (syntaxe préfixée)
<Organigramme>.Modifie	1000019978	gestion des champs Organigramme (syntaxe préfixée)
<Organigramme>.Occurrence	1000019979	gestion des champs Organigramme (syntaxe préfixée)
<Organigramme>.SauveImage	1000019980	gestion des champs Organigramme (syntaxe préfixée)
<Organigramme>.Select	1000019981	gestion des champs Organigramme (syntaxe préfixée)
<Organigramme>.SelectMoins	1000019982	gestion des champs Organigramme (syntaxe préfixée)
<Organigramme>.SelectPlus	1000019983	gestion des champs Organigramme (syntaxe préfixée)
<Organigramme>.Supprime	1000019984	gestion des champs Organigramme (syntaxe préfixée)
<Organigramme>.SupprimeTout	1000019985	gestion des champs Organigramme (syntaxe préfixée)
<Page>.Actualise	1000021659	gestion des pages (syntaxe préfixée)
<Page>.Adresse	1000021660	gestion des pages (syntaxe préfixée)
<Page>.Affiche	1000021661	gestion des pages (syntaxe préfixée)
<Page>.AfficheDialogue	1000021663	gestion des pages (syntaxe préfixée)
<Page>.AffichePopup	1410087260	gestion des pages (syntaxe préfixée)
<Page>.DepuisFichier	1000021389	liaison (syntaxe préfixée)
<Page>.DepuisSource	1000021393	liaison (syntaxe préfixée)
<Page>.Existe	1000021658	gestion des pages (syntaxe préfixée)
<Page>.FermePopup	1410087261	gestion des pages (syntaxe préfixée)
<Page>.Utilise	1000021664	gestion des pages (syntaxe préfixée)
<Page>.VersFichier	1000021390	liaison (syntaxe préfixée)
<Page>.VersSource	1000021392	liaison (syntaxe préfixée)
<Panneau>.Détache	1000024407	
<Panneau>.Position	1000024408	
<Panneau dockable>.Active	1000024406	
<Panneau dockable>.Attache	1000024404	
<Planning>.Affiche	1000022900	gestion des champs Planning (syntaxe préfixée)
<Planning>.AffichePériodePrécédente	1000022901	gestion des champs Planning (syntaxe préfixée)
<Planning>.AffichePériodeSuivante	1000022902	gestion des champs Planning (syntaxe préfixée)
<Planning>.AjouteRendezVous	1000022904	gestion des champs Planning (syntaxe préfixée)
<Planning>.AjouteRessource	1000022905	gestion des champs Planning (syntaxe préfixée)
<Planning>.ChangeMode	1000022906	gestion des champs Planning (syntaxe préfixée)
<Planning>.CouleurFond	1000022922	gestion des champs Planning (syntaxe préfixée)
<Planning>.DateVisible	1000022918	gestion des champs Planning (syntaxe préfixée)
<Planning>.HeureAffichée	1000022907	gestion des champs Planning (syntaxe préfixée)
<Planning>.InfoXY	1000022908	gestion des champs Planning (syntaxe préfixée)
<Planning>.ListeRendezVous	1000022909	gestion des champs Planning (syntaxe préfixée)
<Planning>.PositionDateHeure	1000022920	gestion des champs Planning (syntaxe préfixée)
<Planning>.PositionRessource	1000022921	gestion des champs Planning (syntaxe préfixée)
<Planning>.SelectMoins	1000022910	gestion des champs Planning (syntaxe préfixée)
<Planning>.SelectPlus	1000022911	gestion des champs Planning (syntaxe préfixée)
<Planning>.SupprimeRendezVous	1000022912	gestion des champs Planning (syntaxe préfixée)
<Planning>.SupprimeRessource	1000022913	gestion des champs Planning (syntaxe préfixée)
<Planning>.SupprimeTout	1000022914	gestion des champs Planning (syntaxe préfixée)
<Popup>.Affiche	1000021654	gestion des pages (syntaxe préfixée)
<Popup>.Anime	1000021655	gestion des pages (syntaxe préfixée)
<Popup>.Ferme	1000021656	gestion des pages (syntaxe préfixée)
<redisConnexion>.Abonne	1410088279	gestion d'une base Big Data Redis (syntaxe préfixée)
<redisConnexion>.Affecte	1410088245	gestion d'une base Big Data Redis (syntaxe préfixée)
<redisConnexion>.Connecte	1410088280	gestion d'une base Big Data Redis (syntaxe préfixée)
<redisConnexion>.Désabonne	1410088281	gestion d'une base Big Data Redis (syntaxe préfixée)
<redisConnexion>.ExécuteCommande	1410088282	gestion d'une base Big Data Redis (syntaxe préfixée)
<redisConnexion>.PipelineAjoute	1410088283	gestion d'une base Big Data Redis (syntaxe préfixée)
<redisConnexion>.PipelineRAZ	1410088284	gestion d'une base Big Data Redis (syntaxe préfixée)
<redisConnexion>.PipelineRécupère	1410088285	gestion d'une base Big Data Redis (syntaxe préfixée)
<redisConnexion>.Publie	1410088286	gestion d'une base Big Data Redis (syntaxe préfixée)
<redisConnexion>.Récupère	1410088278	gestion d'une base Big Data Redis (syntaxe préfixée)
<Ruban>.FinModeDéplié	1000020784	
<Saisie>.AjouteJeton	1000024043	gestion des jetons (syntaxe préfixée)
<Saisie>.AjouteSaisieAssistée	1000023671	gestion de la saisie assistée (syntaxe préfixée)
<Saisie>.CalendrierOuvre	1000017423	Calendrier (syntaxe préfixée)
<Saisie>.FermeSaisieAssistée	1000023946	gestion de la saisie assistée (syntaxe préfixée)
<Saisie>.InsèreJeton	1000024044	gestion des jetons (syntaxe préfixée)
<Saisie>.OccurrenceJeton	1000024045	gestion des jetons (syntaxe préfixée)
<Saisie>.OuvreSaisieAssistée	1000024063	gestion de la saisie assistée (syntaxe préfixée)
<Saisie>.ParamètreSaisieAssistée	1000024064	gestion de la saisie assistée (syntaxe préfixée)
<Saisie>.SupprimeJeton	1000024046	gestion des jetons (syntaxe préfixée)
<Saisie>.SupprimeToutJeton	1000024047	gestion des jetons (syntaxe préfixée)
<Saisie>.SupprimeToutSaisieAssistée	1000024065	gestion de la saisie assistée (syntaxe préfixée)
<Sélecteur>.Ajoute	1000021186	gestion des champs Sélecteur (syntaxe préfixée)
<Sélecteur>.Insère	1000021187	gestion des champs Sélecteur (syntaxe préfixée)
<Sélecteur>.Occurrence	1000021188	gestion des champs Sélecteur (syntaxe préfixée)
<Sélecteur>.Supprime	1000021189	gestion des champs Sélecteur (syntaxe préfixée)
<Source>.ActiveFiltre	1000023969	gestion HFSQL (syntaxe préfixée)
<Source>.ActiveFiltreAuto	1000024171	gestion HFSQL (syntaxe préfixée)
<Source>.Ajoute	1000024187	gestion HFSQL (syntaxe préfixée)
<Source>.Alias	1000024191	gestion HFSQL (syntaxe préfixée)
<Source>.AnnuleDéclaration	1000024192	gestion HFSQL (syntaxe préfixée)
<Source>.AnnuleRecherche	1000024193	gestion HFSQL (syntaxe préfixée)
<Source>.AttacheMémo	1000024194	gestion HFSQL (syntaxe préfixée)
<Source>.Avance	1000024195	gestion HFSQL (syntaxe préfixée)
<Source>.BloqueFichier	1000024196	gestion HFSQL (syntaxe préfixée)
<Source>.BloqueNumEnr	1000024197	gestion HFSQL (syntaxe préfixée)
<Source>.ChangeClé	1000024198	gestion HFSQL (syntaxe préfixée)
<Source>.ChangeConnexion	1000024199	gestion HFSQL (syntaxe préfixée)
<Source>.ChangeLocalisation	1000024200	gestion HFSQL (syntaxe préfixée)
<Source>.ChangeMotDePasse	1000024591	gestion de HFSQL Client/Serveur (syntaxe préfixée)
<Source>.ChangeNom	1000024201	gestion HFSQL (syntaxe préfixée)
<Source>.ChangeRep	1000024202	gestion HFSQL (syntaxe préfixée)
<Source>.ChangeRepJnl	1000024203	gestion HFSQL (syntaxe préfixée)
<Source>.CompareRubrique	1000024204	gestion HFSQL (syntaxe préfixée)
<Source>.ConstruitValClé	1000024205	gestion HFSQL (syntaxe préfixée)
<Source>.Création	1000024207	gestion HFSQL (syntaxe préfixée)
<Source>.CréationSiInexistant	1000024208	gestion HFSQL (syntaxe préfixée)
<Source>.CréeVue	1000024209	gestion HFSQL (syntaxe préfixée)
<Source>.DateEnreg	1000024210	gestion HFSQL (syntaxe préfixée)
<Source>.DébloqueFichier	1000024211	gestion HFSQL (syntaxe préfixée)
<Source>.DébloqueNumEnr	1000024212	gestion HFSQL (syntaxe préfixée)
<Source>.Déclare	1000024213	gestion HFSQL (syntaxe préfixée)
<Source>.DéclareExterne	1000024214	gestion HFSQL (syntaxe préfixée)
<Source>.DécritFichier	1000024215	gestion HFSQL (syntaxe préfixée)
<Source>.DécritTrigger	1000024216	gestion HFSQL (syntaxe préfixée)
<Source>.DepuisFenêtre	1000021403	liaison (syntaxe préfixée)
<Source>.DepuisPage	1000021405	liaison (syntaxe préfixée)
<Source>.Dernier	1000024217	gestion HFSQL (syntaxe préfixée)
<Source>.DésactiveFiltre	1000024218	gestion HFSQL (syntaxe préfixée)
<Source>.DésactiveFiltreAuto	1000024219	gestion HFSQL (syntaxe préfixée)
<Source>.DétruitTrigger	1000024220	gestion HFSQL (syntaxe préfixée)
<Source>.DétruitVue	1000024221	gestion HFSQL (syntaxe préfixée)
<Source>.DupliqueEnregistrement	1000024222	gestion HFSQL (syntaxe préfixée)
<Source>.Ecrit	1000024331	gestion HFSQL (syntaxe préfixée)
<Source>.EnDehors	1000024605	gestion HFSQL (syntaxe préfixée)
<Source>.Enregistre	1000024606	gestion HFSQL (syntaxe préfixée)
<Source>.EnregistrementVersChaîne	1000026034	gestion HFSQL (syntaxe préfixée)
<Source>.EnregistrementVersJSON	1000024607	gestion HFSQL (syntaxe préfixée)
<Source>.EnregistrementVersXML	1000024610	XML (syntaxe préfixée)
<Source>.ErreurEtatModification	1000024941	gestion HFSQL (syntaxe préfixée)
<Source>.ErreurModification	1000024942	gestion HFSQL (syntaxe préfixée)
<Source>.Etat	1000024943	gestion HFSQL (syntaxe préfixée)
<Source>.ExécuteRequête	1000024944	gestion HFSQL (syntaxe préfixée)
<Source>.ExécuteRequêteAsynchrone	1000026111	gestion HFSQL (syntaxe préfixée)
<Source>.ExécuteRequêteSQL	1000024948	gestion HFSQL (syntaxe préfixée)
<Source>.ExécuteRequêteSQLAsynchrone	1000026112	gestion HFSQL (syntaxe préfixée)
<Source>.ExécuteVue	1000024949	gestion HFSQL (syntaxe préfixée)
<Source>.ExporteChaîneJSON	1410088491	gestion HFSQL (syntaxe préfixée)
<Source>.ExporteCSV	1000024952	gestion HFSQL (syntaxe préfixée)
<Source>.ExporteJSON	1000024954	gestion HFSQL (syntaxe préfixée)
<Source>.ExporteXLS	1000024955	gestion HFSQL (syntaxe préfixée)
<Source>.ExporteXML	1000024956	XML (syntaxe préfixée)
<Source>.ExtraitMémo	1000024957	gestion HFSQL (syntaxe préfixée)
<Source>.Ferme	1000024958	gestion HFSQL (syntaxe préfixée)
<Source>.FichierExiste	1000024959	gestion HFSQL (syntaxe préfixée)
<Source>.Filtre	1000024960	gestion HFSQL (syntaxe préfixée)
<Source>.FiltreCommencePar	1000024976	gestion HFSQL (syntaxe préfixée)
<Source>.FiltreComprisEntre	1000024977	gestion HFSQL (syntaxe préfixée)
<Source>.FiltreContient	1000024978	gestion HFSQL (syntaxe préfixée)
<Source>.FiltreIdentique	1000024979	gestion HFSQL (syntaxe préfixée)
<Source>.FinInterditModif	1000024980	gestion HFSQL (syntaxe préfixée)
<Source>.ForceEcriture	1000024981	gestion HFSQL (syntaxe préfixée)
<Source>.FTListeMot	1000024982	gestion HFSQL (syntaxe préfixée)
<Source>.FusionneVue	1000024983	gestion HFSQL (syntaxe préfixée)
<Source>.GèreDoublon	1000024985	gestion HFSQL (syntaxe préfixée)
<Source>.GèreJournal	1000024986	gestion HFSQL (syntaxe préfixée)
<Source>.GèreMémo	1000024987	gestion HFSQL (syntaxe préfixée)
<Source>.GèreTransaction	1000024988	gestion HFSQL (syntaxe préfixée)
<Source>.HistoriqueModification	1000024989	gestion HFSQL (syntaxe préfixée)
<Source>.ImporteCSV	1410090623	gestion HFSQL (syntaxe préfixée)
<Source>.ImporteHF55	1000024990	gestion HFSQL (syntaxe préfixée)
<Source>.ImporteJSON	1000024991	gestion HFSQL (syntaxe préfixée)
<Source>.ImporteTexte	1000024992	gestion HFSQL (syntaxe préfixée)
<Source>.ImporteXLS	1000024993	gestion HFSQL (syntaxe préfixée)
<Source>.ImporteXML	1000024994	XML (syntaxe préfixée)
<Source>.InfoBlocage	1000024995	gestion de HFSQL Client/Serveur (syntaxe préfixée)
<Source>.InfoFichier	1000024996	gestion HFSQL (syntaxe préfixée)
<Source>.InfoMémo	1000024997	gestion HFSQL (syntaxe préfixée)
<Source>.InitAbonné	1000024998	gestion HFSQL (syntaxe préfixée)
<Source>.InterditModif	1000024999	gestion HFSQL (syntaxe préfixée)
<Source>.JournalInfo	1000025000	gestion HFSQL (syntaxe préfixée)
<Source>.JournalRecrée	1000025006	gestion HFSQL (syntaxe préfixée)
<Source>.JournalRedémarre	1000025007	gestion HFSQL (syntaxe préfixée)
<Source>.JournalStop	1000025008	gestion HFSQL (syntaxe préfixée)
<Source>.JSONVersEnregistrement	1000025009	gestion HFSQL (syntaxe préfixée)
<Source>.LibèreRequête	1000025011	gestion HFSQL (syntaxe préfixée)
<Source>.ListeClé	1000025012	gestion HFSQL (syntaxe préfixée)
<Source>.ListeClésSpatiales	1410090489	gestion HFSQL (syntaxe préfixée)
<Source>.ListeIndexFullText	1000025013	gestion HFSQL (syntaxe préfixée)
<Source>.ListeLiaison	1000025014	gestion HFSQL (syntaxe préfixée)
<Source>.ListeMotVide	1000025015	gestion HFSQL (syntaxe préfixée)
<Source>.ListeParamRequête	1000025016	gestion HFSQL (syntaxe préfixée)
<Source>.ListeRubrique	1000025017	gestion HFSQL (syntaxe préfixée)
<Source>.ListeSynonyme	1000025018	gestion HFSQL (syntaxe préfixée)
<Source>.Lit	1000025019	gestion HFSQL (syntaxe préfixée)
<Source>.LitDernier	1000025020	gestion HFSQL (syntaxe préfixée)
<Source>.LitPrécédent	1000025021	gestion HFSQL (syntaxe préfixée)
<Source>.LitPremier	1000025022	gestion HFSQL (syntaxe préfixée)
<Source>.LitRecherche	1000025023	gestion HFSQL (syntaxe préfixée)
<Source>.LitRechercheDernier	1000025024	gestion HFSQL (syntaxe préfixée)
<Source>.LitRecherchePremier	1000025034	gestion HFSQL (syntaxe préfixée)
<Source>.LitSuivant	1000025035	gestion HFSQL (syntaxe préfixée)
<Source>.MigreCléComposéeReliée	1000025036	gestion HFSQL (syntaxe préfixée)
<Source>.MiseAJourLiaison	1000025025	gestion de HFSQL Client/Serveur (syntaxe préfixée)
<Source>.Mode	1000025037	gestion HFSQL (syntaxe préfixée)
<Source>.Modifie	1000025038	gestion HFSQL (syntaxe préfixée)
<Source>.ModifieStructure	1000025039	gestion HFSQL (syntaxe préfixée)
<Source>.MotDePasse	1000025044	gestion HFSQL (syntaxe préfixée)
<Source>.NbEnr	1000025040	gestion HFSQL (syntaxe préfixée)
<Source>.NumEnr	1000025041	gestion HFSQL (syntaxe préfixée)
<Source>.Optimise	1000025042	gestion HFSQL (syntaxe préfixée)
<Source>.Ouvre	1000025043	gestion HFSQL (syntaxe préfixée)
<Source>.PositionCourante	1000025045	gestion HFSQL (syntaxe préfixée)
<Source>.Positionne	1000025046	gestion HFSQL (syntaxe préfixée)
<Source>.Précédent	1000025047	gestion HFSQL (syntaxe préfixée)
<Source>.Premier	1000025048	gestion HFSQL (syntaxe préfixée)
<Source>.PrépareRequête	1000025049	gestion HFSQL (syntaxe préfixée)
<Source>.PrépareRequêteSQL	1000025050	gestion HFSQL (syntaxe préfixée)
<Source>.Raye	1000025051	gestion HFSQL (syntaxe préfixée)
<Source>.RAZ	1000025052	gestion HFSQL (syntaxe préfixée)
<Source>.Recherche	1000025053	gestion HFSQL (syntaxe préfixée)
<Source>.RechercheDernier	1000025054	gestion HFSQL (syntaxe préfixée)
<Source>.RecherchePremier	1000025055	gestion HFSQL (syntaxe préfixée)
<Source>.Recule	1000025056	gestion HFSQL (syntaxe préfixée)
<Source>.RécupèreEnregistrement	1000025057	gestion HFSQL (syntaxe préfixée)
<Source>.RécupèreRubrique	1000025058	gestion HFSQL (syntaxe préfixée)
<Source>.RéindexationEnCours	1000025059	gestion HFSQL (syntaxe préfixée)
<Source>.Réindexe	1000025060	gestion HFSQL (syntaxe préfixée)
<Source>.RequêteExécutée	1410090480	gestion HFSQL (syntaxe préfixée)
<Source>.RetourPosition	1000025061	gestion HFSQL (syntaxe préfixée)
<Source>.SauvePosition	1000025062	gestion HFSQL (syntaxe préfixée)
<Source>.Sécurité	1000025063	gestion HFSQL (syntaxe préfixée)
<Source>.SourceDeDonnéesConnue	1410090481	gestion HFSQL (syntaxe préfixée)
<Source>.StatCalcule	1000025064	gestion HFSQL (syntaxe préfixée)
<Source>.StatDate	1000025065	gestion HFSQL (syntaxe préfixée)
<Source>.StatHeure	1000025066	gestion HFSQL (syntaxe préfixée)
<Source>.StatNbDoublon	1000025067	gestion HFSQL (syntaxe préfixée)
<Source>.StatNbEnr	1000025068	gestion HFSQL (syntaxe préfixée)
<Source>.StatNbEnrIntervalle	1000025069	gestion HFSQL (syntaxe préfixée)
<Source>.Suivant	1000025070	gestion HFSQL (syntaxe préfixée)
<Source>.Supprime	1000025071	gestion HFSQL (syntaxe préfixée)
<Source>.SupprimeTout	1000025072	gestion HFSQL (syntaxe préfixée)
<Source>.SupprimeToutRayé	1000025010	gestion HFSQL (syntaxe préfixée)
<Source>.SurErreur	1000025073	gestion HFSQL (syntaxe préfixée)
<Source>.Surveille	1000025029	gestion de HFSQL Client/Serveur (syntaxe préfixée)
<Source>.SurveilleStop	1000025030	gestion de HFSQL Client/Serveur (syntaxe préfixée)
<Source>.TransactionLibère	1000025074	gestion HFSQL (syntaxe préfixée)
<Source>.TrieVue	1000025075	gestion HFSQL (syntaxe préfixée)
<Source>.Trouve	1000025076	gestion HFSQL (syntaxe préfixée)
<Source>.VérifieInaltéré	1000025077	gestion HFSQL (syntaxe préfixée)
<Source>.VérifieIndex	1000025078	gestion HFSQL (syntaxe préfixée)
<Source>.VérifieMémo	1000025079	gestion HFSQL (syntaxe préfixée)
<Source>.VérifieStructure	1000025080	gestion HFSQL (syntaxe préfixée)
<Source>.VersFenêtre	1000021397	liaison (syntaxe préfixée)
<Source>.VersFichier	1000025081	gestion HFSQL (syntaxe préfixée)
<Source>.Version	1000025082	gestion HFSQL (syntaxe préfixée)
<Source>.VersPage	1000021401	liaison (syntaxe préfixée)
<Source>.VersRubrique	1000025083	gestion HFSQL (syntaxe préfixée)
<Source>.VueVersFichier	1000025084	gestion HFSQL (syntaxe préfixée)
<Table>.Affiche	1000023505	gestion des champs Table (syntaxe préfixée)
<Table>.Ajoute	1000023600	gestion des champs Table (syntaxe préfixée)
<Table>.AjouteColonne	1000023607	gestion des champs Table (syntaxe préfixée)
<Table>.AjouteDébut	1410090638	gestion des champs Table (syntaxe préfixée)
<Table>.AjouteLigne	1000023404	gestion des champs Table (syntaxe préfixée)
<Table>.AjouteLigneAvecAnimation	1000023678	gestion des champs Table (syntaxe préfixée)
<Table>.AjoutEnCours	1000023838	gestion des champs Table (syntaxe préfixée)
<Table>.AjouteSurEntête	1000023839	gestion des champs Table (syntaxe préfixée)
<Table>.Ajuste	1000023840	gestion des champs Table (syntaxe préfixée)
<Table>.CelluleSelect	1000023841	gestion des champs Table (syntaxe préfixée)
<Table>.CelluleSelectOccurrence	1000023842	gestion des champs Table (syntaxe préfixée)
<Table>.CherchePartout	1410088374	gestion des champs Table (syntaxe préfixée)
<Table>.ColonnesFiltrées	1000024053	gestion des champs Table (syntaxe préfixée)
<Table>.ColonnesTriées	1000024054	gestion des champs Table (syntaxe préfixée)
<Table>.DébutRemplissage	1000024055	gestion des champs Table (syntaxe préfixée)
<Table>.DéplaceColonne	1000024244	gestion des champs Table (syntaxe préfixée)
<Table>.DéplaceLigne	1000024245	gestion des champs Table (syntaxe préfixée)
<Table>.DepuisJSON	1410090403	
<Table>.Déroule	1000021929	gestion des champs Table hiérarchique (syntaxe préfixée)
<Table>.DérouleTout	1000021834	gestion des champs Table hiérarchique (syntaxe préfixée)
<Table>.DésactiveFiltre	1000024246	gestion des champs Table (syntaxe préfixée)
<Table>.DonneFocus	1000024247	gestion des champs Table (syntaxe préfixée)
<Table>.EchangeLigne	1000024248	gestion des champs Table (syntaxe préfixée)
<Table>.Enregistre	1000024249	gestion des champs Table (syntaxe préfixée)
<Table>.Enroule	1000021931	gestion des champs Table hiérarchique (syntaxe préfixée)
<Table>.EnrouleDéroule	1000024802	gestion des champs Table (syntaxe préfixée)
<Table>.EnrouleTout	1000021847	gestion des champs Table hiérarchique (syntaxe préfixée)
<Table>.EnumèreColonne	1000024250	gestion des champs Table (syntaxe préfixée)
<Table>.EnumèreRupture	1000024251	gestion des champs Table (syntaxe préfixée)
<Table>.Fin	1000024294	gestion des champs Table (syntaxe préfixée)
<Table>.FinRemplissage	1000024252	gestion des champs Table (syntaxe préfixée)
<Table>.FixeColonne	1000024253	gestion des champs Table (syntaxe préfixée)
<Table>.FormuleAjoute	1000024254	gestion des champs Table (syntaxe préfixée)
<Table>.FormuleSupprimeTout	1000024255	gestion des champs Table (syntaxe préfixée)
<Table>.Imprime	1000024256	gestion des champs Table (syntaxe préfixée)
<Table>.IndiceColonne	1000024257	gestion des champs Table (syntaxe préfixée)
<Table>.IndiceRupture	1000024258	gestion des champs Table (syntaxe objet)
<Table>.InfoXY	1000024259	gestion des champs Table (syntaxe préfixée)
<Table>.Insère	1000024260	gestion des champs Table (syntaxe préfixée)
<Table>.InsèreColonne	1000024261	gestion des champs Table (syntaxe préfixée)
<Table>.InsèreLigne	1000023407	gestion des champs Table (syntaxe préfixée)
<Table>.InsèreLigneAvecAnimation	1000024272	gestion des champs Table (syntaxe préfixée)
<Table>.Modifie	1000024273	gestion des champs Table (syntaxe préfixée)
<Table>.ModifieColonne	1000024274	gestion des champs Table (syntaxe préfixée)
<Table>.ModifieLigne	1000024275	gestion des champs Table (syntaxe préfixée)
<Table>.NumEnr	1000024276	gestion des champs Table (syntaxe préfixée)
<Table>.Occurrence	1000024277	gestion des champs Table (syntaxe préfixée)
<Table>.Position	1000024278	gestion des champs Table (syntaxe préfixée)
<Table>.RafraîchissementVisible	1000024279	gestion des champs Table (syntaxe préfixée)
<Table>.RestaurePositionEtSélection	1000024280	gestion des champs Table (syntaxe préfixée)
<Table>.SaisieEnCours	1000024281	gestion des champs Table (syntaxe préfixée)
<Table>.SaisieLoupe	1000024282	gestion des champs Table (syntaxe préfixée)
<Table>.SauvePositionEtSélection	1000024283	gestion des champs Table (syntaxe préfixée)
<Table>.Select	1000024284	gestion des champs Table (syntaxe préfixée)
<Table>.SelectMoins	1000024285	gestion des champs Table (syntaxe préfixée)
<Table>.SelectOccurrence	1000024286	gestion des champs Table (syntaxe préfixée)
<Table>.SelectPlus	1000024287	gestion des champs Table (syntaxe préfixée)
<Table>.SelectVersFichier	1000024288	gestion des champs Table (syntaxe préfixée)
<Table>.Supprime	1000024289	gestion des champs Table (syntaxe préfixée)
<Table>.SupprimeAvecAnimation	1000024290	gestion des champs Table (syntaxe préfixée)
<Table>.SupprimeSelect	1000024291	gestion des champs Table (syntaxe préfixée)
<Table>.SupprimeTout	1000024292	gestion des champs Table (syntaxe préfixée)
<Table>.Trie	1000024293	gestion des champs Table (syntaxe préfixée)
<Table>.VersExcel	1410088379	gestion des champs Table (syntaxe préfixée)
<Table>.VersJSON	1410090402	gestion des champs Table (syntaxe préfixée)
<Table>.VersPressePapier	1410088375	gestion des champs Table (syntaxe préfixée)
<Table>.VersTexte	1410088376	gestion des champs Table (syntaxe préfixée)
<Table>.VersWord	1410088377	gestion des champs Table (syntaxe préfixée)
<Table>.VersXML	1410088378	gestion des champs Table (syntaxe préfixée)
<Table hiérarchique>.AjouteFils	1000021891	gestion des champs Table hiérarchique (syntaxe préfixée)
<Table hiérarchique>.DéplaceBranche	1000021923	gestion des champs Table hiérarchique (syntaxe préfixée)
<Table hiérarchique>.EchangeBranche	1000021930	gestion des champs Table hiérarchique (syntaxe préfixée)
<Table hiérarchique>.EtatElément	1000021932	gestion des champs Table hiérarchique (syntaxe préfixée)
<Table hiérarchique>.FilsOccurrence	1000021933	gestion des champs Table hiérarchique (syntaxe préfixée)
<Table hiérarchique>.InsèreFils	1000021934	gestion des champs Table hiérarchique (syntaxe préfixée)
<Table hiérarchique>.ListeFils	1000021935	gestion des champs Table hiérarchique (syntaxe préfixée)
<Table hiérarchique>.RécupèreFils	1000021936	gestion des champs Table hiérarchique (syntaxe préfixée)
<Table hiérarchique>.RécupèreParent	1000021937	gestion des champs Table hiérarchique (syntaxe préfixée)
<Table hiérarchique>.SupprimeFils	1000021938	gestion des champs Table hiérarchique (syntaxe préfixée)
<Table hiérarchique>.TrieFils	1000021939	gestion des champs Table hiérarchique (syntaxe préfixée)
<Table hiérarchique>.TypeElément	1000021940	gestion des champs Table hiérarchique (syntaxe préfixée)
<Tableau>.Agrège	1000024951	gestion des tableaux (syntaxe préfixée)
<Tableau>.Ajoute	1000024299	gestion des tableaux (syntaxe préfixée)
<Tableau>.AjouteLigne	1000024300	gestion des tableaux (syntaxe préfixée)
<Tableau>.AjouteRéférence	1000025416	gestion des tableaux (syntaxe préfixée)
<Tableau>.AjouteTrié	1000024301	gestion des tableaux (syntaxe préfixée)
<Tableau>.Applique	1000024969	gestion des tableaux (syntaxe préfixée)
<Tableau>.Cherche	1000024302	gestion des tableaux (syntaxe préfixée)
<Tableau>.ChercheParProcédure	1000024303	gestion des tableaux (syntaxe préfixée)
<Tableau>.Copie	1000024304	gestion des tableaux (syntaxe préfixée)
<Tableau>.Déplace	1000024305	gestion des tableaux (syntaxe préfixée)
<Tableau>.DéplaceLigne	1000024306	gestion des tableaux (syntaxe préfixée)
<Tableau>.Distinct	1000025406	gestion des tableaux (syntaxe préfixée)
<Tableau>.EchangeLigne	1000024307	gestion des tableaux (syntaxe préfixée)
<Tableau>.Filtre	1000024968	gestion des tableaux (syntaxe préfixée)
<Tableau>.Info	1000024308	gestion des tableaux (syntaxe préfixée)
<Tableau>.Insère	1000024309	gestion des tableaux (syntaxe préfixée)
<Tableau>.InsèreLigne	1000024310	gestion des tableaux (syntaxe préfixée)
<Tableau>.InsèreRéférence	1000025414	gestion des tableaux (syntaxe préfixée)
<Tableau>.Intersection	1000025407	gestion des tableaux (syntaxe préfixée)
<Tableau>.Inverse	1000024311	gestion des tableaux (syntaxe préfixée)
<Tableau>.Max	1000025411	gestion des tableaux (syntaxe préfixée)
<Tableau>.Mélange	1000024312	gestion des tableaux (syntaxe préfixée)
<Tableau>.Min	1000025412	gestion des tableaux (syntaxe préfixée)
<Tableau>.Moyenne	1000025417	gestion des tableaux (syntaxe préfixée)
<Tableau>.Occurrence	1000024313	gestion des tableaux (syntaxe préfixée)
<Tableau>.Somme	1000025415	gestion des tableaux (syntaxe préfixée)
<Tableau>.Supprime	1000024314	gestion des tableaux (syntaxe préfixée)
<Tableau>.SupprimeDoublon	1000024315	gestion des tableaux (syntaxe préfixée)
<Tableau>.SupprimeLigne	1000024316	gestion des tableaux (syntaxe préfixée)
<Tableau>.SupprimeTout	1000024317	gestion des tableaux (syntaxe préfixée)
<Tableau>.TousFaux	1000024935	gestion des tableaux (syntaxe préfixée)
<Tableau>.TousVrai	1000024936	gestion des tableaux (syntaxe préfixée)
<Tableau>.Transforme	1000025418	gestion des tableaux (syntaxe préfixée)
<Tableau>.Trie	1000024318	gestion des tableaux (syntaxe préfixée)
<Tableau>.UnFaux	1000024937	gestion des tableaux (syntaxe préfixée)
<Tableau>.Union	1000025408	gestion des tableaux (syntaxe préfixée)
<Tableau>.UnionTout	1000025410	gestion des tableaux (syntaxe préfixée)
<Tableau>.UnVrai	1000024938	gestion des tableaux (syntaxe préfixée)
<Tableau de bord>.Affiche	1000022500	gestion des champs Tableau de bord (syntaxe préfixée)
<Tableau de bord>.AjouteWidget	1000022502	gestion des champs Tableau de bord (syntaxe préfixée)
<Tableau de bord>.ChangeTailleWidget	1000022504	gestion des champs Tableau de bord (syntaxe préfixée)
<Tableau de bord>.ChargeConfiguration	1000022506	gestion des champs Tableau de bord (syntaxe préfixée)
<Tableau de bord>.ConfigurationInitiale	1000022525	gestion des champs Tableau de bord (syntaxe préfixée)
<Tableau de bord>.DéplaceWidget	1000022527	gestion des champs Tableau de bord (syntaxe préfixée)
<Tableau de bord>.InfoXY	1000022529	gestion des champs Tableau de bord (syntaxe préfixée)
<Tableau de bord>.Mode	1000022532	gestion des champs Tableau de bord (syntaxe préfixée)
<Tableau de bord>.Occurrence	1000022538	gestion des champs Tableau de bord (syntaxe préfixée)
<Tableau de bord>.RécupèreWidgetPosition	1000022533	gestion des champs Tableau de bord (syntaxe préfixée)
<Tableau de bord>.SauveConfiguration	1000022534	gestion des champs Tableau de bord (syntaxe préfixée)
<Tableau de bord>.Supprime	1000022535	gestion des champs Tableau de bord (syntaxe préfixée)
<Tableau de bord>.SupprimeTout	1000022536	gestion des champs Tableau de bord (syntaxe préfixée)
<Tableau croisé dynamique>.AxeXY	1000022178	gestion des champs Tableau croisé dynamique (syntaxe préfixée)
<Tableau croisé dynamique>.AxeY	1000023710	
<Tableau croisé dynamique>.CalculeMiseAJour	1000022179	gestion des champs Tableau croisé dynamique (syntaxe préfixée)
<Tableau croisé dynamique>.CalculeMiseAJourAsynchrone	1410090404	gestion des champs Tableau croisé dynamique (syntaxe préfixée)
<Tableau croisé dynamique>.CalculeTout	1000022180	gestion des champs Tableau croisé dynamique (syntaxe préfixée)
<Tableau croisé dynamique>.CalculeToutAsynchrone	1410090405	gestion des champs Tableau croisé dynamique (syntaxe préfixée)
<Tableau croisé dynamique>.Charge	1000022181	gestion des champs Tableau croisé dynamique (syntaxe préfixée)
<Tableau croisé dynamique>.Déroule	1000022182	gestion des champs Tableau croisé dynamique (syntaxe préfixée)
<Tableau croisé dynamique>.DérouleTout	1000022183	gestion des champs Tableau croisé dynamique (syntaxe préfixée)
<Tableau croisé dynamique>.Enroule	1000022184	gestion des champs Tableau croisé dynamique (syntaxe préfixée)
<Tableau croisé dynamique>.EnrouleTout	1000022185	gestion des champs Tableau croisé dynamique (syntaxe préfixée)
<Tableau croisé dynamique>.Filtre	1000022186	gestion des champs Tableau croisé dynamique (syntaxe préfixée)
<Tableau croisé dynamique>.InfoXY	1000022187	gestion des champs Tableau croisé dynamique (syntaxe préfixée)
<Tableau croisé dynamique>.ListePositionEntête	1000022188	gestion des champs Tableau croisé dynamique (syntaxe préfixée)
<Tableau croisé dynamique>.Sauve	1000022189	gestion des champs Tableau croisé dynamique (syntaxe préfixée)
<Tableau croisé dynamique>.Select	1000022190	gestion des champs Tableau croisé dynamique (syntaxe préfixée)
<Tableau croisé dynamique>.SelectOccurrence	1000022191	gestion des champs Tableau croisé dynamique (syntaxe préfixée)
<Tableau croisé dynamique>.ValeurEntête	1000022192	gestion des champs Tableau croisé dynamique (syntaxe préfixée)
<Tableau croisé dynamique>.VersExcel	1000022193	gestion des champs Tableau croisé dynamique (syntaxe préfixée)
<Tableur>.AjouteDonnée	1000023711	Tableur (syntaxe préfixée)
<Tableur>.AjouteFeuille	1000023712	Tableur (syntaxe préfixée)
<Tableur>.AjouteFormule	1000023713	Tableur (syntaxe préfixée)
<Tableur>.AjouteImage	1000023714	Tableur (syntaxe préfixée)
<Tableur>.AjouteLien	1410090430	Tableur (syntaxe préfixée)
<Tableur>.AjouteNom	1000023715	Tableur (syntaxe préfixée)
<Tableur>.AutoriseProcédure	1000023716	Tableur (syntaxe préfixée)
<Tableur>.CadreSélection	1000023717	Tableur (syntaxe préfixée)
<Tableur>.ChampFormule	1000023718	Tableur (syntaxe préfixée)
<Tableur>.Charge	1000023719	Tableur (syntaxe préfixée)
<Tableur>.Cherche	1000023720	Tableur (syntaxe préfixée)
<Tableur>.DébutModification	1000023721	Tableur (syntaxe préfixée)
<Tableur>.DéfusionneCellule	1410089570	Tableur (syntaxe préfixée)
<Tableur>.DéplaceFeuille	1410087262	Tableur (syntaxe préfixée)
<Tableur>.Ferme	1000023722	Tableur (syntaxe préfixée)
<Tableur>.Fige	1000023723	Tableur (syntaxe préfixée)
<Tableur>.FinModification	1000023724	Tableur (syntaxe préfixée)
<Tableur>.FusionneCellule	1000026322	Tableur (syntaxe préfixée)
<Tableur>.InsèreColonne	1000023725	Tableur (syntaxe préfixée)
<Tableur>.InsèreFeuille	1000023726	Tableur (syntaxe préfixée)
<Tableur>.InsèreLigne	1000023727	Tableur (syntaxe préfixée)
<Tableur>.ListeCommentaire	1410090614	Tableur (syntaxe préfixée)
<Tableur>.Position	1000023728	Tableur (syntaxe préfixée)
<Tableur>.RecalculeTout	1000023729	Tableur (syntaxe préfixée)
<Tableur>.RécupèreFormule	1000023730	Tableur (syntaxe préfixée)
<Tableur>.RécupèreFusion	1000023731	Tableur (syntaxe préfixée)
<Tableur>.RécupèreSélection	1000023732	Tableur (syntaxe préfixée)
<Tableur>.Remplace	1000023898	Tableur (syntaxe préfixée)
<Tableur>.RestaurePositionEtSélection	1000023733	Tableur (syntaxe préfixée)
<Tableur>.Sauve	1000023734	Tableur (syntaxe préfixée)
<Tableur>.SauvePositionEtSélection	1000023735	Tableur (syntaxe préfixée)
<Tableur>.SelectCommentaire	1410090615	Tableur (syntaxe préfixée)
<Tableur>.SelectFeuille	1000023736	Tableur (syntaxe préfixée)
<Tableur>.SelectMoins	1000023737	Tableur (syntaxe préfixée)
<Tableur>.SelectPlus	1000023738	Tableur (syntaxe préfixée)
<Tableur>.StyleSélection	1000023739	Tableur (syntaxe préfixée)
<Tableur>.SupprimeColonne	1000023740	Tableur (syntaxe préfixée)
<Tableur>.SupprimeFeuille	1000023741	Tableur (syntaxe préfixée)
<Tableur>.SupprimeLigne	1000023742	Tableur (syntaxe préfixée)
<Tableur>.SupprimeTout	1000023743	Tableur (syntaxe préfixée)
<Tableur>.TrieSélection	1000023744	Tableur (syntaxe préfixée)
<Tableur>.TypeEtMasqueSélection	1000023745	Tableur (syntaxe préfixée)
<Thread>.DemandeArrêt	1000024924	gestion des threads (syntaxe préfixée)
<Thread>.EnvoieSignal	1000024926	gestion des threads (syntaxe préfixée)
<Thread>.Reprend	1000024927	
<Thread>.Suspend	1000024929	
<TimeLine>.Affiche	1000020775	gestion des champs TimeLine (syntaxe préfixée)
<TimeLine>.AjouteEvénement	1000020776	gestion des champs TimeLine (syntaxe préfixée)
<TimeLine>.AjoutePiste	1000020777	gestion des champs TimeLine (syntaxe préfixée)
<TimeLine>.ChangeMode	1000020778	gestion des champs TimeLine (syntaxe préfixée)
<TimeLine>.ListeEvénement	1000020779	gestion des champs TimeLine (syntaxe préfixée)
<TimeLine>.SupprimeEvénement	1000020780	gestion des champs TimeLine (syntaxe préfixée)
<TimeLine>.SupprimePiste	1000020781	gestion des champs TimeLine (syntaxe préfixée)
<TimeLine>.SupprimeTout	1000020782	gestion des champs TimeLine (syntaxe préfixée)
<Toast>.Affiche	1000024863	
<Traitement de texte>.Ajoute	1000024032	gestion du champ Traitement de texte (syntaxe préfixée)
<Traitement de texte>.DébutModification	1000023405	gestion du champ Traitement de texte (syntaxe préfixée)
<Traitement de texte>.EffaceMiseEnForme	1410090632	gestion du champ Traitement de texte (syntaxe préfixée)
<Traitement de texte>.EntreEdition	1000024263	gestion du champ Traitement de texte (syntaxe préfixée)
<Traitement de texte>.Ferme	1000024264	gestion du champ Traitement de texte (syntaxe préfixée)
<Traitement de texte>.FinModification	1000024265	gestion du champ Traitement de texte (syntaxe préfixée)
<Traitement de texte>.Imprime	1000024266	gestion du champ Traitement de texte (syntaxe préfixée)
<Traitement de texte>.InfoXY	1000025346	gestion du champ Traitement de texte (syntaxe préfixée)
<Traitement de texte>.Insère	1000024267	gestion du champ Traitement de texte (syntaxe préfixée)
<Traitement de texte>.InsèreTableau	1000024268	gestion du champ Traitement de texte (syntaxe préfixée)
<Traitement de texte>.ModeCopieMiseEnForme	1410090630	gestion du champ Traitement de texte (syntaxe préfixée)
<Traitement de texte>.Ouvre	1000024269	gestion du champ Traitement de texte (syntaxe préfixée)
<Traitement de texte>.Positionne	1000024270	gestion du champ Traitement de texte (syntaxe préfixée)
<Traitement de texte>.Recherche	1000024271	gestion du champ Traitement de texte (syntaxe préfixée)
<Traitement de texte>.RechercheElémentParNom	1410088862	gestion du champ Traitement de texte (syntaxe préfixée)
<Traitement de texte>.Redo	1000024390	gestion du champ Traitement de texte (syntaxe préfixée)
<Traitement de texte>.RedoOccurrence	1000024391	gestion du champ Traitement de texte (syntaxe préfixée)
<Traitement de texte>.Remplace	1000024392	gestion du champ Traitement de texte (syntaxe préfixée)
<Traitement de texte>.Sauve	1000024393	gestion du champ Traitement de texte (syntaxe préfixée)
<Traitement de texte>.Sélectionne	1000024394	gestion du champ Traitement de texte (syntaxe préfixée)
<Traitement de texte>.SortEdition	1000024395	gestion du champ Traitement de texte (syntaxe préfixée)
<Traitement de texte>.Undo	1000024397	gestion du champ Traitement de texte (syntaxe préfixée)
<Traitement de texte>.UndoOccurrence	1000024398	gestion du champ Traitement de texte (syntaxe préfixée)
<Traitement de texte>.UndoRedoSupprimeTout	1000024399	gestion du champ Traitement de texte (syntaxe préfixée)
<Traitement de texte>.VersHTML	1000024400	gestion du champ Traitement de texte (syntaxe préfixée)
<Traitement de texte>.VersImage	1000024401	gestion du champ Traitement de texte (syntaxe préfixée)
<Traitement de texte>.VersPDF	1000024402	gestion du champ Traitement de texte (syntaxe préfixée)
<Traitement de texte>.VersTexte	1000024403	gestion du champ Traitement de texte (syntaxe préfixée)
<TreeMap>.Ajoute	1000019740	gestion des champs TreeMap (syntaxe préfixée)
<TreeMap>.Cherche	1000019742	gestion des champs TreeMap (syntaxe préfixée)
<TreeMap>.InfoXY	1000019743	gestion des champs TreeMap (syntaxe préfixée)
<TreeMap>.Occurrence	1000019752	gestion des champs TreeMap (syntaxe préfixée)
<TreeMap>.SelectGroupe	1000019793	gestion des champs TreeMap (syntaxe préfixée)
<TreeMap>.Supprime	1000019799	gestion des champs TreeMap (syntaxe préfixée)
<TreeMap>.SupprimeTout	1000019800	gestion des champs TreeMap (syntaxe préfixée)
<Type Buffer>.CrypteAsymétrique	1410087279	cryptage / compression (syntaxe préfixée)
<Type Buffer>.CrypteAsymétriqueEnveloppé	1410087280	cryptage / compression (syntaxe préfixée)
<Type Buffer>.CrypteStandard	1410087281	cryptage / compression (syntaxe préfixée)
<Type Buffer>.Décode	1410087344	cryptage / compression (syntaxe préfixée)
<Type Buffer>.DécrypteAsymétrique	1410087282	cryptage / compression (syntaxe préfixée)
<Type Buffer>.DécrypteAsymétriqueEnveloppé	1410087283	cryptage / compression (syntaxe préfixée)
<Type Buffer>.Encode	1410087345	cryptage / compression (syntaxe préfixée)
<Type Date>.VersChaîne	1000023952	gestion des Dates et des Heures (syntaxe préfixée)
<Type Date>.VersEntier	1000024029	gestion des Dates et des Heures (syntaxe préfixée)
<Type Date>.VersJour	1000024030	gestion des Dates et des Heures (syntaxe préfixée)
<Type Date>.VersJourDansLAnnée	1410090343	gestion des Dates et des Heures (syntaxe préfixée)
<Type Date>.VersJourEnLettre	1000024031	gestion des Dates et des Heures (syntaxe préfixée)
<Type Date>.VersMoisEnLettre	1000024051	gestion des Dates et des Heures (syntaxe préfixée)
<Type Date>.VersNuméroDeSemaine	1000024160	gestion des Dates et des Heures (syntaxe préfixée)
<Type DateHeure>.VersChaîne	1000025807	gestion des Dates et des Heures (syntaxe préfixée)
<Type DateHeure>.VersEpoch	1000024161	gestion des Dates et des Heures (syntaxe préfixée)
<Type DateHeure>.VersRéel	1000024190	gestion des Dates et des Heures (syntaxe préfixée)
<Type Durée>.VersChaîne	1000023947	gestion des Dates et des Heures (syntaxe préfixée)
<Type Tableau>.Contient	1410091180	gestion des tableaux (syntaxe préfixée)
<Upload>.CopieFichier	1000019046	Upload (syntaxe préfixée)
<Upload>.FichierEnCours	1000019047	Upload (syntaxe préfixée)
<Upload>.Lance	1000019063	Upload (syntaxe préfixée)
<Upload>.NomFichier	1000019064	Upload (syntaxe préfixée)
<Upload>.Supprime	1000019065	Upload (syntaxe préfixée)
<Upload>.SupprimeTout	1000019069	Upload (syntaxe préfixée)
<Upload>.Taille	1000019070	Upload (syntaxe préfixée)
<Upload>.TailleEnvoyée	1000019071	Upload (syntaxe préfixée)
<Upload>.TailleEnvoyéeFichierEnCours	1000019074	Upload (syntaxe préfixée)
<Upload>.TailleFichier	1000019075	Upload (syntaxe préfixée)
<Upload>.TailleFichierEnCours	1000019076	Upload (syntaxe préfixée)
<Variable ActionRapide>.Ajoute	1410090385	gestion des raccourcis d'application (app shortcuts)  (syntaxe préfixée)
<Variable ActionRapide>.Epingle	1410090409	gestion des raccourcis d'application (app shortcuts)  (syntaxe préfixée)
<Variable ActionRapide>.Supprime	1410090386	gestion des raccourcis d'application (app shortcuts)  (syntaxe préfixée)
<Variable adminWBAuth>.CréeCompte	1410089712	pilotage du Serveur d'application WEBDEV (syntaxe préfixée)
<Variable adminWBAuth>.Déconnecte	1410089713	pilotage du Serveur d'application WEBDEV (syntaxe préfixée)
<Variable adminWBAuth>.ListeApplication	1410090464	pilotage du Serveur d'application WEBDEV (syntaxe préfixée)
<Variable adminWBAuth>.ListeCompte	1410089714	pilotage du Serveur d'application WEBDEV (syntaxe préfixée)
<Variable adminWBAuth>.ListeConnexion	1410089715	pilotage du Serveur d'application WEBDEV (syntaxe préfixée)
<Variable adminWBAuth>.ModifieCompte	1410089716	pilotage du Serveur d'application WEBDEV (syntaxe préfixée)
<Variable adminWBAuth>.SupprimeApplication	1410090465	pilotage du Serveur d'application WEBDEV (syntaxe préfixée)
<Variable adminWBAuth>.SupprimeCompte	1410089717	pilotage du Serveur d'application WEBDEV (syntaxe préfixée)
<Variable AuthToken>.OpenIDLitIdentité	1000023629	gestion des protocoles OAuth et OpenID (syntaxe préfixée)
<Variable btleCaractéristique>.ChangementValeur	1000022171	BTLE (syntaxe préfixée)
<Variable btleCaractéristique>.EcritValeur	1000022172	BTLE (syntaxe préfixée)
<Variable btleCaractéristique>.LitValeur	1000022173	BTLE (syntaxe préfixée)
<Variable btleCaractéristique>.RécupèreUnDescripteur	1000022218	BTLE (syntaxe préfixée)
<Variable btleDescripteur>.EcritValeur	1000022199	BTLE (syntaxe préfixée)
<Variable btleDescripteur>.LitValeur	1000022200	BTLE (syntaxe préfixée)
<Variable btlePériphérique>.Connecte	1000022195	BTLE (syntaxe préfixée)
<Variable btlePériphérique>.Déconnecte	1000022196	BTLE (syntaxe préfixée)
<Variable btlePériphérique>.EtatConnexion	1000022202	BTLE (syntaxe préfixée)
<Variable btlePériphérique>.RécupèreTousServices	1000022216	BTLE (syntaxe préfixée)
<Variable btlePériphérique>.RécupèreUnService	1000022222	BTLE (syntaxe préfixée)
<Variable btleService>.RécupèreToutesCaractéristiques	1000022217	BTLE (syntaxe préfixée)
<Variable btleService>.RécupèreUneCaractéristique	1000022221	BTLE (syntaxe préfixée)
<Variable Certificat>.ExtraitValeurExtension	1410087241	gestion des certificats (syntaxe préfixée)
<Variable Certificat>.OuvrePropriétés	1000024378	gestion des certificats (syntaxe préfixée)
<Variable Commande>.AjouteArgument	1410090748	gestion de l'exécution des commandes en mode console (syntaxe préfixée)
<Variable Commande>.AjouteOption	1410090749	gestion de l'exécution des commandes en mode console (syntaxe préfixée)
<Variable Commande>.EcritEntréeStandard	1410090750	gestion de l'exécution des commandes en mode console (syntaxe préfixée)
<Variable Commande>.Exécute	1410090751	gestion de l'exécution des commandes en mode console (syntaxe préfixée)
<Variable Commande>.ExécutionEstEnCours	1410091033	gestion de l'exécution des commandes en mode console (syntaxe préfixée)
<Variable Commande>.LitSortieErreur	1410090752	gestion de l'exécution des commandes en mode console (syntaxe préfixée)
<Variable Commande>.LitSortieStandard	1410090753	gestion de l'exécution des commandes en mode console (syntaxe préfixée)
<Variable Commande>.RécupèreCodeRetour	1410090754	gestion de l'exécution des commandes en mode console (syntaxe préfixée)
<Variable Commande>.Termine	1410091034	gestion de l'exécution des commandes en mode console (syntaxe préfixée)
<Variable Connection>.RSRenommeNomServeur	1410088539	
<Variable Connexion>.ActiveTriggerServeur	1000022637	gestion de HFSQL Client/Serveur (syntaxe préfixée)
<Variable Connexion>.AjouteGroupe	1000022638	gestion de HFSQL Client/Serveur (syntaxe préfixée)
<Variable Connexion>.AjouteLiaison	1000022639	gestion de HFSQL Client/Serveur (syntaxe préfixée)
<Variable Connexion>.AjouteOptimisationPlanifiée	1000022641	gestion de HFSQL Client/Serveur (syntaxe préfixée)
<Variable Connexion>.AjoutePlanification	1000022642	gestion de HFSQL Client/Serveur (syntaxe préfixée)
<Variable Connexion>.AjouteSauvegardePlanifiée	1000022644	gestion de HFSQL Client/Serveur (syntaxe préfixée)
<Variable Connexion>.AjouteTâche	1000022645	gestion de HFSQL Client/Serveur (syntaxe préfixée)
<Variable Connexion>.AjouteUtilisateur	1000022646	gestion de HFSQL Client/Serveur (syntaxe préfixée)
<Variable Connexion>.AnnuleSauvegarde	1000022647	gestion de HFSQL Client/Serveur (syntaxe préfixée)
<Variable Connexion>.ArrêteServeur	1000022648	gestion de HFSQL Client/Serveur (syntaxe préfixée)
<Variable Connexion>.ChargeParamètre	1000022649	gestion de HFSQL Client/Serveur (syntaxe préfixée)
<Variable Connexion>.CopieFichier	1000022650	gestion de HFSQL Client/Serveur (syntaxe préfixée)
<Variable Connexion>.DéclencheMiseAJourServeur	1000022651	gestion de HFSQL Client/Serveur (syntaxe préfixée)
<Variable Connexion>.DéconnecteClient	1000022652	gestion de HFSQL Client/Serveur (syntaxe préfixée)
<Variable Connexion>.DécritTriggerServeur	1000022653	gestion de HFSQL Client/Serveur (syntaxe préfixée)
<Variable Connexion>.DésactiveTriggerServeur	1000022654	gestion de HFSQL Client/Serveur (syntaxe préfixée)
<Variable Connexion>.DétruitTriggerServeur	1000022655	gestion de HFSQL Client/Serveur (syntaxe préfixée)
<Variable Connexion>.DupliqueBaseDeDonnées	1000022656	gestion de HFSQL Client/Serveur (syntaxe préfixée)
<Variable Connexion>.EnvoieMessageVersClient	1000022657	gestion de HFSQL Client/Serveur (syntaxe préfixée)
<Variable Connexion>.ExécutePlanification	1000022658	gestion de HFSQL Client/Serveur (syntaxe préfixée)
<Variable Connexion>.ExécuteProcédure	1000022659	gestion de HFSQL Client/Serveur (syntaxe préfixée)
<Variable Connexion>.ExécuteProcédureAsynchrone	1410091179	gestion de HFSQL Client/Serveur (syntaxe préfixée)
<Variable Connexion>.ExécuteSauvegardePlanifiée	1000022660	gestion de HFSQL Client/Serveur (syntaxe préfixée)
<Variable Connexion>.FermeConnexion	1000023941	gestion HFSQL (syntaxe préfixée)
<Variable Connexion>.FichierExiste	1000023959	gestion HFSQL (syntaxe préfixée)
<Variable Connexion>.FinInterditAccèsBaseDeDonnées	1000022661	gestion de HFSQL Client/Serveur (syntaxe préfixée)
<Variable Connexion>.GèreIntégrité	1000023960	gestion HFSQL (syntaxe préfixée)
<Variable Connexion>.GèreMiseAJourServeur	1000022662	gestion de HFSQL Client/Serveur (syntaxe préfixée)
<Variable Connexion>.GèreServeur	1000022664	gestion de HFSQL Client/Serveur (syntaxe préfixée)
<Variable Connexion>.GèreTâche	1000022665	gestion de HFSQL Client/Serveur (syntaxe préfixée)
<Variable Connexion>.InfoBlocage	1000022774	gestion de HFSQL Client/Serveur (syntaxe préfixée)
<Variable Connexion>.InfoDroitBaseDeDonnées	1000022666	gestion de HFSQL Client/Serveur (syntaxe préfixée)
<Variable Connexion>.InfoDroitFichier	1000022667	gestion de HFSQL Client/Serveur (syntaxe préfixée)
<Variable Connexion>.InfoDroitRubrique	1410090543	gestion de HFSQL Client/Serveur (syntaxe préfixée)
<Variable Connexion>.InfoDroitServeur	1000022668	gestion de HFSQL Client/Serveur (syntaxe préfixée)
<Variable Connexion>.InfoDroitVue	1000022669	gestion de HFSQL Client/Serveur (syntaxe préfixée)
<Variable Connexion>.InfoFichier	1000023961	gestion HFSQL (syntaxe préfixée)
<Variable Connexion>.InfoGroupe	1000022670	gestion de HFSQL Client/Serveur (syntaxe préfixée)
<Variable Connexion>.InfoPropriétéBaseDeDonnées	1000022673	gestion de HFSQL Client/Serveur (syntaxe préfixée)
<Variable Connexion>.InfoPropriétéFichier	1000022674	gestion de HFSQL Client/Serveur (syntaxe préfixée)
<Variable Connexion>.InfoPropriétéServeur	1000022675	gestion de HFSQL Client/Serveur (syntaxe préfixée)
<Variable Connexion>.InfoSauvegarde	1000022679	gestion de HFSQL Client/Serveur (syntaxe préfixée)
<Variable Connexion>.InfoServeur	1000022682	gestion de HFSQL Client/Serveur (syntaxe préfixée)
<Variable Connexion>.InfoTâche	1000022686	gestion de HFSQL Client/Serveur (syntaxe préfixée)
<Variable Connexion>.InfoUtilisateur	1000022687	gestion de HFSQL Client/Serveur (syntaxe préfixée)
<Variable Connexion>.InfoVue	1000022688	gestion de HFSQL Client/Serveur (syntaxe préfixée)
<Variable Connexion>.InterditAccèsBaseDeDonnées	1000022690	gestion de HFSQL Client/Serveur (syntaxe préfixée)
<Variable Connexion>.ListeBaseDeDonnées	1000022692	gestion de HFSQL Client/Serveur (syntaxe préfixée)
<Variable Connexion>.ListeElémentStocké	1000022693	gestion de HFSQL Client/Serveur (syntaxe préfixée)
<Variable Connexion>.ListeFichiersSurveillés	1410090429	gestion de HFSQL Client/Serveur (syntaxe préfixée)
<Variable Connexion>.ListeGroupe	1000022694	gestion de HFSQL Client/Serveur (syntaxe préfixée)
<Variable Connexion>.ListeHistoriquePlanification	1410090890	gestion de HFSQL Client/Serveur (syntaxe préfixée)
<Variable Connexion>.ListeOptimisationPlanifiée	1000022695	gestion de HFSQL Client/Serveur (syntaxe préfixée)
<Variable Connexion>.ListeParamètre	1000022697	gestion de HFSQL Client/Serveur (syntaxe préfixée)
<Variable Connexion>.ListePlanification	1000022698	gestion de HFSQL Client/Serveur (syntaxe préfixée)
<Variable Connexion>.ListeSauvegardePlanifiée	1000022699	gestion de HFSQL Client/Serveur (syntaxe préfixée)
<Variable Connexion>.ListeTâche	1000022700	gestion de HFSQL Client/Serveur (syntaxe préfixée)
<Variable Connexion>.ListeUtilisateur	1000022701	gestion de HFSQL Client/Serveur (syntaxe préfixée)
<Variable Connexion>.MaintenanceServeur	1000022702	gestion de HFSQL Client/Serveur (syntaxe préfixée)
<Variable Connexion>.MiseAJourCollection	1000022704	gestion de HFSQL Client/Serveur (syntaxe préfixée)
<Variable Connexion>.MiseAJourRequête	1000022705	gestion de HFSQL Client/Serveur (syntaxe préfixée)
<Variable Connexion>.MiseAJourVue	1000022706	gestion de HFSQL Client/Serveur (syntaxe préfixée)
<Variable Connexion>.ModifieDroitBaseDeDonnées	1000022707	gestion de HFSQL Client/Serveur (syntaxe préfixée)
<Variable Connexion>.ModifieDroitFichier	1000022709	gestion de HFSQL Client/Serveur (syntaxe préfixée)
<Variable Connexion>.ModifieDroitRubrique	1410090544	gestion de HFSQL Client/Serveur (syntaxe préfixée)
<Variable Connexion>.ModifieDroitServeur	1000022710	gestion de HFSQL Client/Serveur (syntaxe préfixée)
<Variable Connexion>.ModifieDroitVue	1000022711	gestion de HFSQL Client/Serveur (syntaxe préfixée)
<Variable Connexion>.ModifieGroupe	1000022714	gestion de HFSQL Client/Serveur (syntaxe préfixée)
<Variable Connexion>.ModifieOptimisationPlanifiée	1000022715	gestion de HFSQL Client/Serveur (syntaxe préfixée)
<Variable Connexion>.ModifiePlanification	1000022716	gestion de HFSQL Client/Serveur (syntaxe préfixée)
<Variable Connexion>.ModifiePropriétéBaseDeDonnées	1000022717	gestion de HFSQL Client/Serveur (syntaxe préfixée)
<Variable Connexion>.ModifiePropriétéFichier	1000022718	gestion de HFSQL Client/Serveur (syntaxe préfixée)
<Variable Connexion>.ModifiePropriétéServeur	1000022720	gestion de HFSQL Client/Serveur (syntaxe préfixée)
<Variable Connexion>.ModifieSauvegardePlanifiée	1000022721	gestion de HFSQL Client/Serveur (syntaxe préfixée)
<Variable Connexion>.ModifieTâche	1000022722	gestion de HFSQL Client/Serveur (syntaxe préfixée)
<Variable Connexion>.ModifieUtilisateur	1000022723	gestion de HFSQL Client/Serveur (syntaxe préfixée)
<Variable Connexion>.NotifAjouteDestinataireCC	1000022724	gestion de HFSQL Client/Serveur (syntaxe préfixée)
<Variable Connexion>.NotifAjouteDestinataireEmail	1000022725	gestion de HFSQL Client/Serveur (syntaxe préfixée)
<Variable Connexion>.NotifConfigure	1000022726	gestion de HFSQL Client/Serveur (syntaxe préfixée)
<Variable Connexion>.NotifListeDestinataireCC	1000022727	gestion de HFSQL Client/Serveur (syntaxe préfixée)
<Variable Connexion>.NotifListeDestinataireEmail	1000022729	gestion de HFSQL Client/Serveur (syntaxe préfixée)
<Variable Connexion>.NotifSupprimeDestinataireCC	1000022731	gestion de HFSQL Client/Serveur (syntaxe préfixée)
<Variable Connexion>.NotifSupprimeDestinataireEmail	1000022733	gestion de HFSQL Client/Serveur (syntaxe préfixée)
<Variable Connexion>.OpérationEncours	1000022745	gestion de HFSQL Client/Serveur (syntaxe préfixée)
<Variable Connexion>.OuvreConnexion	1000023962	gestion HFSQL (syntaxe préfixée)
<Variable Connexion>.PolitiqueSécuritéDébloqueCompte	1410091327	gestion de HFSQL Client/Serveur (syntaxe préfixée)
<Variable Connexion>.PolitiqueSécuritéModifie	1410091328	gestion de HFSQL Client/Serveur (syntaxe préfixée)
<Variable Connexion>.PolitiqueSécuritéRécupère	1410086666	gestion de HFSQL Client/Serveur (syntaxe préfixée)
<Variable Connexion>.PolitiqueSécuritéVérifie	1410091329	gestion de HFSQL Client/Serveur (syntaxe préfixée)
<Variable Connexion>.Priorité	1000022746	gestion de HFSQL Client/Serveur (syntaxe préfixée)
<Variable Connexion>.PrioritéClient	1000022747	gestion de HFSQL Client/Serveur (syntaxe préfixée)
<Variable Connexion>.QualitéConnexion	1000022748	gestion de HFSQL Client/Serveur (syntaxe préfixée)
<Variable Connexion>.RafraîchitVue	1000023963	gestion HFSQL (syntaxe préfixée)
<Variable Connexion>.RécupèreLog	1000022749	gestion de HFSQL Client/Serveur (syntaxe préfixée)
<Variable Connexion>.RécupèreSauvegarde	1000022750	gestion de HFSQL Client/Serveur (syntaxe préfixée)
<Variable Connexion>.RégénèreFichier	1000023964	gestion HFSQL (syntaxe préfixée)
<Variable Connexion>.RestaureSauvegarde	1000022751	gestion de HFSQL Client/Serveur (syntaxe préfixée)
<Variable Connexion>.RSAjouteConfig	1000023471	
<Variable Connexion>.RSAttendTraitementDonnées	1000023528	
<Variable Connexion>.RSDéclenche	1000023529	
<Variable Connexion>.RSIgnoreErreur	1410090601	
<Variable Connexion>.RSInfo	1000023536	
<Variable Connexion>.RSInit	1000023550	
<Variable Connexion>.RSListeConfig	1000023554	
<Variable Connexion>.RSModifieConfig	1000023574	
<Variable Connexion>.RSSupprimeConfig	1000023579	
<Variable Connexion>.RSTransformeSpareEnServeur	1410091036	
<Variable Connexion>.Sauvegarde	1000022752	gestion de HFSQL Client/Serveur (syntaxe préfixée)
<Variable Connexion>.SauveParamètre	1000022753	gestion de HFSQL Client/Serveur (syntaxe préfixée)
<Variable Connexion>.SimuleRéseau	1000022754	gestion de HFSQL Client/Serveur (syntaxe préfixée)
<Variable Connexion>.SupprimeBaseDeDonnées	1000022755	gestion de HFSQL Client/Serveur (syntaxe préfixée)
<Variable Connexion>.SupprimeCollection	1000022756	gestion de HFSQL Client/Serveur (syntaxe préfixée)
<Variable Connexion>.SupprimeFichier	1000022757	gestion de HFSQL Client/Serveur (syntaxe préfixée)
<Variable Connexion>.SupprimeGroupe	1000022758	gestion de HFSQL Client/Serveur (syntaxe préfixée)
<Variable Connexion>.SupprimeHistoriquePlanification	1410090891	gestion de HFSQL Client/Serveur (syntaxe préfixée)
<Variable Connexion>.SupprimeLiaison	1000022759	gestion de HFSQL Client/Serveur (syntaxe préfixée)
<Variable Connexion>.SupprimeOptimisationPlanifiée	1000022760	gestion de HFSQL Client/Serveur (syntaxe préfixée)
<Variable Connexion>.SupprimeParamètre	1000022761	gestion de HFSQL Client/Serveur (syntaxe préfixée)
<Variable Connexion>.SupprimePlanification	1000022762	gestion de HFSQL Client/Serveur (syntaxe préfixée)
<Variable Connexion>.SupprimeRépertoire	1000022763	gestion de HFSQL Client/Serveur (syntaxe préfixée)
<Variable Connexion>.SupprimeRequête	1000022764	gestion de HFSQL Client/Serveur (syntaxe préfixée)
<Variable Connexion>.SupprimeSauvegarde	1000022765	gestion de HFSQL Client/Serveur (syntaxe préfixée)
<Variable Connexion>.SupprimeSauvegardePlanifiée	1000022766	gestion de HFSQL Client/Serveur (syntaxe préfixée)
<Variable Connexion>.SupprimeTâche	1000022767	gestion de HFSQL Client/Serveur (syntaxe préfixée)
<Variable Connexion>.SupprimeUtilisateur	1000022769	gestion de HFSQL Client/Serveur (syntaxe préfixée)
<Variable Connexion>.SupprimeVue	1410088611	gestion de HFSQL Client/Serveur (syntaxe préfixée)
<Variable Connexion>.Transaction	1000023965	gestion HFSQL (syntaxe préfixée)
<Variable Connexion>.TransactionAnnule	1000023966	gestion HFSQL (syntaxe préfixée)
<Variable Connexion>.TransactionDébut	1000023967	gestion HFSQL (syntaxe préfixée)
<Variable Connexion>.TransactionFin	1000023968	gestion HFSQL (syntaxe préfixée)
<Variable Connexion>.TransactionIsolation	1000022770	gestion de HFSQL Client/Serveur (syntaxe préfixée)
<Variable Connexion>.TransactionListe	1000022771	gestion de HFSQL Client/Serveur (syntaxe préfixée)
<Variable Connexion>.TransactionPointDeSauvegarde	1410087876	gestion de HFSQL Client/Serveur (syntaxe préfixée)
<Variable Connexion>.TransactionRetourneAuPointDeSauvegarde	1410087877	gestion de HFSQL Client/Serveur (syntaxe préfixée)
<Variable Connexion>.VérifieMiseAJourServeur	1000022772	gestion de HFSQL Client/Serveur (syntaxe préfixée)
<Variable diagBibliothèque>.ChargeBibliothèque	1410088685	gestion des diagrammes (syntaxe préfixée)
<Variable diagForme>.VersImage	1410088686	gestion des diagrammes (syntaxe préfixée)
<Variable Diagramme>.Charge	1410088669	gestion des diagrammes (syntaxe préfixée)
<Variable Diagramme>.DébutModification	1410088877	gestion des diagrammes (syntaxe préfixée)
<Variable Diagramme>.FinModification	1410088878	gestion des diagrammes (syntaxe préfixée)
<Variable Diagramme>.Recherche	1410089986	gestion des diagrammes (syntaxe préfixée)
<Variable Diagramme>.Sauve	1410089987	gestion des diagrammes (syntaxe préfixée)
<Variable Diagramme>.VersImage	1410088690	gestion des diagrammes (syntaxe préfixée)
<Variable Diagramme>.VersSVG	1410088880	gestion des diagrammes (syntaxe préfixée)
<Variable docFragment>.Ajoute	1000024505	gestion du champ Traitement de texte (syntaxe préfixée)
<Variable docFragment>.EffaceMiseEnForme	1410090631	gestion du champ Traitement de texte (syntaxe préfixée)
<Variable docFragment>.Insère	1000024512	gestion du champ Traitement de texte (syntaxe préfixée)
<Variable docFragment>.InsèreTableau	1000024514	gestion du champ Traitement de texte (syntaxe préfixée)
<Variable Document>.Ajoute	1000024506	gestion du champ Traitement de texte (syntaxe préfixée)
<Variable Document>.DébutModification	1000024507	gestion du champ Traitement de texte (syntaxe préfixée)
<Variable Document>.Ferme	1000024508	gestion du champ Traitement de texte (syntaxe préfixée)
<Variable Document>.FinModification	1000024510	gestion du champ Traitement de texte (syntaxe préfixée)
<Variable Document>.Imprime	1000024511	gestion du champ Traitement de texte (syntaxe préfixée)
<Variable Document>.Insère	1000024513	gestion du champ Traitement de texte (syntaxe préfixée)
<Variable Document>.InsèreTableau	1000024515	gestion du champ Traitement de texte (syntaxe préfixée)
<Variable Document>.Recherche	1000024519	gestion du champ Traitement de texte (syntaxe préfixée)
<Variable Document>.Redo	1000024534	gestion du champ Traitement de texte (syntaxe préfixée)
<Variable Document>.RedoOccurrence	1000024535	gestion du champ Traitement de texte (syntaxe préfixée)
<Variable Document>.Remplace	1000024536	gestion du champ Traitement de texte (syntaxe préfixée)
<Variable Document>.Sauve	1000024537	gestion du champ Traitement de texte (syntaxe préfixée)
<Variable Document>.Undo	1000024538	gestion du champ Traitement de texte (syntaxe préfixée)
<Variable Document>.UndoOccurrence	1000024539	gestion du champ Traitement de texte (syntaxe préfixée)
<Variable Document>.UndoRedoSupprimeTout	1000024540	gestion du champ Traitement de texte (syntaxe préfixée)
<Variable Document>.VersHTML	1000024541	gestion du champ Traitement de texte (syntaxe préfixée)
<Variable Document>.VersImage	1000024542	gestion du champ Traitement de texte (syntaxe préfixée)
<Variable Document>.VersTexte	1000024543	gestion du champ Traitement de texte (syntaxe préfixée)
<Variable Drive>.CopieFichier	1410090349	gestion des drives : OneDrive, Google Drive, Dropbox (syntaxe préfixée)
<Variable Drive>.CopieRépertoire	1410090351	gestion des drives : OneDrive, Google Drive, Dropbox (syntaxe préfixée)
<Variable Drive>.CréeFichier	1410090352	gestion des drives : OneDrive, Google Drive, Dropbox (syntaxe préfixée)
<Variable Drive>.CréeRépertoire	1410090353	gestion des drives : OneDrive, Google Drive, Dropbox (syntaxe préfixée)
<Variable Drive>.DéplaceFichier	1410090354	gestion des drives : OneDrive, Google Drive, Dropbox (syntaxe préfixée)
<Variable Drive>.DéplaceRépertoire	1410090356	gestion des drives : OneDrive, Google Drive, Dropbox (syntaxe préfixée)
<Variable Drive>.EnvoieFichier	1410090357	gestion des drives : OneDrive, Google Drive, Dropbox (syntaxe préfixée)
<Variable Drive>.EnvoieRépertoire	1410090358	gestion des drives : OneDrive, Google Drive, Dropbox (syntaxe préfixée)
<Variable Drive>.ListeFichier	1410090359	gestion des drives : OneDrive, Google Drive, Dropbox (syntaxe préfixée)
<Variable Drive>.ListeRépertoire	1410090361	gestion des drives : OneDrive, Google Drive, Dropbox (syntaxe préfixée)
<Variable Drive>.RécupèreFichier	1410090362	gestion des drives : OneDrive, Google Drive, Dropbox (syntaxe préfixée)
<Variable Drive>.RécupèreRépertoire	1410090364	gestion des drives : OneDrive, Google Drive, Dropbox (syntaxe préfixée)
<Variable Drive>.Renomme	1410090365	gestion des drives : OneDrive, Google Drive, Dropbox (syntaxe préfixée)
<Variable Drive>.SupprimeFichier	1410090368	gestion des drives : OneDrive, Google Drive, Dropbox (syntaxe préfixée)
<Variable Drive>.SupprimeRépertoire	1410090369	gestion des drives : OneDrive, Google Drive, Dropbox (syntaxe préfixée)
<Variable Email>.ChargeFichierAttaché	1000022277	gestion des emails (syntaxe préfixée)
<Variable Email>.ConstruitSource	1000022278	gestion des emails (syntaxe préfixée)
<Variable Email>.ExporteHTML	1000026178	gestion des emails (syntaxe préfixée)
<Variable Email>.ImporteHTML	1000022287	gestion des emails (syntaxe préfixée)
<Variable Email>.ImporteSource	1000022288	gestion des emails (syntaxe préfixée)
<Variable emailAttache>.SauveFichierAttaché	1000022289	gestion des emails (syntaxe préfixée)
<Variable emailSessionIMAP>.AbonneAuDossier	1410091167	gestion des emails (syntaxe préfixée)
<Variable emailSessionIMAP>.AjouteDossier	1000022273	gestion des emails (syntaxe préfixée)
<Variable emailSessionIMAP>.ChangeDossier	1000022275	gestion des emails (syntaxe préfixée)
<Variable emailSessionIMAP>.ChangeEtat	1000022313	gestion des emails (syntaxe préfixée)
<Variable emailSessionIMAP>.DésabonneDuDossier	1410091267	gestion des emails (syntaxe préfixée)
<Variable emailSessionIMAP>.Détruit	1000022279	gestion des emails (syntaxe préfixée)
<Variable emailSessionIMAP>.DossierCourant	1000022280	gestion des emails (syntaxe préfixée)
<Variable emailSessionIMAP>.ExécuteCommande	1410091166	gestion des emails (syntaxe préfixée)
<Variable emailSessionIMAP>.FermeSession	1000022282	gestion des emails (syntaxe préfixée)
<Variable emailSessionIMAP>.ListeDossier	1000022290	gestion des emails (syntaxe préfixée)
<Variable emailSessionIMAP>.NbMessage	1000022297	gestion des emails (syntaxe préfixée)
<Variable emailSessionIMAP>.OuvreSession	1000022304	gestion des emails (syntaxe préfixée)
<Variable emailSessionIMAP>.SupprimeDossier	1000022299	gestion des emails (syntaxe préfixée)
<Variable emailSessionNotes>.EnvoieMessage	1000022316	gestion des emails (syntaxe préfixée)
<Variable emailSessionNotes>.FermeSession	1000022285	gestion des emails (syntaxe préfixée)
<Variable emailSessionNotes>.NbMessage	1000022295	gestion des emails (syntaxe préfixée)
<Variable EmailSessionNotes>.OuvreSession	1000022303	gestion des emails (syntaxe préfixée)
<Variable EmailSessionNotes>.RécupèreTout	1000022309	gestion des emails (syntaxe préfixée)
<Variable emailSessionOutlook>.AjouteDossier	1000022274	gestion des emails (syntaxe préfixée)
<Variable emailSessionOutlook>.ChangeDossier	1000022276	gestion des emails (syntaxe préfixée)
<Variable emailSessionOutlook>.ChangeEtat	1000022312	gestion des emails (syntaxe préfixée)
<Variable emailSessionOutlook>.DossierCourant	1000022281	gestion des emails (syntaxe préfixée)
<Variable emailSessionOutlook>.EnvoieMessage	1000022315	gestion des emails (syntaxe préfixée)
<Variable emailSessionOutlook>.FermeSession	1000022284	gestion des emails (syntaxe préfixée)
<Variable emailSessionOutlook>.ListeDossier	1000022291	gestion des emails (syntaxe préfixée)
<Variable EmailSessionOutlook>.MiseAJour	1000022293	gestion des emails (syntaxe préfixée)
<Variable emailSessionOutlook>.NbMessage	1000022296	gestion des emails (syntaxe préfixée)
<Variable EmailSessionOutlook>.OuvreSession	1000022302	gestion des emails (syntaxe préfixée)
<Variable EmailSessionOutlook>.RécupèreTout	1000022307	gestion des emails (syntaxe préfixée)
<Variable emailSessionOutlook>.SupprimeDossier	1000022300	gestion des emails (syntaxe préfixée)
<Variable emailSessionPOP3>.FermeSession	1000022283	gestion des emails (syntaxe préfixée)
<Variable emailSessionPOP3>.NbMessage	1000022298	gestion des emails (syntaxe préfixée)
<Variable emailSessionPOP3>.OuvreSession	1000022305	gestion des emails (syntaxe préfixée)
<Variable EmailSessionPOP3>.RécupèreTout	1000022310	gestion des emails (syntaxe préfixée)
<Variable emailSessionSMTP>.EnvoieMessage	1000022314	gestion des emails (syntaxe préfixée)
<Variable emailSessionSMTP>.FermeSession	1000022286	gestion des emails (syntaxe préfixée)
<Variable emailSessionSMTP>.OuvreSession	1000022306	gestion des emails (syntaxe préfixée)
<Variable fbSession>.Etat	1000021942	Facebook (syntaxe préfixée)
<Variable fbSession>.Ferme	1000021943	Facebook (syntaxe préfixée)
<Variable fbSession>.Ouvre	1000021944	Facebook (syntaxe préfixée)
<Variable fbSession>.RécupèreInformationUtilisateur	1000021945	Facebook (syntaxe préfixée)
<Variable fbSession>.Requête	1000021946	Facebook (syntaxe préfixée)
<Variable FichierDisque>.Bloque	1410089037	gestion des répertoires et des fichiers externes (syntaxe préfixée)
<Variable FichierDisque>.ChangeTaille	1410089038	gestion des répertoires et des fichiers externes (syntaxe préfixée)
<Variable FichierDisque>.Cherche	1410089039	gestion des répertoires et des fichiers externes (syntaxe préfixée)
<Variable FichierDisque>.Crée	1410090211	gestion des répertoires et des fichiers externes (syntaxe préfixée)
<Variable FichierDisque>.Débloque	1410089040	gestion des répertoires et des fichiers externes (syntaxe préfixée)
<Variable FichierDisque>.Ecrit	1410089041	gestion des répertoires et des fichiers externes (syntaxe préfixée)
<Variable FichierDisque>.EcritLigne	1410089042	gestion des répertoires et des fichiers externes (syntaxe préfixée)
<Variable FichierDisque>.Ferme	1410089043	gestion des répertoires et des fichiers externes (syntaxe préfixée)
<Variable FichierDisque>.Lit	1410089044	gestion des répertoires et des fichiers externes (syntaxe préfixée)
<Variable FichierDisque>.LitLigne	1410089045	gestion des répertoires et des fichiers externes (syntaxe préfixée)
<Variable FichierDisque>.LitLigneExpressionRégulière	1410089046	gestion des répertoires et des fichiers externes (syntaxe préfixée)
<Variable FichierDisque>.NomFichier	1410089047	gestion des répertoires et des fichiers externes (syntaxe préfixée)
<Variable FichierDisque>.Ouvre	1410090197	gestion des répertoires et des fichiers externes (syntaxe préfixée)
<Variable FichierDisque>.OuvreFichierTemp	1410090203	gestion des répertoires et des fichiers externes (syntaxe préfixée)
<Variable FichierDisque>.Positionne	1410089048	gestion des répertoires et des fichiers externes (syntaxe préfixée)
<Variable FichierDisque>.Taille	1410089049	gestion des répertoires et des fichiers externes (syntaxe préfixée)
<Variable File>.Défile	1000019585	gestion des files, des piles et des listes (syntaxe préfixée)
<Variable File>.Enfile	1000019586	gestion des files, des piles et des listes (syntaxe préfixée)
<Variable File>.Info	1000019587	gestion des files, des piles et des listes (syntaxe préfixée)
<Variable ftpConnexion>.Attribut	1410091117	FTP Standard (syntaxe préfixée)
<Variable ftpConnexion>.Commande	1410091118	FTP Standard (syntaxe préfixée)
<Variable ftpConnexion>.Connecte	1410091119	FTP Standard (syntaxe préfixée)
<Variable ftpConnexion>.Date	1410091120	FTP Standard (syntaxe préfixée)
<Variable ftpConnexion>.DateHeure	1410091121	FTP Standard (syntaxe préfixée)
<Variable ftpConnexion>.Déconnecte	1410091122	FTP Standard (syntaxe préfixée)
<Variable ftpConnexion>.Envoie	1410091123	FTP Standard (syntaxe préfixée)
<Variable ftpConnexion>.FichierExiste	1410091124	FTP Standard (syntaxe préfixée)
<Variable ftpConnexion>.Heure	1410091125	FTP Standard (syntaxe préfixée)
<Variable ftpConnexion>.ListeFichier	1410091126	FTP Standard (syntaxe préfixée)
<Variable ftpConnexion>.Nom	1410091137	FTP Standard (syntaxe préfixée)
<Variable ftpConnexion>.Récupère	1410091127	FTP Standard (syntaxe préfixée)
<Variable ftpConnexion>.RécupèreFichier	1410091128	FTP Standard (syntaxe préfixée)
<Variable ftpConnexion>.RenommeFichier	1410091129	FTP Standard (syntaxe préfixée)
<Variable ftpConnexion>.RepCrée	1410091130	FTP Standard (syntaxe préfixée)
<Variable ftpConnexion>.RepEnCours	1410091131	FTP Standard (syntaxe préfixée)
<Variable ftpConnexion>.RepExiste	1410091282	FTP Standard (syntaxe préfixée)
<Variable ftpConnexion>.RepSupprime	1410091132	FTP Standard (syntaxe préfixée)
<Variable ftpConnexion>.SupprimeFichier	1410091133	FTP Standard (syntaxe préfixée)
<Variable ftpConnexion>.Taille	1410091134	FTP Standard (syntaxe préfixée)
<Variable gglConnexion>.Connecte	1000021455	
<Variable gglConnexion>.Déconnecte	1000021459	
<Variable gglConnexion>.Ecrit	1000021460	gestion des agendas Google (syntaxe préfixée)
<Variable gglConnexion>.EnvoieDocument	1000020424	gestion des documents Google (syntaxe préfixée)
<Variable gglConnexion>.ListeAgenda	1000017747	gestion des agendas Google (syntaxe préfixée)
<Variable gglConnection>.ListeContact	1000017757	gestion des contacts Google (syntaxe préfixée)
<Variable gglConnection>.ListeContactParRequête	1000017758	gestion des contacts Google (syntaxe préfixée)
<Variable gglConnexion>.ListeDocument	1000020436	gestion des documents Google (syntaxe préfixée)
<Variable gglConnection>.ListeGroupeContact	1000017759	gestion des contacts Google (syntaxe préfixée)
<Variable gglConnexion>.RécupèreAgenda	1000017748	gestion des agendas Google (syntaxe préfixée)
<Variable gglConnexion>.RécupèreDocument	1000020437	gestion des documents Google (syntaxe préfixée)
<Variable gglConnexion>.RemplitAgenda	1000017749	gestion des agendas Google (syntaxe préfixée)
<Variable gglConnexion>.RemplitAgendaParRequête	1000017750	gestion des agendas Google (syntaxe préfixée)
<Variable gglConnexion>.Requête	1000021462	gestion des agendas Google (syntaxe préfixée)
<Variable gglConnexion>.Supprime	1000021461	gestion des agendas Google (syntaxe préfixée)
<Variable gglDrive>.CopieFichier	1410090350	gestion des drives : OneDrive, Google Drive, Dropbox (syntaxe préfixée)
<Variable gglDrive>.DéplaceFichier	1410090355	gestion des drives : OneDrive, Google Drive, Dropbox (syntaxe préfixée)
<Variable gglDrive>.ListeFichierGgl	1410090360	gestion des drives : OneDrive, Google Drive, Dropbox (syntaxe préfixée)
<Variable gglDrive>.RécupèreFichierGgl	1410090363	gestion des drives : OneDrive, Google Drive, Dropbox (syntaxe préfixée)
<Variable gglDrive>.Renomme	1410090366	gestion des drives : OneDrive, Google Drive, Dropbox (syntaxe préfixée)
<Variable gglDrive>.SupprimeFichier	1410090367	gestion des drives : OneDrive, Google Drive, Dropbox (syntaxe préfixée)
<Variable hdfsConnexion>.CopieDepuis	1000021980	HDFS (syntaxe préfixée)
<Variable hdfsConnexion>.CopieVers	1000021981	HDFS (syntaxe préfixée)
<Variable hdfsConnexion>.CréeRépertoire	1000021982	HDFS (syntaxe préfixée)
<Variable hdfsConnexion>.FermeConnexion	1000021983	HDFS (syntaxe préfixée)
<Variable hdfsConnexion>.Liste	1000021984	HDFS (syntaxe préfixée)
<Variable hdfsConnexion>.OuvreConnexion	1000021985	HDFS (syntaxe préfixée)
<Variable hdfsConnexion>.Renomme	1000021986	HDFS (syntaxe préfixée)
<Variable hdfsConnexion>.Supprime	1000021987	HDFS (syntaxe préfixée)
<Variable htmlDocument>.ChercheElémentParBalise	1000026312	gestion des documents HTML (syntaxe préfixée)
<Variable htmlDocument>.ChercheElémentParClasse	1000026314	gestion des documents HTML (syntaxe préfixée)
<Variable htmlDocument>.ChercheElémentParID	1000026316	gestion des documents HTML (syntaxe préfixée)
<Variable htmlDocument>.ChercheElémentParNom	1000026318	gestion des documents HTML (syntaxe préfixée)
<Variable htmlDocument>.ConstruitChaîne	1000026320	gestion des documents HTML (syntaxe préfixée)
<Variable htmlDocument>.Sauve	1000026321	gestion des documents HTML (syntaxe préfixée)
<Variable htmlNoeud>.ChercheElémentParBalise	1000026313	gestion des documents HTML (syntaxe préfixée)
<Variable htmlNoeud>.ChercheElémentParClasse	1000026315	gestion des documents HTML (syntaxe préfixée)
<Variable htmlNoeud>.ChercheElémentParID	1000026317	gestion des documents HTML (syntaxe préfixée)
<Variable htmlNoeud>.ChercheElémentParNom	1000026319	gestion des documents HTML (syntaxe préfixée)
<Variable htmlNoeud>.DésencadreTousLesFils	1410088108	gestion des documents HTML (syntaxe préfixée)
<Variable htmlNoeud>.Encadre	1410088117	gestion des documents HTML (syntaxe préfixée)
<Variable htmlNoeud>.EncadreTousLesFils	1410088109	gestion des documents HTML (syntaxe préfixée)
<Variable htmlNoeud>.InsèreAprès	1410088110	gestion des documents HTML (syntaxe préfixée)
<Variable htmlNoeud>.InsèreAvant	1410088111	gestion des documents HTML (syntaxe préfixée)
<Variable htmlNoeud>.InsèreDernierFils	1410088112	gestion des documents HTML (syntaxe préfixée)
<Variable htmlNoeud>.InsèrePremierFils	1410088113	gestion des documents HTML (syntaxe préfixée)
<Variable htmlNoeud>.ModifieAttribut	1410088114	gestion des documents HTML (syntaxe préfixée)
<Variable htmlNoeud>.Supprime	1410088115	gestion des documents HTML (syntaxe préfixée)
<Variable htmlNoeud>.SupprimeAttribut	1410088118	gestion des documents HTML (syntaxe préfixée)
<Variable htmlNoeud>.SupprimeFils	1410088116	gestion des documents HTML (syntaxe préfixée)
<Variable httpRéponse>.RécupèreCookie	1000021633	HTTP (syntaxe préfixée)
<Variable httpRequête>.EcritCookie	1000021607	HTTP (syntaxe préfixée)
<Variable httpRequête>.Envoie	1000021624	HTTP (syntaxe préfixée)
<Variable httpRequête>.EnvoieAsynchrone	1410091297	HTTP (syntaxe préfixée)
<Variable httpRequête>.GèreCookie	1000021608	HTTP (syntaxe préfixée)
<Variable httpRequête>.LitCookie	1000021621	HTTP (syntaxe préfixée)
<Variable httpRequête>.RAZCookie	1000021622	HTTP (syntaxe préfixée)
<Variable httpRequête>.RécupèreCookie	1000021627	HTTP (syntaxe préfixée)
<Variable httpRequête>.RemplaceCookie	1000021623	HTTP (syntaxe préfixée)
<Variable iaModèleRéseauDeNeurones>.Détecte	1410089809	
<Variable Icône>.SauveICO	1000024343	dessin et de traitement des images (syntaxe préfixée)
<Variable Image>.ChangeMode	1000024039	dessin et de traitement des images (syntaxe préfixée)
<Variable Image>.Copie	1000024347	dessin et de traitement des images (syntaxe préfixée)
<Variable Image>.CouleurDominanteImage	1000024348	dessin et de traitement des images (syntaxe préfixée)
<Variable Image>.DébutDessin	1000024349	dessin et de traitement des images (syntaxe préfixée)
<Variable Image>.Découpe	1000024350	dessin et de traitement des images (syntaxe préfixée)
<Variable Image>.DessineArc	1000023983	dessin et de traitement des images (syntaxe préfixée)
<Variable Image>.DessineCadre	1000024019	dessin et de traitement des images (syntaxe préfixée)
<Variable Image>.DessineCercle	1000024038	dessin et de traitement des images (syntaxe préfixée)
<Variable Image>.DessineCorde	1000024040	dessin et de traitement des images (syntaxe préfixée)
<Variable Image>.DessineHalo	1000024359	dessin et de traitement des images (syntaxe préfixée)
<Variable Image>.DessineLigne	1000024230	dessin et de traitement des images (syntaxe préfixée)
<Variable Image>.DessineOmbre	1000024361	dessin et de traitement des images (syntaxe préfixée)
<Variable Image>.DessinePoint	1000024231	dessin et de traitement des images (syntaxe préfixée)
<Variable Image>.DessinePolygone	1000024233	dessin et de traitement des images (syntaxe préfixée)
<Variable Image>.DessinePolyligne	1000024234	dessin et de traitement des images (syntaxe préfixée)
<Variable Image>.DessinePortion	1000024235	dessin et de traitement des images (syntaxe préfixée)
<Variable Image>.DessineRectangle	1000024236	dessin et de traitement des images (syntaxe préfixée)
<Variable Image>.DessineRectangleArrondi	1000024237	dessin et de traitement des images (syntaxe préfixée)
<Variable Image>.DessineRectangleDégradé	1000024238	dessin et de traitement des images (syntaxe préfixée)
<Variable Image>.DessineTexte	1000024242	dessin et de traitement des images (syntaxe préfixée)
<Variable Image>.DessineTexteMarkdown	1410089254	dessin et de traitement des images (syntaxe préfixée)
<Variable Image>.DessineTexteRTF	1000024241	dessin et de traitement des images (syntaxe préfixée)
<Variable Image>.Différence	1410091284	dessin et de traitement des images (syntaxe préfixée)
<Variable Image>.Efface	1410090484	dessin et de traitement des images (syntaxe préfixée)
<Variable Image>.FinDessin	1000024351	dessin et de traitement des images (syntaxe préfixée)
<Variable Image>.Flou	1410089007	dessin et de traitement des images (syntaxe préfixée)
<Variable Image>.Fond	1000024056	dessin et de traitement des images (syntaxe préfixée)
<Variable Image>.Fusionne	1000024352	dessin et de traitement des images (syntaxe préfixée)
<Variable Image>.IncrusteCouleur	1000024360	dessin et de traitement des images (syntaxe préfixée)
<Variable Image>.InverseCouleur	1000024353	dessin et de traitement des images (syntaxe préfixée)
<Variable Image>.ModifieContraste	1410089004	dessin et de traitement des images (syntaxe préfixée)
<Variable Image>.ModifieLuminosité	1000024354	dessin et de traitement des images (syntaxe préfixée)
<Variable Image>.ModifieOpacité	1000024355	dessin et de traitement des images (syntaxe préfixée)
<Variable Image>.ModifieSaturation	1000024356	dessin et de traitement des images (syntaxe préfixée)
<Variable Image>.ModifieTeinte	1000024357	dessin et de traitement des images (syntaxe préfixée)
<Variable Image>.ModifieTSL	1000024358	dessin et de traitement des images (syntaxe préfixée)
<Variable Image>.PixelCouleur	1000024362	dessin et de traitement des images (syntaxe préfixée)
<Variable Image>.PixelOpacité	1000024363	dessin et de traitement des images (syntaxe préfixée)
<Variable Image>.Police	1000024232	dessin et de traitement des images (syntaxe préfixée)
<Variable Image>.Redimensionne	1000024364	dessin et de traitement des images (syntaxe préfixée)
<Variable Image>.Redresse	1410089482	dessin et de traitement des images (syntaxe préfixée)
<Variable Image>.Remplissage	1000024239	dessin et de traitement des images (syntaxe préfixée)
<Variable Image>.Rotation	1000024365	dessin et de traitement des images (syntaxe préfixée)
<Variable Image>.SauveBMP	1000024366	dessin et de traitement des images (syntaxe préfixée)
<Variable Image>.SauveGIF	1000024367	dessin et de traitement des images (syntaxe préfixée)
<Variable Image>.SauveJPEG	1000024368	dessin et de traitement des images (syntaxe préfixée)
<Variable Image>.SauvePNG	1000024369	dessin et de traitement des images (syntaxe préfixée)
<Variable Image>.Stylo	1000024240	dessin et de traitement des images (syntaxe préfixée)
<Variable Image>.SymétrieHorizontale	1000024370	dessin et de traitement des images (syntaxe préfixée)
<Variable Image>.SymétrieVerticale	1000024371	dessin et de traitement des images (syntaxe préfixée)
<Variable JSON>.VersChaîne	1410089810	
<Variable JSON>.VersXML	1410087332	
<Variable Liste>.Info	1000019588	gestion des files, des piles et des listes (syntaxe préfixée)
<Variable mongoBase>.CréeCollection	1000023612	MongoDB (syntaxe préfixée)
<Variable mongoBase>.ExécuteCommande	1000023636	MongoDB (syntaxe préfixée)
<Variable mongoBase>.Info	1000025396	MongoDB (syntaxe préfixée)
<Variable mongoBase>.SupprimeBase	1000025399	MongoDB (syntaxe préfixée)
<Variable mongoCollection>.Ajoute	1000025345	MongoDB (syntaxe préfixée)
<Variable mongoCollection>.Cherche	1000025356	MongoDB (syntaxe préfixée)
<Variable mongoCollection>.ExécuteCommande	1000023819	MongoDB (syntaxe préfixée)
<Variable mongoCollection>.ExécuteLotOpérations	1410089633	MongoDB (syntaxe préfixée)
<Variable mongoCollection>.ModifieTout	1000025397	MongoDB (syntaxe préfixée)
<Variable mongoCollection>.ModifieUn	1000025398	MongoDB (syntaxe préfixée)
<Variable mongoCollection>.SupprimeCollection	1000025400	MongoDB (syntaxe préfixée)
<Variable mongoCollection>.SupprimeTout	1000025401	MongoDB (syntaxe préfixée)
<Variable mongoCollection>.SupprimeUn	1000025402	MongoDB (syntaxe préfixée)
<Variable mongoGridFS>.EnvoieFichier	1000025357	MongoDB (syntaxe préfixée)
<Variable mongoGridFS>.ListeFichier	1000025358	MongoDB (syntaxe préfixée)
<Variable mongoGridFS>.RécupèreFichier	1000025391	MongoDB (syntaxe préfixée)
<Variable mongoGridFS>.RécupèreFichierParID	1000025392	MongoDB (syntaxe préfixée)
<Variable mongoGridFS>.RécupèreInfoFichier	1000025393	MongoDB (syntaxe préfixée)
<Variable mongoGridFS>.SupprimeFichier	1000025394	MongoDB (syntaxe préfixée)
<Variable mongoGridFS>.SupprimeFichierParID	1000025395	MongoDB (syntaxe préfixée)
<Variable mqttSession>.Abonne	1000023083	MQTT (syntaxe préfixée)
<Variable mqttSession>.Connecte	1000023084	MQTT (syntaxe préfixée)
<Variable mqttSession>.Déconnecte	1000023085	MQTT (syntaxe préfixée)
<Variable mqttSession>.Désabonne	1000023086	MQTT (syntaxe préfixée)
<Variable mqttSession>.DésabonneTout	1000023090	MQTT (syntaxe préfixée)
<Variable mqttSession>.Publie	1000023091	MQTT (syntaxe préfixée)
<Variable Notification>.Ajoute	1410090431	gestion du téléphone (syntaxe préfixée)
<Variable Notification>.Envoie	1410088028	
<Variable Notification>.EnvoiePush	1410090433	gestion du téléphone (syntaxe préfixée)
<Variable Notification>.EnvoiePushAbonné	1410090479	gestion du téléphone (syntaxe préfixée)
<Variable Notification>.Modifie	1410090432	gestion du téléphone (syntaxe préfixée)
<Variable Notification>.Supprime	1410090434	gestion du téléphone (syntaxe préfixée)
<Variable Palette>.Charge	1410091000	Palette (syntaxe préfixée)
<Variable Palette>.Génère	1410091001	Palette (syntaxe préfixée)
<Variable Palette>.Sauve	1410091002	Palette (syntaxe préfixée)
<Variable pdfDocument>.AjouteFiligrane	1410087872	gestion des fichiers PDF (syntaxe préfixée)
<Variable pdfDocument>.Extrait	1410090636	
<Variable pdfDocument>.ExtraitPage	1410090338	gestion des fichiers PDF (syntaxe préfixée)
<Variable pdfDocument>.NbSignature	1410088154	gestion des fichiers PDF (syntaxe préfixée)
<Variable pdfDocument>.RécupèreDateSignature	1410088157	gestion des fichiers PDF (syntaxe préfixée)
<Variable pdfDocument>.RécupèreSignature	1410088159	gestion des fichiers PDF (syntaxe préfixée)
<Variable pdfDocument>.Sauve	1410088160	gestion des fichiers PDF (syntaxe préfixée)
<Variable pdfDocument>.Signe	1410090339	gestion des fichiers PDF (syntaxe préfixée)
<Variable pdfDocument>.VérifieSignatures	1410091037	gestion des fichiers PDF (syntaxe préfixée)
<Variable pdfDocument>.VersTexte	1410090340	gestion des fichiers PDF (syntaxe préfixée)
<Variable pdfPage>.AjouteFiligrane	1410087871	gestion des fichiers PDF (syntaxe préfixée)
<Variable pdfPage>.AjouteImage	1410087875	gestion des fichiers PDF (syntaxe préfixée)
<Variable picCalque>.ChangeMode	1000024432	dessin et de traitement des images (syntaxe préfixée)
<Variable picCalque>.DébutDessin	1000024470	dessin et de traitement des images (syntaxe préfixée)
<Variable picCalque>.DessineArc	1000024939	dessin et de traitement des images (syntaxe préfixée)
<Variable picCalque>.DessineCercle	1000024940	dessin et de traitement des images (syntaxe préfixée)
<Variable picCalque>.DessineCorde	1000024469	dessin et de traitement des images (syntaxe préfixée)
<Variable picCalque>.DessineLigne	1000024495	dessin et de traitement des images (syntaxe préfixée)
<Variable picCalque>.DessinePoint	1000024500	dessin et de traitement des images (syntaxe préfixée)
<Variable picCalque>.DessinePolygone	1000024504	dessin et de traitement des images (syntaxe préfixée)
<Variable picCalque>.DessinePolyligne	1000024557	dessin et de traitement des images (syntaxe préfixée)
<Variable picCalque>.DessinePortion	1000024561	dessin et de traitement des images (syntaxe préfixée)
<Variable picCalque>.DessineRectangle	1000024564	dessin et de traitement des images (syntaxe préfixée)
<Variable picCalque>.DessineRectangleArrondi	1000024565	dessin et de traitement des images (syntaxe préfixée)
<Variable picCalque>.DessineRectangleDégradé	1000024581	dessin et de traitement des images (syntaxe préfixée)
<Variable picCalque>.DessineTexte	1000024657	dessin et de traitement des images (syntaxe préfixée)
<Variable picCalque>.DessineTexteMarkdown	1410089255	dessin et de traitement des images (syntaxe préfixée)
<Variable picCalque>.DessineTexteRTF	1000024862	dessin et de traitement des images (syntaxe préfixée)
<Variable picCalque>.Différence	1410091286	dessin et de traitement des images (syntaxe préfixée)
<Variable picCalque>.FinDessin	1000024473	dessin et de traitement des images (syntaxe préfixée)
<Variable picCalque>.Flou	1410089009	dessin et de traitement des images (syntaxe préfixée)
<Variable picCalque>.Fond	1000024480	dessin et de traitement des images (syntaxe préfixée)
<Variable picCalque>.Fusionne	1000024491	dessin et de traitement des images (syntaxe préfixée)
<Variable picCalque>.InverseCouleur	1000024492	dessin et de traitement des images (syntaxe préfixée)
<Variable picCalque>.PixelCouleur	1000024496	dessin et de traitement des images (syntaxe préfixée)
<Variable picCalque>.PixelOpacité	1000024499	dessin et de traitement des images (syntaxe préfixée)
<Variable picCalque>.Police	1000024503	dessin et de traitement des images (syntaxe préfixée)
<Variable picCalque>.Redimensionne	1000024582	dessin et de traitement des images (syntaxe préfixée)
<Variable picCalque>.Redresse	1410089483	dessin et de traitement des images (syntaxe préfixée)
<Variable picCalque>.Remplissage	1000024588	dessin et de traitement des images (syntaxe préfixée)
<Variable picCalque>.Rotation	1000024590	dessin et de traitement des images (syntaxe préfixée)
<Variable picCalque>.SymétrieHorizontale	1000024639	dessin et de traitement des images (syntaxe préfixée)
<Variable picCalque>.SymétrieVerticale	1000024642	dessin et de traitement des images (syntaxe préfixée)
<Variable picCaqlue>.Stylo	1000024637	dessin et de traitement des images (syntaxe préfixée)
<Variable Pile>.Dépile	1000019589	gestion des files, des piles et des listes (syntaxe préfixée)
<Variable Pile>.Empile	1000019590	gestion des files, des piles et des listes (syntaxe préfixée)
<Variable Pile>.Info	1000019639	gestion des files, des piles et des listes (syntaxe préfixée)
<Variable Polygone2D>.Aire	1410090517	gestion des données spatiales (syntaxe préfixée)
<Variable Polygone2D>.Chevauche	1410090519	gestion des données spatiales (syntaxe préfixée)
<Variable Polygone2D>.Contient	1410090522	gestion des données spatiales (syntaxe préfixée)
<Variable Polygone2D>.Corrige	1410090523	gestion des données spatiales (syntaxe préfixée)
<Variable Polygone2D>.Couvre	1410090526	gestion des données spatiales (syntaxe préfixée)
<Variable Polygone2D>.Croise	1410090527	gestion des données spatiales (syntaxe préfixée)
<Variable Polygone2D>.Différence	1410090530	gestion des données spatiales (syntaxe préfixée)
<Variable Polygone2D>.DifférenceSymétrique	1410090531	gestion des données spatiales (syntaxe préfixée)
<Variable Polygone2D>.Disjoint	1410090563	gestion des données spatiales (syntaxe préfixée)
<Variable Polygone2D>.Distance	1410090566	gestion des données spatiales (syntaxe préfixée)
<Variable Polygone2D>.Egale	1410090567	gestion des données spatiales (syntaxe préfixée)
<Variable Polygone2D>.EnveloppeConvexe	1410090588	gestion des données spatiales (syntaxe préfixée)
<Variable Polygone2D>.EstContenu	1410090571	gestion des données spatiales (syntaxe préfixée)
<Variable Polygone2D>.EstCouvert	1410090572	gestion des données spatiales (syntaxe préfixée)
<Variable Polygone2D>.EstValide	1410090575	gestion des données spatiales (syntaxe préfixée)
<Variable Polygone2D>.Intersecte	1410090576	gestion des données spatiales (syntaxe préfixée)
<Variable Polygone2D>.Intersection	1410090579	gestion des données spatiales (syntaxe préfixée)
<Variable Polygone2D>.Périmètre	1410090580	gestion des données spatiales (syntaxe préfixée)
<Variable Polygone2D>.SérialiseWKT	1410090583	gestion des données spatiales (syntaxe préfixée)
<Variable Polygone2D>.Touche	1410090584	gestion des données spatiales (syntaxe préfixée)
<Variable Polygone2D>.Union	1410090587	gestion des données spatiales (syntaxe préfixée)
<Variable PolygoneGéo>.Aire	1410090518	gestion des données spatiales (syntaxe préfixée)
<Variable PolygoneGéo>.Chevauche	1410090520	gestion des données spatiales (syntaxe préfixée)
<Variable PolygoneGéo>.Contient	1410090521	gestion des données spatiales (syntaxe préfixée)
<Variable PolygoneGéo>.Corrige	1410090524	gestion des données spatiales (syntaxe préfixée)
<Variable PolygoneGéo>.Couvre	1410090525	gestion des données spatiales (syntaxe préfixée)
<Variable PolygoneGéo>.Croise	1410090528	gestion des données spatiales (syntaxe préfixée)
<Variable PolygoneGéo>.Différence	1410090529	gestion des données spatiales (syntaxe préfixée)
<Variable PolygoneGéo>.DifférenceSymétrique	1410090532	gestion des données spatiales (syntaxe préfixée)
<Variable PolygoneGéo>.Disjoint	1410090564	gestion des données spatiales (syntaxe préfixée)
<Variable PolygoneGéo>.Distance	1410090565	gestion des données spatiales (syntaxe préfixée)
<Variable PolygoneGéo>.Egale	1410090568	gestion des données spatiales (syntaxe préfixée)
<Variable PolygoneGéo>.EnveloppeConvexe	1410090569	gestion des données spatiales (syntaxe préfixée)
<Variable PolygoneGéo>.EstContenu	1410090570	gestion des données spatiales (syntaxe préfixée)
<Variable PolygoneGéo>.EstCouvert	1410090573	gestion des données spatiales (syntaxe préfixée)
<Variable PolygoneGéo>.EstValide	1410090574	gestion des données spatiales (syntaxe préfixée)
<Variable PolygoneGéo>.Intersecte	1410090577	gestion des données spatiales (syntaxe préfixée)
<Variable PolygoneGéo>.Intersection	1410090578	gestion des données spatiales (syntaxe préfixée)
<Variable PolygoneGéo>.Périmètre	1410090581	gestion des données spatiales (syntaxe préfixée)
<Variable PolygoneGéo>.SérialiseWKT	1410090582	gestion des données spatiales (syntaxe préfixée)
<Variable PolygoneGéo>.Touche	1410090585	gestion des données spatiales (syntaxe préfixée)
<Variable PolygoneGéo>.Union	1410090586	gestion des données spatiales (syntaxe préfixée)
<Variable Polyligne2D>.AjoutePoint	1410090485	gestion des données spatiales (syntaxe préfixée)
<Variable PolyligneGéo>.AjoutePoint	1410090486	gestion des données spatiales (syntaxe préfixée)
<Variable redisConnexion>.Déconnecte	1410090488	gestion d'une base Big Data Redis (syntaxe préfixée)
<Variable restRequête>.Envoie	1410089811	HTTP (syntaxe préfixée)
<Variable Scanneur>.AvecInterfaceUtilisateur	1410087860	gestion des scanneurs (syntaxe préfixée)
<Variable Scanneur>.Capacité	1410088721	gestion des scanneurs (syntaxe préfixée)
<Variable Scanneur>.Propriété	1410087863	gestion des scanneurs (syntaxe préfixée)
<Variable Scanneur>.VersImage	1410087864	gestion des scanneurs (syntaxe préfixée)
<Variable Scanneur>.VersPDF	1410087866	gestion des scanneurs (syntaxe préfixée)
<Variable sfConnexion>.Ajoute	1000018753	Salesforce (syntaxe préfixée)
<Variable sfConnexion>.AvanceRequête	1000018754	Salesforce (syntaxe préfixée)
<Variable sfConnexion>.Connecte	1000018756	Salesforce (syntaxe préfixée)
<Variable sfConnexion>.ConvertitPiste	1000018757	Salesforce (syntaxe préfixée)
<Variable sfConnexion>.Déconnecte	1000018760	Salesforce (syntaxe préfixée)
<Variable sfConnexion>.ExécuteRequête	1000018762	Salesforce (syntaxe préfixée)
<Variable sfConnexion>.ExécuteTraitement	1000018766	Salesforce (syntaxe préfixée)
<Variable sfConnexion>.Fusionne	1000018769	Salesforce (syntaxe préfixée)
<Variable sfConnexion>.Lit	1000018770	Salesforce (syntaxe préfixée)
<Variable sfConnexion>.Modifie	1000018771	Salesforce (syntaxe préfixée)
<Variable sfConnexion>.Recherche	1000018772	Salesforce (syntaxe préfixée)
<Variable sfConnexion>.RechercheModifié	1000018773	Salesforce (syntaxe préfixée)
<Variable sfConnexion>.RechercheSupprimé	1000018774	Salesforce (syntaxe préfixée)
<Variable sfConnexion>.Restaure	1000018775	Salesforce (syntaxe préfixée)
<Variable sfConnexion>.Supprime	1000018776	Salesforce (syntaxe préfixée)
<Variable sfConnexion>.VideCorbeille	1000018778	Salesforce (syntaxe préfixée)
<Variable SignalAutomatique>.Attend	1000024380	gestion des threads (syntaxe préfixée)
<Variable SignalAutomatique>.Ferme	1000024383	gestion des threads (syntaxe préfixée)
<Variable SignalAutomatique>.Ouvre	1000024385	gestion des threads (syntaxe préfixée)
<Variable SignalManuel>.Attend	1000024381	gestion des threads (syntaxe préfixée)
<Variable SignalManuel>.Ferme	1000024382	gestion des threads (syntaxe préfixée)
<Variable SignalManuel>.Ouvre	1000024384	gestion des threads (syntaxe préfixée)
<Variable sshSession>.Commande	1410091176	SSH (syntaxe préfixée)
<Variable sshSession>.ConnecteCommande	1410091177	SSH (syntaxe préfixée)
<Variable sshSession>.ConnecteShell	1000021163	SSH (syntaxe préfixée)
<Variable sshSession>.DéconnecteCommande	1410091178	SSH (syntaxe préfixée)
<Variable sshSession>.DéconnecteShell	1000021164	SSH (syntaxe préfixée)
<Variable sshSession>.Ecrit	1000021166	SSH (syntaxe préfixée)
<Variable sshSession>.Lit	1000021167	SSH (syntaxe préfixée)
<Variable sshSession>.SCPEnvoieFichier	1410089494	
<Variable sshSession>.SCPRécupèreFichier	1410089493	
<Variable sysNotificationJauge>.Maj	1410091057	
<Variable TâcheParallèle>.Attend	1000021604	gestion des tâches parallèles (syntaxe préfixée)
<Variable TâcheParallèle>.DemandeAnnulation	1000021605	gestion des tâches parallèles (syntaxe préfixée)
<Variable TâcheParallèle>.Exécute	1000021667	gestion des tâches parallèles (syntaxe préfixée)
<Variable TâcheParallèle>.ExécuteAprès	1000021668	gestion des tâches parallèles (syntaxe préfixée)
<Variable Thread>.Attend	1000024880	gestion des threads (syntaxe préfixée)
<Variable Tiff>.SauveTIFF	1000024346	dessin et de traitement des images (syntaxe préfixée)
<Variable upnpPériphérique>.MédiaArrêt	1000020979	DLNA / UPnP (syntaxe préfixée)
<Variable upnpPériphérique>.MédiaJoue	1000020985	DLNA / UPnP (syntaxe préfixée)
<Variable upnpPériphérique>.MédiaOuvre	1000020986	DLNA / UPnP (syntaxe préfixée)
<Variable upnpPériphérique>.MédiaPause	1000020987	DLNA / UPnP (syntaxe préfixée)
<Variable upnpPériphérique>.ModifieContraste	1000020989	DLNA / UPnP (syntaxe préfixée)
<Variable upnpPériphérique>.ModifieLuminosité	1000020990	DLNA / UPnP (syntaxe préfixée)
<Variable upnpPériphérique>.ModifieMuet	1000020991	DLNA / UPnP (syntaxe préfixée)
<Variable upnpPériphérique>.ModifieNetteté	1000020992	DLNA / UPnP (syntaxe préfixée)
<Variable upnpPériphérique>.ModifieVolume	1000020993	DLNA / UPnP (syntaxe préfixée)
<Variable upnpPériphérique>.RécupèreContraste	1000020994	DLNA / UPnP (syntaxe préfixée)
<Variable upnpPériphérique>.RécupèreLuminosité	1000020995	DLNA / UPnP (syntaxe préfixée)
<Variable upnpPériphérique>.RécupèreMuet	1000020996	DLNA / UPnP (syntaxe préfixée)
<Variable upnpPériphérique>.RécupèreNetteté	1000020997	DLNA / UPnP (syntaxe préfixée)
<Variable upnpPériphérique>.RécupèreVolume	1000020999	DLNA / UPnP (syntaxe préfixée)
<Variable upnpService>.ExécuteAction	1000020973	DLNA / UPnP (syntaxe préfixée)
<Variable WDPic>.ChangeMode	1000024405	dessin et de traitement des images (syntaxe préfixée)
<Variable WDPic>.DébutDessin	1000024471	dessin et de traitement des images (syntaxe préfixée)
<Variable WDPic>.DessineArc	1000024387	dessin et de traitement des images (syntaxe préfixée)
<Variable WDPic>.DessineCercle	1000024388	dessin et de traitement des images (syntaxe préfixée)
<Variable WDPic>.DessineCorde	1000024468	dessin et de traitement des images (syntaxe préfixée)
<Variable WDPic>.DessineLigne	1000024494	dessin et de traitement des images (syntaxe préfixée)
<Variable WDPic>.DessinePoint	1000024501	dessin et de traitement des images (syntaxe préfixée)
<Variable WDPic>.DessinePolygone	1000024521	dessin et de traitement des images (syntaxe préfixée)
<Variable WDPic>.DessinePolyligne	1000024522	dessin et de traitement des images (syntaxe préfixée)
<Variable WDPic>.DessinePortion	1000024562	dessin et de traitement des images (syntaxe préfixée)
<Variable WDPic>.DessineRectangle	1000024563	dessin et de traitement des images (syntaxe préfixée)
<Variable WDPic>.DessineRectangleArrondi	1000024566	dessin et de traitement des images (syntaxe préfixée)
<Variable WDPic>.DessineRectangleDégradé	1000024567	dessin et de traitement des images (syntaxe préfixée)
<Variable WDPic>.DessineTexte	1000024676	dessin et de traitement des images (syntaxe préfixée)
<Variable WDPic>.DessineTexteMarkdown	1410089256	dessin et de traitement des images (syntaxe préfixée)
<Variable WDPic>.DessineTexteRTF	1000024757	dessin et de traitement des images (syntaxe préfixée)
<Variable WDPic>.Différence	1410091285	dessin et de traitement des images (syntaxe préfixée)
<Variable WDPic>.FinDessin	1000024472	dessin et de traitement des images (syntaxe préfixée)
<Variable WDPic>.Flou	1410089008	dessin et de traitement des images (syntaxe préfixée)
<Variable WDPic>.Fond	1000024481	dessin et de traitement des images (syntaxe préfixée)
<Variable WDPic>.Fusionne	1000024482	dessin et de traitement des images (syntaxe préfixée)
<Variable WDPic>.FusionneCalque	1000024866	gestion du champ Editeur d'images et des variables WDPic (syntaxe préfixée)
<Variable WDPic>.InverseCouleur	1000024493	dessin et de traitement des images (syntaxe préfixée)
<Variable WDPic>.PixelCouleur	1000024497	dessin et de traitement des images (syntaxe préfixée)
<Variable WDPic>.PixelOpacité	1000024498	dessin et de traitement des images (syntaxe préfixée)
<Variable WDPic>.Police	1000024502	dessin et de traitement des images (syntaxe préfixée)
<Variable WDPic>.Redimensionne	1000024920	gestion du champ Editeur d'images et des variables WDPic (syntaxe préfixée)
<Variable WDPic>.Remplissage	1000024589	dessin et de traitement des images (syntaxe préfixée)
<Variable WDPic>.Rotation	1000024922	gestion du champ Editeur d'images et des variables WDPic (syntaxe préfixée)
<Variable WDPic>.Sauve	1000024923	gestion du champ Editeur d'images et des variables WDPic (syntaxe préfixée)
<Variable WDPic>.Stylo	1000024636	dessin et de traitement des images (syntaxe préfixée)
<Variable WDPic>.SymétrieHorizontale	1000024640	dessin et de traitement des images (syntaxe préfixée)
<Variable WDPic>.SymétrieVerticale	1000024641	dessin et de traitement des images (syntaxe préfixée)
<Variable websocketClient>.Déconnecte	1000026067	WebSocket (syntaxe préfixée)
<Variable websocketClient>.Envoie	1000026068	WebSocket (syntaxe préfixée)
<Variable websocketClient>.Exécute	1000026113	WebSocket (syntaxe préfixée)
<Variable wsRequête>.AjouteAssertionSAML	1000023948	SOAP (syntaxe préfixée)
<Variable wsRequête>.AjouteSignatureXML	1000023950	SOAP (syntaxe préfixée)
<Variable xlsDocument>.AjouteFeuille	1000021509	gestion des fichiers XLS (syntaxe préfixée)
<Variable xlsDocument>.DéfusionneCellule	1410089571	gestion des fichiers XLS (syntaxe préfixée)
<Variable xlsDocument>.Ferme	1000021510	gestion des fichiers XLS (syntaxe préfixée)
<Variable xlsDocument>.FusionneCellule	1410089568	gestion des fichiers XLS (syntaxe préfixée)
<Variable xlsDocument>.RecalculeTout	1410089739	gestion des fichiers XLS (syntaxe préfixée)
<Variable xlsDocument>.RécupèreFusion	1410089569	gestion des fichiers XLS (syntaxe préfixée)
<Variable xlsDocument>.Sauve	1000021511	gestion des fichiers XLS (syntaxe préfixée)
<Variable xlsDocument>.SupprimeFeuille	1000021512	gestion des fichiers XLS (syntaxe préfixée)
<Variable xmlDocument>.ConstruitChaîne	1000023891	XML (syntaxe préfixée)
<Variable xmlDocument>.DocumentValide	1000023892	XML (syntaxe préfixée)
<Variable xmlDocument>.ExécuteXPath	1000023893	XML (syntaxe préfixée)
<Variable xmlDocument>.Sauve	1000023895	XML (syntaxe préfixée)
<Variable xmlNoeud>.ChercheNamespaceParNom	1000023889	XML (syntaxe préfixée)
<Variable xmlNoeud>.ChercheNamespaceParURI	1000023890	XML (syntaxe préfixée)
<Variable xmlNoeud>.NoeudValide	1000023894	XML (syntaxe préfixée)
<Variable xsdEntité>.AjouteAttribut	1000023949	SOAP (syntaxe préfixée)
<Variable zipArchive>.AjouteFichier	1000019050	archivage (gestion des ZIP, WDZ, CAB, RAR, 7z, TAR, gzip, ...) (syntaxe préfixée)
<Variable zipArchive>.AjouteListeFichier	1000019159	archivage (gestion des ZIP, WDZ, CAB, RAR, 7z, TAR, gzip, ...) (syntaxe préfixée)
<Variable zipArchive>.AjouteRépertoire	1000019078	archivage (gestion des ZIP, WDZ, CAB, RAR, 7z, TAR, gzip, ...) (syntaxe préfixée)
<Variable zipArchive>.ChangeChemin	1000026329	archivage (gestion des ZIP, WDZ, CAB, RAR, 7z, TAR, gzip, ...) (syntaxe préfixée)
<Variable zipArchive>.ChercheFichier	1000026330	archivage (gestion des ZIP, WDZ, CAB, RAR, 7z, TAR, gzip, ...) (syntaxe préfixée)
<Variable zipArchive>.Crée	1000019160	archivage (gestion des ZIP, WDZ, CAB, RAR, 7z, TAR, gzip, ...) (syntaxe préfixée)
<Variable zipArchive>.CréeExe	1000019079	archivage (gestion des ZIP, WDZ, CAB, RAR, 7z, TAR, gzip, ...) (syntaxe préfixée)
<Variable zipArchive>.DébutAjoutFichier	1410091280	archivage (gestion des ZIP, WDZ, CAB, RAR, 7z, TAR, gzip, ...) (syntaxe préfixée)
<Variable zipArchive>.Découpe	1000019161	archivage (gestion des ZIP, WDZ, CAB, RAR, 7z, TAR, gzip, ...) (syntaxe préfixée)
<Variable zipArchive>.EstMulti	1000019080	archivage (gestion des ZIP, WDZ, CAB, RAR, 7z, TAR, gzip, ...) (syntaxe préfixée)
<Variable zipArchive>.Existe	1000026332	archivage (gestion des ZIP, WDZ, CAB, RAR, 7z, TAR, gzip, ...) (syntaxe préfixée)
<Variable zipArchive>.ExtraitChemin	1000019081	archivage (gestion des ZIP, WDZ, CAB, RAR, 7z, TAR, gzip, ...) (syntaxe préfixée)
<Variable zipArchive>.ExtraitFichier	1000019082	archivage (gestion des ZIP, WDZ, CAB, RAR, 7z, TAR, gzip, ...) (syntaxe préfixée)
<Variable zipArchive>.ExtraitListeFichier	1000019084	archivage (gestion des ZIP, WDZ, CAB, RAR, 7z, TAR, gzip, ...) (syntaxe préfixée)
<Variable zipArchive>.ExtraitRépertoire	1000025755	archivage (gestion des ZIP, WDZ, CAB, RAR, 7z, TAR, gzip, ...) (syntaxe préfixée)
<Variable zipArchive>.ExtraitTout	1000019085	archivage (gestion des ZIP, WDZ, CAB, RAR, 7z, TAR, gzip, ...) (syntaxe préfixée)
<Variable zipArchive>.Ferme	1000019086	archivage (gestion des ZIP, WDZ, CAB, RAR, 7z, TAR, gzip, ...) (syntaxe préfixée)
<Variable zipArchive>.FichierEnCours	1000019090	archivage (gestion des ZIP, WDZ, CAB, RAR, 7z, TAR, gzip, ...) (syntaxe préfixée)
<Variable zipArchive>.FinAjoutFichier	1410091281	archivage (gestion des ZIP, WDZ, CAB, RAR, 7z, TAR, gzip, ...) (syntaxe préfixée)
<Variable zipArchive>.InfoFichier	1000019092	archivage (gestion des ZIP, WDZ, CAB, RAR, 7z, TAR, gzip, ...) (syntaxe préfixée)
<Variable zipArchive>.ListeFichier	1000019093	archivage (gestion des ZIP, WDZ, CAB, RAR, 7z, TAR, gzip, ...) (syntaxe préfixée)
<Variable zipArchive>.NbPartieNécessaire	1000019094	archivage (gestion des ZIP, WDZ, CAB, RAR, 7z, TAR, gzip, ...) (syntaxe préfixée)
<Variable zipArchive>.Ouvre	1000019097	archivage (gestion des ZIP, WDZ, CAB, RAR, 7z, TAR, gzip, ...) (syntaxe préfixée)
<Variable zipArchive>.OuvreCAB	1000019148	archivage (gestion des ZIP, WDZ, CAB, RAR, 7z, TAR, gzip, ...) (syntaxe préfixée)
<Variable zipArchive>.OuvreRAR	1000019150	archivage (gestion des ZIP, WDZ, CAB, RAR, 7z, TAR, gzip, ...) (syntaxe préfixée)
<Variable zipArchive>.Regroupe	1000019151	archivage (gestion des ZIP, WDZ, CAB, RAR, 7z, TAR, gzip, ...) (syntaxe préfixée)
<Variable zipArchive>.SupprimeFichier	1000019152	archivage (gestion des ZIP, WDZ, CAB, RAR, 7z, TAR, gzip, ...) (syntaxe préfixée)
<Variable zipArchive>.SupprimeListeFichier	1000019153	archivage (gestion des ZIP, WDZ, CAB, RAR, 7z, TAR, gzip, ...) (syntaxe préfixée)
<Variable zipArchive>.SupprimeTout	1000019154	archivage (gestion des ZIP, WDZ, CAB, RAR, 7z, TAR, gzip, ...) (syntaxe préfixée)
<Variable zipArchive>.TailleFichier	1000019155	archivage (gestion des ZIP, WDZ, CAB, RAR, 7z, TAR, gzip, ...) (syntaxe préfixée)
<VisiteGuidée>.Arrête	1410090323	
<VisiteGuidée>.ChangeEtape	1410090324	
<VisiteGuidée>.Démarre	1410090325	
<VisiteGuidée>.Info	1410090326	
<Xaml>.Evénement	1000015009	Xaml (syntaxe préfixée)
<Xaml>.Propriété	1000015010	Xaml (syntaxe préfixée)
<xmlDocument>.VersJSON	1410087334	XML (syntaxe préfixée)
<xmlNoeud>.VersJSON	1410087333	XML (syntaxe préfixée)
<zipArchive>.SélectionFichier	1000026294	archivage (gestion des ZIP, WDZ, CAB, RAR, 7z, TAR, gzip, ...) (syntaxe préfixée)
<Zone multiligne>.AjouteLigne	1000020216	gestion des champs Zone multiligne (syntaxe préfixée)
<Zone multiligne>.InsèreLigne	1000020217	gestion des champs Zone multiligne (syntaxe préfixée)
<Zone multiligne>.Supprime	1000020218	gestion des champs Zone multiligne (syntaxe préfixée)
<Zone multiligne>.SupprimeTout	1000020219	gestion des champs Zone multiligne (syntaxe préfixée)
<Zone répétée>.Affiche	1000023451	gestion des champs Zone répétée (syntaxe préfixée)
<Zone répétée>.AffichePopup	1000023481	gestion des champs Zone répétée (syntaxe préfixée)
<Zone répétée>.Ajoute	1000023469	gestion des champs Zone répétée (syntaxe préfixée)
<Zone répétée>.AjouteDébut	1410090639	gestion des champs Zone répétée (syntaxe préfixée)
<Zone répétée>.AjouteFI	1000023474	gestion des champs Zone répétée (syntaxe préfixée)
<Zone répétée>.AjouteFIDébut	1410090640	gestion des champs Zone répétée (syntaxe préfixée)
<Zone répétée>.AjouteLigne	1000023475	gestion des champs Zone répétée (syntaxe préfixée)
<Zone répétée>.AjoutEnCours	1000023482	gestion des champs Zone répétée (syntaxe préfixée)
<Zone répétée>.AjoutePI	1410089490	gestion des champs Zone répétée (syntaxe préfixée)
<Zone répétée>.AnnuleBalayage	1000023483	gestion des champs Zone répétée (syntaxe préfixée)
<Zone répétée>.CherchePartout	1000023485	gestion des champs Zone répétée (syntaxe préfixée)
<Zone répétée>.DébutRemplissage	1000023487	gestion des champs Zone répétée (syntaxe préfixée)
<Zone répétée>.DéplaceLigne	1000023488	gestion des champs Zone répétée (syntaxe préfixée)
<Zone répétée>.Déroule	1000023489	gestion des champs Zone répétée (syntaxe préfixée)
<Zone répétée>.DérouleTout	1000023490	gestion des champs Zone répétée (syntaxe préfixée)
<Zone répétée>.Enregistre	1000023496	gestion des champs Zone répétée (syntaxe préfixée)
<Zone répétée>.Enroule	1000023497	gestion des champs Zone répétée (syntaxe préfixée)
<Zone répétée>.EnrouleDéroule	1000023499	gestion des champs Zone répétée (syntaxe préfixée)
<Zone répétée>.EnrouleTout	1000023500	gestion des champs Zone répétée (syntaxe préfixée)
<Zone répétée>.FinRemplissage	1000023501	gestion des champs Zone répétée (syntaxe préfixée)
<Zone répétée>.IndiceRupture	1000023502	gestion des champs Zone répétée (syntaxe objet)
<Zone répétée>.InfoXY	1000023508	gestion des champs Zone répétée (syntaxe préfixée)
<Zone répétée>.Insère	1000023509	gestion des champs Zone répétée (syntaxe préfixée)
<Zone répétée>.InsèreFI	1000023510	gestion des champs Zone répétée (syntaxe préfixée)
<Zone répétée>.InsèreLigne	1000023511	gestion des champs Zone répétée (syntaxe préfixée)
<Zone répétée>.InsèrePI	1410089491	gestion des champs Zone répétée (syntaxe préfixée)
<Zone répétée>.Modifie	1000023512	gestion des champs Zone répétée (syntaxe préfixée)
<Zone répétée>.ModifieFI	1000023519	gestion des champs Zone répétée (syntaxe préfixée)
<Zone répétée>.ModifieLigne	1000023520	gestion des champs Zone répétée (syntaxe préfixée)
<Zone répétée>.ModifiePI	1410089492	gestion des champs Zone répétée (syntaxe préfixée)
<Zone répétée>.NumEnr	1000023521	gestion des champs Zone répétée (syntaxe préfixée)
<Zone répétée>.Occurrence	1000023522	gestion des champs Zone répétée (syntaxe préfixée)
<Zone répétée>.Position	1000023523	gestion des champs Zone répétée (syntaxe préfixée)
<Zone répétée>.RafraîchissementVisible	1000023524	gestion des champs Zone répétée (syntaxe préfixée)
<Zone répétée>.RestaurePositionEtSélection	1000023525	gestion des champs Zone répétée (syntaxe préfixée)
<Zone répétée>.SauvePositionEtSélection	1000023696	gestion des champs Zone répétée (syntaxe préfixée)
<Zone répétée>.Select	1000023697	gestion des champs Zone répétée (syntaxe préfixée)
<Zone répétée>.SelectMoins	1000023698	gestion des champs Zone répétée (syntaxe préfixée)
<Zone répétée>.SelectOccurrence	1000023699	gestion des champs Zone répétée (syntaxe préfixée)
<Zone répétée>.SelectPlus	1000023700	gestion des champs Zone répétée (syntaxe préfixée)
<Zone répétée>.Supprime	1000023701	gestion des champs Zone répétée (syntaxe préfixée)
<Zone répétée>.SupprimeSelect	1000023702	gestion des champs Zone répétée (syntaxe préfixée)
<Zone répétée>.SupprimeTout	1000023703	gestion des champs Zone répétée (syntaxe préfixée)
<Zone répétée>.Trie	1000023704	gestion des champs Zone répétée (syntaxe préfixée)
<Zone répétée>.VersExcel	1000023705	gestion des champs Zone répétée (syntaxe préfixée)
<Zone répétée>.VersWord	1000023706	gestion des champs Zone répétée (syntaxe préfixée)
<Zone répétée>.VersXML	1000023707	gestion des champs Zone répétée (syntaxe préfixée)
Abandonne	1000017024	gestion des fenêtres
Abs	3050050	Mathématiques
AccessibilitéLecteurEcranActif	1410090330	
ActionBarRechercheVisible	1000021599	Action Bar
ActionBarSupprimeHistoriqueRecherche	1000021600	Action Bar
ActionDéclareUndo	1000022678	Action
ActionDo	1000022676	Action
ActionRapideAjoute	1410090053	Action rapide
ActionRapideEpingle	1410090069	Action rapide
ActionRapideListe	1410090067	Action rapide
ActionRapideSupprime	1410090064	Action rapide
ActionRapideSupprimeTout	1410090068	Action rapide
ActionRedo	1000022608	Action
ActionUndo	1000022677	Action
ActiveXEvénement	3025010	gestion des champs
AdminWBCréeCompte	1410089450	pilotage du Serveur d'application WEBDEV
AdminWBDéconnecte	1410089343	pilotage du Serveur d'application WEBDEV
AdminWBListeApplication	1410089996	pilotage du Serveur d'application WEBDEV
AdminWBListeCompte	1410089449	pilotage du Serveur d'application WEBDEV
AdminWBListeConnexion	1410089342	pilotage du Serveur d'application WEBDEV
AdminWBModifieCompte	1410089471	pilotage du Serveur d'application WEBDEV
AdminWBSupprimeApplication	1410089999	pilotage du Serveur d'application WEBDEV
AdminWBSupprimeCompte	1410089472	pilotage du Serveur d'application WEBDEV
AfficheLicence	1410090236	gestion du téléphone
Age	3027034	gestion des dates et des heures
AgendaAffiche	1000019425	Agenda
AgendaAffichePériodePrécédente	1000018886	Agenda
AgendaAffichePériodeSuivante	1000018885	Agenda
AgendaAjouteRendezVous	1000018877	Agenda
AgendaChangeMode	1000019497	Agenda
AgendaChangeZoom	1000018883	Agenda
AgendaCouleurFond	1000020004	Agenda
AgendaDateVisible	1000022875	Agenda
AgendaHeureAffichée	1000018888	Agenda
AgendaHeureOuvrable	1000022530	Agenda
AgendaInfoXY	1000018887	Agenda
AgendaListeRendezVous	1000018880	Agenda
AgendaMode	1000019545	Agenda
AgendaPlageSélectionnée	1000022399	Agenda
AgendaPosition	1000018889	Agenda
AgendaSelectMoins	1000019147	Agenda
AgendaSelectPlus	1000019003	Agenda
AgendaSupprimeRendezVous	1000018881	Agenda
AgendaSupprimeTout	1000018882	Agenda
AgendaVersiCalendar	1000021919	Agenda
AgendaZoom	1000018884	Agenda
Agrège	1000024744	Tableau
AJAXAnnuleAppelAsynchrone	3055110	Ajax
AJAXAppelAsynchroneEnCours	3055111	Ajax
AJAXDisponible	3055112	Ajax
AJAXExécute	3055114	Ajax
AJAXExécuteAsynchrone	3055115	Ajax
Ajoute	1000017348	Tableau
AjouteColonne	1000017350	Tableau
AjouteCommandeVocale	1000017106	Reconnaissance Vocale
AjouteFavori	3055004	gestion du navigateur
AjouteLien	1000019038	gestion des champs
AjouteLigne	1000017349	Tableau
AjouteRéférence	1000023933	Tableau
AlbumSauve	1000020191	Album
AlbumSélecteur	1000020186	Album
Allemagne.VérifieIdNr	1410089244	gestion des identifiants administratifs
Allemagne.VérifieNuméroFiscal	1410090227	gestion des identifiants administratifs
Allemagne.VérifieUStIdNr	1410089248	gestion des identifiants administratifs
AnalyseurDébut	3013012	diverses WINDEV
AnalyseurFin	3013002	diverses WINDEV
AndroidActivityResultProcédure	1410088881	gestion du téléphone
AnimationActive	1000017399	Animation
AnimationChangeParamètre	3017002	Animation
AnimationChangeType	3017001	Animation
AnimationJoue	1000017387	Animation
AnimationJoueSurPropriétéChamp	1000017398	Animation
AnimationLitParamètre	3017003	Animation
AnimationMinFPS	1000017400	Animation
AnimationPrépare	1000017386	Animation
AnnéeBissextile	1000023781	gestion des dates et des heures
AnnéeEnCours	1000019394	gestion des dates et des heures
AnnuleContexteAWP	1000017170	gestion des pages
AnnuleContexteWebservice	1000019591	Webservices
AnsiVersOem	3024007	gestion des chaînes
AnsiVersUnicode	3024002	gestion des chaînes
API	3014005	diverses Windows
APIParamètre	3014026	diverses Windows
AppelAJAXEnCours	1000025871	diverses WINDEV
AppelDLL32	3014003	diverses Windows
Appeler une procédure/une fonction	1513007	
AppelInterface	1000017088	diverses Windows
AppleIdentifiantPublicitaire	1410087936	gestion du téléphone
AppleSignIn	1000025404	gestion du téléphone
AppleTrackingDemandeAutorisationAsynchrone	1410087935	gestion du téléphone
AppleTrackingEtatAutorisation	1410087934	gestion du téléphone
AppliActiveVersion	1000018846	Mises à jour d'applications
AppliChangeParamètre	1000017260	Mises à jour d'applications
AppliContrôle	3013003	Mises à jour d'applications
AppliDéclencheMAJ	1000017261	Mises à jour d'applications
AppliDétecteMAJDisponible	1410087705	Mises à jour d'applications
AppliInfoVersion	1000018844	Mises à jour d'applications
AppliInstalleVersion	1000018918	Mises à jour d'applications
AppliListeVersion	1000018843	Mises à jour d'applications
AppliMAJDisponible	1000017293	Mises à jour d'applications
AppliOuvreFiche	1000020980	Exécutables
AppliParamètre	1000017268	Mises à jour d'applications
Applique	1000024856	Tableau
AppliSupprimeVersion	1000018847	Mises à jour d'applications
ArbreAffiche	1000019565	Arbre
ArbreAjoute	3018012	Arbre
ArbreCherche	3018030	Arbre
ArbreCopieElément	3018006	Arbre
ArbreDéplaceElément	3018024	Arbre
ArbreDéroule	3018007	Arbre
ArbreDérouleTout	3018022	Arbre
ArbreEnroule	3018008	Arbre
ArbreEnrouleTout	3018011	Arbre
ArbreEtat	3018015	Arbre
ArbreID	3018027	Arbre
ArbreInfoXY	3018026	Arbre
ArbreInsère	3018023	Arbre
ArbreListeFils	3018016	Arbre
ArbreModifie	3018013	Arbre
ArbreOccurrence	3018009	Arbre
ArbrePosition	3018005	Arbre
ArbreRécupèreFils	3018010	Arbre
ArbreRécupèreIdentifiant	3018004	Arbre
ArbreRécupèreIndice	1000023418	Arbre
ArbreSelect	3018003	Arbre
ArbreSelectMoins	1000019636	Arbre
ArbreSelectOccurrence	1000019376	Arbre
ArbreSelectPlus	3018002	Arbre
ArbreSupprime	3018001	Arbre
ArbreSupprimeFils	3018017	Arbre
ArbreSupprimeTout	3018018	Arbre
ArbreTrie	3018020	Arbre
ArbreTypeElément	3018014	Arbre
ArcCosinus	3050067	Mathématiques
ArcSinus	3050066	Mathématiques
ArcTang2	1000019879	Mathématiques
ArcTang	3050065	Mathématiques
Arrondi	3050063	Mathématiques
ArrondiAuMultiple	1410088706	Mathématiques
ArrondiInférieur	1000019395	Mathématiques
ArrondiSupérieur	1000019396	Mathématiques
Asc	3024004	gestion des chaînes
AscenseurAffiche	3025018	gestion des champs
AscenseurEstVisible	1000021644	gestion des champs
AscenseurPosition	1000021057	gestion des champs
AscenseurPositionMax	1000021826	gestion des champs
ASPAffiche	3012003	diverses WEBDEV
ASPExécute	3012007	diverses WEBDEV
AuthDéconnecte	1410090538	gestion des protocoles OAuth et OpenID
AuthIdentifie	1000022219	gestion des protocoles OAuth et OpenID
AuthImporteToken	1410089557	gestion des protocoles OAuth et OpenID
AuthIntrospecteToken	1410090841	gestion des protocoles OAuth et OpenID
AuthRécupèreInfoUtilisateur	1410090919	gestion des protocoles OAuth et OpenID
AuthRenouvelleToken	1000026168	gestion des protocoles OAuth et OpenID
AuthRévoqueToken	1410090634	gestion des protocoles OAuth et OpenID
AuthVérifieAuthentification	1410090756	gestion des protocoles OAuth et OpenID
AutoLanceAjoute	3019002	Exécutables
AutoLanceSupprime	3019001	Exécutables
AutomationEvénement	3013059	diverses WINDEV
AutomationParamètre	3013014	diverses WINDEV
Avertissement	3021009	Boîtes de dialogue
AvertissementAsynchrone	1000025270	Boîtes de dialogue
awEnvoieEtRécupèreInfo	1000022116	Apple Watch
awEnvoieInfo	1000022117	Apple Watch
awProcédureRéceptionEtEnvoiInfo	1000022118	Apple Watch
awProcédureRéceptionInfo	1000022119	Apple Watch
BandeauArrêteDéfilement	1000022512	Bandeau défilant
BandeauDernier	1000022516	Bandeau défilant
BandeauLanceDéfilement	1000022511	Bandeau défilant
BandeauPrécédent	1000022515	Bandeau défilant
BandeauPremier	1000022513	Bandeau défilant
BandeauSuivant	1000022514	Bandeau défilant
BarreAttache	3020003	Barre d'outils
BarreDétache	3020001	Barre d'outils
BarrePosition	3020004	Barre d'outils
BeaconArrêteDétectionEnArrièrePlan	1000023114	Beacon
BeaconArrêteDétectionPrécise	1000023116	Beacon
BeaconDétecteEnArrièrePlan	1000023112	Beacon
BeaconDétectePrécis	1000023115	Beacon
BeaconListeDétectionEnArrièrePlan	1000023113	Beacon
Belgique.VérifieBCE	1410089348	gestion des identifiants administratifs
Belgique.VérifieNISS	1410089349	gestion des identifiants administratifs
Belgique.VérifieNuméroFiscal	1410090223	gestion des identifiants administratifs
Belgique.VérifieUE	1410089350	gestion des identifiants administratifs
Bip	3013004	diverses WINDEV
BitcoinAdresseValide	1410088858	BitcoinCore
BitcoinCoreConnexionOccurrence	1410090772	BitcoinCore
BitcoinCoreDateHeureDernierBloc	1410090322	BitcoinCore
BitcoinCoreDateHeureDernierLancement	1410090771	BitcoinCore
BitcoinCoreDifficulté	1410086761	BitcoinCore
BitcoinCoreEspaceDisqueUtilisé	1410090773	BitcoinCore
BitcoinCoreHashBloc	1410090774	BitcoinCore
BitcoinCoreNombreBloc	1410090321	BitcoinCore
BitcoinCoreNombreHashParSeconde	1410090319	BitcoinCore
BitcoinCoreParamètre	1410090320	BitcoinCore
BitcoinCoreTauxHash	1410086762	BitcoinCore
BoutonSegmentéAjoute	1410090834	Bouton segmenté
BoutonSegmentéInsère	1410090835	Bouton segmenté
BoutonSegmentéSupprime	1410090836	Bouton segmenté
BoutonSegmentéSupprimeTout	1410090837	Bouton segmenté
Brésil.VérifieCNPJ	1410089249	gestion des identifiants administratifs
Brésil.VérifieCPF	1410089245	gestion des identifiants administratifs
Brésil.VérifieNuméroFiscal	1410090228	gestion des identifiants administratifs
BTAccepteConnexion	1000017128	Bluetooth
BTActive	1000019359	Bluetooth
BTActiveService	1000017142	Bluetooth
BTChangeConnectivité	1000017130	Bluetooth
BTChangeVisibilité	1000017129	Bluetooth
BTConnectePériphérique	1000017146	Bluetooth
BTDéconnectePériphérique	1000017147	Bluetooth
BTDésactiveService	1000017143	Bluetooth
BTEstVisible	1000017127	Bluetooth
BTEtat	1000019360	Bluetooth
BTInfoPériphérique	1000017133	Bluetooth
BTInfoRadio	1000017126	Bluetooth
BTLECaractéristiqueChangementValeur	1000022071	BTLE
BTLECaractéristiqueEcritValeur	1000022070	BTLE
BTLECaractéristiqueLitValeur	1000022069	BTLE
BTLEConnecte	1000021884	BTLE
BTLEDéconnecte	1000021883	BTLE
BTLEDescripteurEcritValeur	1000022073	BTLE
BTLEDescripteurLitValeur	1000022072	BTLE
BTLEEtat	1000021885	BTLE
BTLEEtatConnexion	1000022068	BTLE
BTLEInitialise	1000022110	BTLE
BTLEInitialisePériphérique	1410087620	BTLE
BTLEListePériphérique	1000021882	BTLE
BTLERécupèreTousServices	1000022114	BTLE
BTLERécupèreToutesCaractéristiques	1000022115	BTLE
BTLERécupèreUnDescripteur	1000022112	BTLE
BTLERécupèreUneCaractéristique	1000022113	BTLE
BTLERécupèreUnService	1000022111	BTLE
BTListePériphérique	1000017132	Bluetooth
BTListeRadio	1000017125	Bluetooth
BTListeService	1000017141	Bluetooth
BTOuvrePropriétésPériphérique	1000017134	Bluetooth
BTPile	1000017229	Bluetooth
BTSélecteurPériphérique	1000017135	Bluetooth
BufferVersEntier	1000020508	gestion des chaînes
BufferVersHexa	1000019916	gestion des chaînes
BufferVersPhrase	1000025938	gestion des chaînes
BufferVersRéel	1000020509	gestion des chaînes
BufferVersURI	1410087415	URI
BulleActive	3025014	gestion des champs
BulleCouleur	3025015	gestion des champs
BulleDélai	3025051	gestion des champs
BulleLargeurMax	1000022257	gestion des champs
BulleMarge	1000021844	gestion des champs
CalendrierOuvre	1000017291	Calendrier
CalendrierPosition	1000017281	Calendrier
CalendrierSelect	1000017283	Calendrier
CalendrierSélecteur	1000017300	Calendrier
CalendrierSelectMoins	1000017340	Calendrier
CalendrierSelectOccurrence	1000017282	Calendrier
CalendrierSelectPlus	1000017339	Calendrier
CaméraAffiche	1410086595	Caméra
CaméraArrête	1410086596	Caméra
CaméraArrêteDécodage	1000022449	Caméra
CaméraCapture	1000022450	Caméra
CaméraChangeDriver	1000022451	Caméra
CaméraConfigure	1000022452	Caméra
CaméraDemandePermission	1000022453	Caméra
CaméraDémarreDécodage	1000022454	Caméra
CaméraEtat	1000022455	Caméra
CaméraGénèreMiniature	1000022456	Caméra
CaméraLanceAppli	1000022470	Caméra
CaméraListeDriver	1000022457	Caméra
CaméraListeParamètre	1000022458	Caméra
CaméraParamètre	1000022459	Caméra
CaméraPhoto	1410087225	Caméra
CaméraVidéoArrête	1410087229	Caméra
CaméraVidéoDémarre	1410087227	Caméra
Canada.VérifieNAS	1410089351	gestion des identifiants administratifs
Canada.VérifieNE15	1410089352	gestion des identifiants administratifs
Canada.VérifieNE9	1410089353	gestion des identifiants administratifs
Canada.VérifieNuméroFiscal	1410090221	gestion des identifiants administratifs
CapsLockVérifie	1000020557	diverses WEBDEV
CaptchaAffiche	1000019389	Captcha
CaptchaVérifie	1000019390	Captcha
CapteurDétecteChangementAccélération	1000019362	Capteur
CapteurDétecteChangementOrientation	1000019361	Capteur
CapteurDétecteDébutSecousses	1000019363	Capteur
CapteurDétecteFinSecousses	1000019364	Capteur
CapteurRécupèreOrientation	1000019369	Capteur
CapteurTermine	1000019644	Capteur
Caract	3024003	gestion des chaînes
CaractOccurrenceType	1000019894	gestion des chaînes
CaractType	1000019895	gestion des chaînes
CaractUnicode	1000019397	gestion des chaînes
CarteAffichePopup	1000025553	Carte
CarteAffichePosition	1000019787	Carte
CarteAfficheZone	1000025535	Carte
CarteAjouteCalque	1410091361	Carte
CarteAjouteForme	1000025509	Carte
CarteAjouteImage	1000025532	Carte
CarteAjouteItinéraire	1000020383	Carte
CarteAjouteMarqueur	1000019794	Carte
CarteChangeStyle	1000025556	Carte
CarteConfigureAPIGgl	1000021611	Carte
CarteDistanceItinéraire	1000021614	Carte
CarteExécuteJS	1000021615	Carte
CarteFermePopup	1000025554	Carte
CarteFinDéplacement	1000019949	Carte
CarteIdentifiantGgl	1410091136	Carte
CarteInfoPosition	1000019951	Carte
CarteInfoXY	1000019950	Carte
CarteLicenceBing	1000022006	Carte
CarteLicenceGgl	1000021299	Carte
CarteLimiteZone	1000025537	Carte
CarteModifieForme	1000025511	Carte
CarteModifieImage	1000025533	Carte
CarteModifieMarqueur	1000019796	Carte
CartePopupAffichée	1000025555	Carte
CarteRécupèreImage	1000022376	Carte
CarteRécupèreObjetJS	1000021474	Carte
CarteRécupèrePosition	1000019790	Carte
CarteRécupèreStyle	1000025557	Carte
CarteSuitDéplacement	1000019953	Carte
CarteSupprimeCalque	1410091362	Carte
CarteSupprimeForme	1000025510	Carte
CarteSupprimeImage	1000025534	Carte
CarteSupprimeItinéraire	1000020384	Carte
CarteSupprimeMarqueur	1000019795	Carte
CarteSupprimeTout	1000019952	Carte
CBCalculeCaractèreDeVérification	1000019909	Code-Barres
CBCapture	1000019456	Code-Barres
CBDécode	1000019633	Code-Barres
CBVersImage	1000024060	Code-Barres
CDEjecte	1000004101	gestion des CD et DVD
CDListe	1000004102	gestion des CD et DVD
CelluleAfficheDialogue	1000017139	gestion des pages
CelluleFermeDialogue	1000017140	gestion des pages
CertificatCharge	1000020851	gestion des certificats
CertificatClientInfo	1000019393	diverses WEBDEV
CertificatDeConfianceAjoute	1000024320	gestion des certificats
CertificatDeConfianceRAZ	1000024321	gestion des certificats
CertificatExporte	1410090436	gestion des certificats
CertificatExtrait	1000019300	gestion des certificats
CertificatExtraitMessageEnveloppé	1410091163	gestion des certificats
CertificatExtraitValeurExtension	1410087221	gestion des certificats
CertificatGénèreDepuisCSR	1410086712	gestion des certificats
CertificatListe	1000019293	gestion des certificats
CertificatOuvrePropriétés	1000019301	gestion des certificats
CertificatPEMVersPFX	1410090438	gestion des certificats
CertificatSélecteur	1000019295	gestion des certificats
CertificatSigneChaîne	1000019296	gestion des certificats
CertificatSigneExécutable	1000020560	gestion des certificats
CertificatSigneFichier	1000019297	gestion des certificats
CertificatSignePackageMSIX	1410091135	gestion des certificats
CertificatVérifieChaîne	1000019298	gestion des certificats
CertificatVérifieDuplicata	1000019306	gestion des certificats
CertificatVérifieFichierSignatureBuffer	1000019500	gestion des certificats
CertificatVérifieFichierSignatureFichier	1000019499	gestion des certificats
ChaîneAffiche	3012001	diverses WEBDEV
ChaîneCommencePar	1000018827	gestion des chaînes
ChaîneCompare	3024011	gestion des chaînes
ChaîneConstruit	3024006	gestion des chaînes
ChaîneDécoupe	1000022322	gestion des chaînes
ChaîneEncadre	1410091370	gestion des chaînes
ChaîneFinitPar	1000018828	gestion des chaînes
ChaîneFormate	3024019	gestion des chaînes
ChaîneIncrémente	1000020773	gestion des chaînes
ChaîneInsère	1000020477	gestion des chaînes
ChaîneInverse	1000019901	gestion des chaînes
ChaîneOccurrence	3024008	gestion des chaînes
ChaîneRécupère	3024005	gestion des chaînes
ChaîneSupprime	1000019917	gestion des chaînes
ChaîneSupprimeDoublon	1410087412	gestion des chaînes
ChaîneVersDate	3027013	gestion des chaînes
ChaîneVersDurée	3027002	gestion des dates et des heures
ChaîneVersHeure	1000021339	gestion des dates et des heures
ChaîneVersJSON	1000024531	gestion des chaînes
ChaîneVersNumérique	1410087852	gestion des chaînes
ChaîneVersTableau	1000017008	gestion des chaînes
ChaîneVersUTF8	3024042	gestion des chaînes
ChampActif	1000017377	Animation
ChampAlias	3025016	gestion des champs
ChampCauseEntréeSortie	3025013	gestion des champs
ChampClone	3025017	gestion des champs
ChampContextuel	3025012	Menu
ChampCrée	1000020876	gestion des champs
ChampEnCours	3025019	gestion des champs
ChampErreur	3025036	gestion des champs
ChampExécuteFermeture	1000023513	
ChampExécuteModification	1000022663	
ChampExiste	3025035	gestion des champs
ChampGrisé	1000017375	Animation
ChampInfoXY	1000020503	gestion des champs
ChampInvisible	1000017369	Animation
ChampPrécédent	3025033	gestion des champs
ChampPremier	3025022	gestion des champs
ChampRechercheSurligne	1000020535	recherche
ChampRechercheTextePrécédent	1000020765	recherche
ChampRechercheTextePremier	1000020763	recherche
ChampRechercheTexteSuivant	1000020764	recherche
ChampRectangle	1410090408	
ChampSansEspace	3025008	gestion des champs
ChampSuivant	3025020	gestion des champs
ChampSupprime	3025037	gestion des champs
ChampSurvol	3025021	gestion des champs
ChampTypeInfo	1000020520	gestion des champs
ChampVersSource	1000021384	liaison
ChampVisible	1000017338	Animation
ChangeAction	3058007	gestion des pages
ChangeAlphabet	3054001	Multilingue
ChangeClavier	3054002	Multilingue
ChangeDestination	3058005	gestion des pages
ChangeFenêtreSource	3038053	Fenêtres internes
ChangeGabarit	3013026	gestion des fenêtres
ChangePageSource	1000024600	gestion des pages
ChangeSéparateur	3054004	Multilingue
ChangeStyle	1000017171	gestion des champs
ChangeThème	1000025266	gestion du téléphone
ChargeDLL	3014006	diverses Windows
ChargeErreur	3054003	Multilingue
ChargeImage	3029022	manipulation de chaînes graphiques
ChargeParamètre	3025047	gestion des champs
ChargePlancheImage	1000018826	manipulation de chaînes graphiques
ChargeProcédure	3013019	diverses WINDEV
ChargeWDL	3013020	diverses WINDEV
ChatIAAjouteLigne	1410091384	Chat IA
ChatIAChargeConversation	1410091365	Chat IA
ChatIADemande	1410091334	Chat IA
ChatIARegénèreDemande	1410091360	Chat IA
ChatIASauveConversation	1410091364	Chat IA
ChatIAStopDemande	1410091363	
CheminNavigationAjouteLien	3083016	Chemin de navigation
CheminNavigationInsèreLien	3083017	Chemin de navigation
CheminNavigationModifieLien	3083018	Chemin de navigation
CheminNavigationSupprimeLien	3083019	Chemin de navigation
CheminNavigationSupprimeTout	3083020	Chemin de navigation
Cherche	1000017365	Tableau
ChercheParProcédure	1000020102	Tableau
ChercheProcédure	1000019367	
ChronoDébut	3027031	gestion des dates et des heures
ChronoFin	3027032	gestion des dates et des heures
ChronoPause	1000018829	gestion des dates et des heures
ChronoRAZ	1000020474	gestion des dates et des heures
ChronoReprend	1000018830	gestion des dates et des heures
ChronoValeur	3027033	gestion des dates et des heures
ClavierVisible	3071013	gestion du téléphone
CléCalculeCléActivation	1000018849	gestion des clés d'activation
CléCompareClé	1000018850	gestion des clés d'activation
CléGénèreCléInitiale	1000018848	gestion des clés d'activation
CléRécupèreIdentifiant	1000018851	gestion des clés d'activation
Clone	1000024843	diverses WINDEV
CmdAjouteArgument	1410090501	Commande
CmdAjouteOption	1410090502	Commande
CmdEcritEntréeStandard	1410090503	Commande
CmdExécute	1410090500	Commande
CmdExécutionEstEnCours	1410091011	Commande
CmdLitSortieErreur	1410090505	Commande
CmdLitSortieStandard	1410090504	Commande
CmdRécupèreCodeRetour	1410090506	Commande
CmdTermine	1410091013	Commande
CodeSQLMetEnForme	1410091388	diverses WINDEV
CodeWLangageDonneDéclarationsCSS	1410090145	diverses WINDEV
CodeWLangageMetEnForme	1410090043	diverses WINDEV
CoffreFortContenusSecrets	1410091203	diverses WINDEV
CoffreFortRécupèreContenu	1410091372	diverses WINDEV
CoffreFortUtiliseContenusPourTest	1410091204	diverses WINDEV
ColonneEnCours	3025006	gestion des champs
COMAppelleMéthode	1000018832	diverses Windows
CombinaisonDepuisNom	1000020771	gestion des combinaisons et des énumérations
CombinaisonDepuisValeur	1000020770	gestion des combinaisons et des énumérations
CombinaisonVérifieNom	1000020772	gestion des combinaisons et des énumérations
ComboFerme	3026001	Combos
ComboOuvre	3026003	Combos
COMCréeInstance	1000018831	diverses Windows
Compile	3013015	diverses WINDEV
Complète	3024010	gestion des chaînes
ComplèteRep	3024018	gestion des chaînes
ComposantCharge	3014023	Projets
ComposantChargeTout	1000018926	Projets
ComposantExécute	1410089107	Projets
ComposantInfo	3013025	diverses WINDEV
ComposantListe	3064007	Projets
ComposantLocalise	3064009	Projets
Compresse	3024012	cryptage/compression
COMRécupèreInterface	1000019784	diverses Windows
ConfigureContexteAWP	1000017066	gestion des pages
Confirmer	3021007	Boîtes de dialogue
ConfirmerAsynchrone	1000025305	Boîtes de dialogue
ConnexionOccurrence	3012004	diverses WEBDEV
ConsoleEcrit	1000024022	Console
ConsoleErreur	1000024023	Console
ConsoleLit	1000024024	Console
ConstruitEntier	3062016	diverses Windows
ConstruitTableFichier	3074002	Table
ConstruitVariantAutomation	3013062	diverses WINDEV
ContactAffiche	1000019506	Contact (Lotus Notes ou Android/iPhone/iPad)
ContactAjoute	1000006101	Contact (Lotus Notes ou Android/iPhone/iPad)
ContactCherche	1000006102	Contact (Lotus Notes ou Android/iPhone/iPad)
ContactCrée	1000019556	Contact (Lotus Notes ou Android/iPhone/iPad)
ContactDernier	1000006103	Contact (Lotus Notes ou Android/iPhone/iPad)
ContactEdite	1000019507	Contact (Lotus Notes ou Android/iPhone/iPad)
ContactListe	1000020266	Contact (Lotus Notes ou Android/iPhone/iPad)
ContactListeSource	1000020214	Contact (Lotus Notes ou Android/iPhone/iPad)
ContactLit	1000006112	Contact (Lotus Notes ou Android/iPhone/iPad)
ContactModifie	1000006104	Contact (Lotus Notes ou Android/iPhone/iPad)
ContactPrécédent	1000006105	Contact (Lotus Notes ou Android/iPhone/iPad)
ContactPremier	1000006106	Contact (Lotus Notes ou Android/iPhone/iPad)
ContactRAZ	1000006107	Contact (Lotus Notes ou Android/iPhone/iPad)
ContactSélectionne	1000019508	Contact (Lotus Notes ou Android/iPhone/iPad)
ContactSuivant	1000006108	Contact (Lotus Notes ou Android/iPhone/iPad)
ContactSupprime	1000006109	Contact (Lotus Notes ou Android/iPhone/iPad)
ContexteExiste	3058002	gestion des pages
ContexteFerme	3058003	gestion des pages
ContexteOuvre	3058004	gestion des pages
Contient	1000019893	gestion des chaînes
ContinentListe	1000024932	Pays et Continents
ContinentRécupère	1000024933	Pays et Continents
Conversion	3050069	Mathématiques
Convert	3044244	HFSQL
CookieEcrit	3012008	gestion du navigateur
CookieLit	3012009	gestion du navigateur
CookieSupprime	1000025874	gestion du navigateur
CoordonnéeChampImageVersImage	1000026037	gestion des champs
CoordonnéeEcranVersEditeur	1000021276	gestion des champs
CoordonnéeEditeurVersEcran	1000021277	gestion des champs
CoordonnéeImageVersChampImage	1000026038	gestion des champs
CorbeilleListeFichier	1000017162	Corbeille
CorbeilleRestaure	1000017159	Corbeille
CorbeilleSupprime	1000017158	Corbeille
CorbeilleVide	1000017157	Corbeille
Cosinus	3050062	Mathématiques
CoTang	3050013	Mathématiques
CouleurLuminosité	3029048	dessin
CouleurPalette	1000019905	diverses WEBDEV
CouleurSaturation	3029058	dessin
CouleurSélection	3025003	gestion des champs
CouleurTeinte	3029056	dessin
CréeRaccourci	3014008	diverses Windows
Crypte	3024014	cryptage/compression
CrypteAsymétrique	1000024049	cryptage/compression
CrypteAsymétriqueEnveloppé	1000024057	cryptage/compression
CrypteGénèreCléRSA	1000024052	cryptage/compression
CrypteStandard	1000021293	cryptage/compression
CSVVersTableau	1000017097	Tableau
CurseurAffiche	3071003	Souris
CurseurCapture	3071004	Souris
CurseurPos	3071006	Souris
dAffiche	1000019566	dessin
dArc	3029004	dessin
DateDifférence	3027001	gestion des dates et des heures
DateDuJour	3027016	gestion des dates et des heures
DateHeureDifférence	3027020	gestion des dates et des heures
DateHeureFuseauVersLocale	1000020976	gestion des dates et des heures
DateHeureLocaleVersFuseau	1000020977	gestion des dates et des heures
DateHeureLocaleVersUTC	3027036	gestion des dates et des heures
DateHeureParDéfaut	3027015	gestion des dates et des heures
DateHeureSys	1000019398	gestion des dates et des heures
DateHeureUTCVersLocale	3027037	gestion des dates et des heures
DateHeureValide	1000020940	gestion des dates et des heures
DateHeureVersChaîne	1000025516	gestion des dates et des heures
DateHeureVersEpoch	1000023337	gestion des dates et des heures
DateHeureVersRéel	1000021361	gestion des dates et des heures
DateSélecteur	1000020018	gestion des dates et des heures
DateSys	3027026	gestion des dates et des heures
DateValide	3027003	gestion des dates et des heures
DateVersChaîne	3027025	gestion des dates et des heures
DateVersEntier	3027014	gestion des dates et des heures
DateVersJour	3027004	gestion des dates et des heures
DateVersJourDansLAnnée	1410089834	gestion des dates et des heures
DateVersJourDeLaSemaine	1000024867	gestion des dates et des heures
DateVersJourEnLettre	3027010	gestion des dates et des heures
DateVersMoisEnLettre	3027012	gestion des dates et des heures
DateVersNuméroDeSemaine	3027011	gestion des dates et des heures
dbgActiveAssertion	3014021	gestion du débogage
dbgActiveAudit	1000018835	gestion du débogage
dbgActiveLog	1000017137	gestion du débogage
dbgAssertion	3014022	gestion du débogage
dbgConnecte	1000024735	gestion du débogage
dbgDébutDiffMémoire	1000018840	gestion du débogage
dbgDébutEnregistrement	1000017160	gestion du débogage
dbgEcritCommentaireAudit	1000018839	gestion du débogage
dbgEcritWarningAudit	1000018838	gestion du débogage
dbgErreur	1000020526	gestion du débogage
dbgEtatAudit	1000018836	gestion du débogage
dbgEtatLog	1000017138	gestion du débogage
dbgFinDiffMémoire	1000018841	gestion du débogage
dbgFinEnregistrement	1000017161	gestion du débogage
dbgInfo	3014024	gestion du débogage
dbgOptionAudit	1000018837	gestion du débogage
dbgOptionLog	1000017136	gestion du débogage
dbgSauveDumpDébogage	1000018834	gestion du débogage
dbgSauveDumpMémoire	1000018852	gestion du débogage
dbgSortieStandard	3014020	gestion du débogage
dbgSurErreur	1000020722	gestion du débogage
dbgVérifieDifférence	1000019777	gestion du débogage
dbgVérifieEgalité	1000019776	gestion du débogage
dbgVérifieFaux	1000019781	gestion du débogage
dbgVérifieNonNull	1000019779	gestion du débogage
dbgVérifieNull	1000019778	gestion du débogage
dbgVérifieVrai	1000019780	gestion du débogage
dCadre	1000021894	dessin
dCercle	3029005	dessin
dChangeMode	3029010	dessin
dChargeImage	1000019656	dessin
dCopie	1000020799	dessin
dCopieImage	3029007	dessin
dCopieImageChamp	1410089473	dessin
dCopieImageEcran	1000019911	dessin
dCopieImageFenêtre	1000019912	dessin
dCorde	3029008	dessin
dCouleurDominanteImage	1000022959	dessin
dDébutDessin	3029009	dessin
DDEChaîne	3028002	DDE
DDEConnecte	3028015	DDE
dDécoupe	1000019670	dessin
DDEDéconnecte	3028003	DDE
DDEDestinataire	3028001	DDE
DDEEnvoie	3028004	DDE
DDEErreur	3028006	DDE
DDEEvénement	3028009	DDE
DDEExécute	3028008	DDE
DDEFinLien	3028005	DDE
DDEItem	3028007	DDE
DDELance	3028013	DDE
DDELien	3028010	DDE
DDELienTiède	3028014	DDE
DDEModifie	3028011	DDE
DDERécupère	3028017	DDE
DDESujet	3028019	DDE
dDifférenceImage	1410091217	dessin
DéchargeDLL	3014009	diverses Windows
DéchargeProcédure	3013018	diverses WINDEV
DéchargeWDL	3013013	diverses WINDEV
DécimalVersSexagésimal	1000020511	Mathématiques
DéclareContexteAWP	3058028	gestion des pages
DéclareContexteWebservice	1000019460	Webservices
Procédures WLangage	1513008	
Décode	1000022259	cryptage/compression
DécomplèteRep	3024044	gestion des chaînes
Décompresse	3024009	cryptage/compression
Décrypte	3024035	cryptage/compression
DécrypteAsymétrique	1000024050	cryptage/compression
DécrypteAsymétriqueEnveloppé	1000024058	cryptage/compression
DécrypteStandard	1000021294	cryptage/compression
DeepLinkProcédure	1410089051	gestion du téléphone
dEfface	1410089252	dessin
Défile	1000018322	gestion des files, piles, listes
DélaiAvantFermeture	3038040	gestion des fenêtres
Demain	1000023787	gestion des dates et des heures
DemandeMiseAJourIHM	1000021378	gestion des fenêtres
DemandeMiseAJourIHMParent	1000022961	gestion des fenêtres
DemandeMiseAJourUIÉlément	1410088703	gestion des fenêtres
Dépile	1000017372	gestion des files, piles, listes
Déplace	1000017358	Tableau
DéplaceColonne	1000017360	Tableau
DéplaceLigne	1000017359	Tableau
DernierJourDeLAnnée	1000025806	gestion des dates et des heures
DernierJourDeLaSemaine	1000019883	gestion des dates et des heures
DernierJourDuMois	1000019399	gestion des dates et des heures
DésactiveFAA	3013061	FAA (Fonctionnalités Automatiques de l'Application)
Désérialise	3013066	gestion des chaînes
DessinDisponible	1000019483	dessin
dFinDessin	3029019	dessin
dFlou	1410088153	dessin
dFond	3029002	dessin
dFusionne	1000019673	dessin
dHalo	1000019671	dessin
DiagrammeCharge	1410088123	Editeur de diagrammes
DiagrammeChargeBibliothèque	1410088356	Editeur de diagrammes
DiagrammeDébutModification	1410088735	Editeur de diagrammes
DiagrammeDégroupe	1410088422	Editeur de diagrammes
DiagrammeFinModification	1410088736	Editeur de diagrammes
DiagrammeFormeVersImage	1410088373	Editeur de diagrammes
DiagrammeGroupe	1410088421	Editeur de diagrammes
DiagrammeInfoXY	1410088464	Editeur de diagrammes
DiagrammeRecherche	1410088695	Editeur de diagrammes
DiagrammeSauve	1410088122	Editeur de diagrammes
DiagrammeSelectMoins	1410088168	Editeur de diagrammes
DiagrammeSelectPlus	1410088167	Editeur de diagrammes
DiagrammeVersImage	1410088144	Editeur de diagrammes
DiagrammeVersSVG	1410088873	Editeur de diagrammes
Dialogue	3021015	Boîtes de dialogue
DialogueAsynchrone	1000025310	Boîtes de dialogue
DictionnaireCharge	1000022958	gestion des champs
diffApplique	1000018602	diverses WINDEV
diffCrée	1000018601	diverses WINDEV
dImageVersTableau	1000019576	dessin
Dimension	3013022	diverses WINDEV
dIncrusteCouleur	1000019672	dessin
dInverseCouleur	3029001	dessin
DispositionAdapteTaille	1000023548	
dLigne	3029016	dessin
dModifieContraste	1410088872	dessin
dModifieLuminosité	3029052	dessin
dModifieOpacité	1000020521	dessin
dModifieSaturation	3029053	dessin
dModifieTeinte	3029054	dessin
dModifieTSL	3029055	dessin
DnDAccepte	3030005	Drag and Drop
DnDCurseur	3030004	Drag and Drop
DnDDonne	3030001	Drag and Drop
DnDDonnéeDisponible	3030002	Drag and Drop
DnDDonneElémentTDB	1000020971	Drag and Drop
DnDEvénement	3030006	Drag and Drop
DnDImpose	3030003	Drag and Drop
DnDRécupère	3030008	Drag and Drop
DNSAjouteAdresse	1000019400	DNS
DNSInterroge	1410089873	DNS
DNSListeAdresse	1000019401	DNS
DNSSupprimeAdresse	1000019402	DNS
DocAjoute	1000022919	Traitement de texte
DocChangeAltitude	1000023970	Traitement de texte
DocContinuerNumérotation	1410086716	Traitement de texte
DocDébutModification	1000022620	Traitement de texte
DocEffaceMiseEnForme	1410090443	Traitement de texte
DocEntreEdition	1000023077	Traitement de texte
DocFerme	1000022621	Traitement de texte
DocFinModification	1000022423	Traitement de texte
DocImprime	1000022640	Traitement de texte
DocInfoXY	1000025333	Traitement de texte
DocInsère	1000022732	Traitement de texte
DocInsèreTableau	1000022967	Traitement de texte
DocInsèreTableDesMatières	1000024884	Traitement de texte
DocMiseAJourFormule	1000024897	Traitement de texte
DocMiseAJourTableDesMatières	1000024885	Traitement de texte
DocModeCopieMiseEnForme	1410090446	Traitement de texte
DocOuvre	1000022622	Traitement de texte
DocPositionDébutPage	1410088921	Traitement de texte
DocPositionne	1000022743	Traitement de texte
DocRecherche	1000022388	Traitement de texte
DocRechercheElémentParNom	1410088857	Traitement de texte
DocRedo	1000022425	Traitement de texte
DocRedoOccurrence	1000022427	Traitement de texte
DocRemplace	1000022496	Traitement de texte
DocReprendreNumérotationAUn	1410086717	Traitement de texte
DocSauve	1000022387	Traitement de texte
DocSélectionne	1000022391	Traitement de texte
DocSortEdition	1000023088	Traitement de texte
DocSupprime	1000024172	Traitement de texte
DocSupprimeTableDesMatières	1000024916	Traitement de texte
DocUndo	1000022424	Traitement de texte
DocUndoOccurrence	1000022426	Traitement de texte
DocUndoRedoSupprimeTout	1000022734	Traitement de texte
DocVersHTML	1000022393	Traitement de texte
DocVersImage	1000022808	Traitement de texte
DocVersPDF	1000022531	Traitement de texte
DocVersTexte	1000022389	Traitement de texte
dOmbre	1000019674	dessin
DomoAllume	1000003101	domotique
DomoEnvoie	1000003104	domotique
DomoEtat	1000003105	domotique
DomoEteint	1000003103	domotique
DomoFerme	1000003106	domotique
DomoOuvre	1000003102	domotique
DonneCouleur	1000018912	diverses WINDEV
DonneFocus	3025001	gestion des champs
DonneFocusEtRetourUtilisateur	1410088107	
DonneGUID	1000018857	diverses WINDEV
DonneIdentifiant	3013028	Exécutables
DonneISOPays	1000023939	
DonneListePays	1000021846	
DonneNomPays	1000023938	
DonneUUID256	1000023916	diverses WINDEV
DonneUUID	1000023915	diverses WINDEV
DotNetAjouteEntête	3031009	Dotnet
DotNetDélégué	1000017052	Dotnet
DotNetDonneRésultat	3031005	Dotnet
DotNetErreur	3031004	Dotnet
DotNetExécute	3031016	Dotnet
DotNetExécuteXML	3031012	Dotnet
DotNetVersion	3031017	Dotnet
DoubleAuthGénèreCléTOTP	1000025974	gestion de la double authentification
DoubleAuthGénèreLien	1000025975	gestion de la double authentification
DoubleAuthVérifieCode	1000025976	gestion de la double authentification
dpDriveConnecte	1410089379	Drive
dPixelCouleur	3029014	dessin
dPixelOpacité	1000017029	dessin
dPoint	3029018	dessin
dPolice	3029020	dessin
dPolygone	3029006	dessin
dPolyligne	1000023919	dessin
dPortion	3029021	dessin
dRectangle	3029023	dessin
dRectangleArrondi	1000021773	dessin
dRectangleDégradé	1000017059	dessin
dRedimensionne	3029011	dessin
dRedresse	1410088803	dessin
dRemplissage	3029017	dessin
DriveCopieFichier	1410089524	Drive
DriveCopieRépertoire	1410089554	Drive
DriveCréeFichier	1410089477	Drive
DriveCréeRépertoire	1410089479	Drive
DriveDéplaceFichier	1410089555	Drive
DriveDéplaceRépertoire	1410089556	Drive
DriveEnvoieFichier	1410089563	Drive
DriveEnvoieRépertoire	1410089564	Drive
DriveListeFichier	1410089380	Drive
DriveListeFichierGgl	1410089601	Drive
DriveListeRépertoire	1410089448	Drive
DriveRécupèreFichier	1410089558	Drive
DriveRécupèreFichierGgl	1410089618	Drive
DriveRécupèreRépertoire	1410089559	Drive
DriveRenomme	1410089566	Drive
DriveSupprimeFichier	1410089480	Drive
DriveSupprimeRépertoire	1410089481	Drive
Droite	3024016	gestion des chaînes
dRotation	3029024	dessin
dSauveImage	3029013	dessin
dSauveImageBMP	3029026	dessin
dSauveImageGIF	3029040	dessin
dSauveImageICO	1000020798	dessin
dSauveImageJPEG	3029038	dessin
dSauveImagePNG	3029027	dessin
dSauveImageTIFF	1000020852	dessin
dStylo	3029029	dessin
dSymétrieHorizontale	3029031	dessin
dSymétrieVerticale	3029030	dessin
dTexte	3029032	dessin
dTexteHauteur	1410091058	dessin
dTexteHTML	1410091368	dessin
dTexteLargeur	1410091056	dessin
dTexteMarkdown	1410089010	dessin
dTexteRTF	1000021280	dessin
dTransfertVersImage	1000020210	dessin
DuréeVersChaîne	3027007	gestion des dates et des heures
DynamicServingConfigure	1000021994	diverses WEBDEV
eChangeDevise	3033012	gestion de l'Euro
EchangeLigne	1000020482	Tableau
EcranPremier	3025039	gestion des champs
EcranVersFichier	3044146	liaison
EcranVersSource	1000017342	liaison
eDeviseAffParDéfaut	3033009	gestion de l'Euro
eDeviseMemParDéfaut	3033016	gestion de l'Euro
eDifférenceArrondi	3033015	gestion de l'Euro
EditeurCodeCharge	1410090372	Editeur de code
EditeurCodeCommente	1410090247	Editeur de code
EditeurCodeCompile	1410090249	Editeur de code
EditeurCodeDécommente	1410090248	Editeur de code
EditeurCodeDupliqueLigne	1410090252	Editeur de code
EditeurCodeExécute	1410090253	Editeur de code
EditeurCodeInsère	1410090254	Editeur de code
EditeurCodeRecherche	1410090250	Editeur de code
EditeurCodeRécupèreErreur	1410090257	Editeur de code
EditeurCodeRemplace	1410090251	Editeur de code
EditeurCodeSauve	1410090245	Editeur de code
EditeurCodeSupprimeTout	1410090256	Editeur de code
EditeurHTMLDepuisEmail	1000026172	Editeur HTML
EditeurHTMLExécuteJS	1000026260	Editeur HTML
EditeurHTMLFormateSélection	1000025996	Editeur HTML
EditeurHTMLInsère	1000025994	Editeur HTML
EditeurHTMLInsèreTableau	1000025917	Editeur HTML
EditeurHTMLRecherche	1000025918	Editeur HTML
EditeurHTMLRécupère	1000025981	Editeur HTML
EditeurHTMLRécupèreDocument	1000025993	Editeur HTML
EditeurHTMLRécupèreSélection	1000025992	Editeur HTML
EditeurHTMLRemplace	1000025995	Editeur HTML
EditeurHTMLSélectionne	1000025926	Editeur HTML
EditeurHTMLVersEmail	1000026171	Editeur HTML
EditeurHTMLVersPDF	1000025927	Editeur HTML
eInitDevise	3033003	gestion de l'Euro
EmailAbonneAuDossier	1410091039	gestion des emails
EmailAjouteDossier	3032129	gestion des emails
EmailAppliRécupèreArchitecture	1410090512	gestion des emails
EmailChangeDossier	3032135	gestion des emails
EmailChangeEtat	1000019112	gestion des emails
EmailChangeTimeOut	3032001	gestion des emails
EmailChargeFichierAttaché	1000019126	gestion des emails
EmailCherchePremier	3032131	gestion des emails
EmailCherchePremierNotes	3032125	gestion des emails
EmailConstruitSource	1000017225	gestion des emails
EmailCopie	1000019918	gestion des emails
EmailDésabonneDuDossier	1410091040	gestion des emails
EmailDétruit	1000021553	gestion des emails
EmailDossierCourant	3032132	gestion des emails
EmailEnvoie	3032003	gestion des emails
EmailEnvoieMessage	3032005	gestion des emails
EmailEtat	3032009	gestion des emails
EmailExécuteCommande	1410091038	gestion des emails
EmailExporteHTML	1000026173	gestion des emails
EmailExtrait	1410091387	gestion des emails
EmailFermeSession	3032006	gestion des emails
EmailImporteHTML	3032038	gestion des emails
EmailImporteSource	1000017226	gestion des emails
EmailJauge	3032017	gestion des emails
EmailLanceAppli	1000019564	gestion des emails
EmailListeDossier	3032133	gestion des emails
EmailLitDernier	3032010	gestion des emails
EmailLitEntêteDernier	3032015	gestion des emails
EmailLitEntêteMessage	3032012	gestion des emails
EmailLitEntêtePrécédent	3032019	gestion des emails
EmailLitEntêtePremier	3032013	gestion des emails
EmailLitEntêteSuivant	3032018	gestion des emails
EmailLitMessage	3032016	gestion des emails
EmailLitPrécédent	3032008	gestion des emails
EmailLitPremier	3032014	gestion des emails
EmailLitSuivant	3032004	gestion des emails
EmailLitTimeOut	3032011	gestion des emails
EmailMiseAJour	3032036	gestion des emails
EmailMsgErreur	3032026	gestion des emails
EmailNbMessage	3032024	gestion des emails
EmailOuvreMessagerie	3032021	gestion du navigateur
EmailOuvreSession	3032028	gestion des emails
EmailOuvreSessionIMAP	1000019189	gestion des emails
EmailOuvreSessionNotes	3032121	gestion des emails
EmailOuvreSessionOutlook	3032128	gestion des emails
EmailOuvreSessionPOP3	3032022	gestion des emails
EmailOuvreSessionSMTP	3032025	gestion des emails
EmailParamètre	1000022269	gestion des emails
EmailRAZ	3032023	gestion des emails
EmailRécupèreIndicateur	1000021263	gestion des emails
EmailRécupèreTout	1000018727	gestion des emails
EmailSauveFichierAttaché	3032020	gestion des emails
EmailSupprimeDossier	3032134	gestion des emails
EmailSupprimeMessage	3032027	gestion des emails
EmailTailleMessage	3032030	gestion des emails
EmailVérifieAdresse	1000017305	gestion des emails
Empile	1000017366	gestion des files, piles, listes
Encode	1000022258	cryptage/compression
Enfile	1000018323	gestion des files, piles, listes
EnMode64bits	1000019491	diverses WINDEV
EnModeAJAX	3013074	diverses WINDEV
EnModeAndroid	1000018990	diverses WINDEV
EnModeAppleWatch	1000022065	diverses WINDEV
EnModeArrièrePlan	1000023457	diverses WINDEV
EnModeAWP	3014031	diverses WINDEV
EnModeComposant	3013023	diverses WINDEV
EnModeDeviceOwner	1000024428	Kiosque
EnModeEmulateurAndroid	1000019146	diverses WINDEV
EnModeEmulateurAppleWatch	1000022067	diverses WINDEV
EnModeEmulateuriOS	1000019766	diverses WINDEV
EnModeEmulateurWindowsPhone	1000019404	diverses WINDEV
EnModeEtatsEtRequêtes	3013068	diverses WINDEV
EnModeFabrique	1000019490	diverses WINDEV
EnModeiOS	1000019765	diverses WINDEV
EnModeJava	3013058	diverses WINDEV
EnModeKiosque	1000024427	Kiosque
EnModeLinux	1000019577	diverses WINDEV
EnModeMacCatalyst	1000024934	diverses WINDEV
EnModeMCU	1000017027	MCU
EnModePageDansFenêtre	1410089362	diverses WINDEV
EnModePHP	3013057	diverses WINDEV
EnModeProcédureDifférée	1000020665	diverses WINDEV
EnModeProcédureStockée	3014029	diverses WINDEV
EnModeRecyclage	1410090740	diverses WINDEV
EnModeServeurWebSocket	1000025939	diverses WINDEV
EnModeServeurWebSocketServiceGlobal	1000025966	diverses WINDEV
EnModeService	1000018710	diverses WINDEV
EnModeSessionPrélancée	1000021575	diverses WINDEV
EnModeSimulateur	3014033	diverses WINDEV
EnModeSimulateurAndroid	1000019181	diverses WINDEV
EnModeSimulateurAppleWatch	1000022066	diverses WINDEV
EnModeSimulateuriOS	1000019767	diverses WINDEV
EnModeSimulateurPHP	1000018812	diverses WINDEV
EnModeSimulateurPocket	1000019182	diverses WINDEV
EnModeSimulateurUniversalWindowsApp	1000022041	diverses WINDEV
EnModeSimulateurUniversalWindowsPlatform	1000021971	diverses WINDEV
EnModeSimulateurWindowsPhone	1000019403	diverses WINDEV
EnModeSimulateurWindowsStoreApp	1000020696	diverses WINDEV
EnModeSimulateurWinRT	1000020607	diverses WINDEV
EnModeSysNotification	1410087933	Notifications système
EnModeTest	3013011	diverses WINDEV
EnModeTestApplication	1410090514	diverses WINDEV
EnModeTestAutomatique	3014027	diverses WINDEV
EnModeTestUnitaire	1410090513	diverses WINDEV
EnModeToolIA	1410086703	diverses WINDEV
EnModeTSE	1000017028	diverses WINDEV
EnModeUniversalWindowsApp	1000022098	diverses WINDEV
EnModeUniversalWindowsPlatform	1000021972	diverses WINDEV
EnModeVGA	1000019638	diverses WINDEV
EnModeVisiteGuidée	1410090218	diverses WINDEV
EnModeWeb	3013042	diverses WINDEV
EnModeWebservice	1000019405	diverses WINDEV
EnModeWidget	1000020649	Widget
EnModeWindows	1000019614	diverses WINDEV
EnModeWindowsMobile	1000019657	diverses WINDEV
EnModeWindowsPhone	1000019407	diverses WINDEV
EnModeWindowsStoreApp	1000020695	diverses WINDEV
EnModeWinRT	1000020527	diverses WINDEV
eNomDevise	3033006	gestion de l'Euro
EntierSystèmeVersEntier	1000022256	gestion des chaînes
EntierVersBuffer	1410091333	gestion des chaînes
EntierVersDate	3027009	gestion des dates et des heures
EntierVersHeure	3027006	gestion des dates et des heures
EntierVersHexa	1000019494	gestion des chaînes
EntierVersJour	3027008	gestion des dates et des heures
EntierVersJourEnLettre	3027028	gestion des dates et des heures
EntierVersMoisEnLettre	3027005	gestion des dates et des heures
EntierVersNuméroDeSemaine	3027030	gestion des dates et des heures
EnumérationDepuisNom	1000020769	gestion des combinaisons et des énumérations
EnumérationDepuisValeur	1000020768	gestion des combinaisons et des énumérations
EnumérationVérifieNom	1000020767	gestion des combinaisons et des énumérations
EnumérationVérifieValeur	1000020866	gestion des combinaisons et des énumérations
EnumèreChamp	3025005	gestion des champs
EnumèreElément	3064001	gestion des fenêtres
EnumèreMenu	3038039	Menu
EnumèreSousElément	3064002	Menu
EnvoieTouche	3014014	diverses Windows
EpochVersDateHeure	1000023338	gestion des dates et des heures
Erreur 809 : Le caractère * ne peut pas être utilisé comme paramètre obligatoire d'une fonction	100000810	
Erreur	3021013	Boîtes de dialogue
ErreurAsynchrone	1000025306	Boîtes de dialogue
ErreurAvecDélai	1000020529	Boîtes de dialogue
ErreurAvecDélaiAsynchrone	1000025428	Boîtes de dialogue
ErreurChangeParamètre	3034009	gestion des Exceptions
ErreurConstruit	1000018878	Boîtes de dialogue
ErreurDéclenche	3034011	gestion des Exceptions
ErreurInfo	3013008	gestion des Exceptions
ErreurPropage	3034015	gestion des Exceptions
ErreurRAZ	1000025702	gestion des Exceptions
ErreurRestaureParamètre	3034012	gestion des Exceptions
EspaceSignificatif	3044142	HFSQL
Espagne.VérifieDNI	1410089242	gestion des identifiants administratifs
Espagne.VérifieNIF	1410089246	gestion des identifiants administratifs
Espagne.VérifieNuméroFiscal	1410090224	gestion des identifiants administratifs
EstImpair	3050015	Mathématiques
EstNumérique	3013035	diverses WINDEV
EstPair	3050064	Mathématiques
EtatAlimentation	3067007	gestion du téléphone
EtatsUnis.VérifieEIN	1410089226	gestion des identifiants administratifs
EtatsUnis.VérifieFEI	1410089250	gestion des identifiants administratifs
EtatsUnis.VérifieNuméroFiscal	1410090220	gestion des identifiants administratifs
EtatsUnis.VérifieSSN	1410089225	gestion des identifiants administratifs
eTauxDeChange	3033004	gestion de l'Euro
ETBinaire	3050010	gestion des valeurs Binaires
EvalueExpression	1000019782	diverses WINDEV
Evénement	3015011	Evénements Windows
EvénementExiste	1000024424	Evénements Windows
eVersDevise	3033001	gestion de l'Euro
eVersEuro	3033005	gestion de l'Euro
ExceptionActive	3034002	gestion des Exceptions
ExceptionAffiche	1000019408	gestion des Exceptions
ExceptionChangeParamètre	3034007	gestion des Exceptions
ExceptionDéclenche	3034005	gestion des Exceptions
ExceptionInfo	3034006	gestion des Exceptions
ExceptionPropage	3034014	gestion des Exceptions
ExceptionRestaureParamètre	3034008	gestion des Exceptions
Exécute	3013041	diverses WINDEV
ExécuteActionPrédéfinie	3014028	diverses WINDEV
ExécuteAncêtre	3013063	diverses WINDEV
ExécuteCode	1000019783	diverses WINDEV
ExécuteFAA	3013060	FAA (Fonctionnalités Automatiques de l'Application)
ExécuteJS	1000023014	diverses WINDEV
ExécuteMiseAJourIHM	1000021379	gestion des fenêtres
ExécuteMiseAJourIHMParent	1000022962	gestion des fenêtres
ExécuteMiseAJourUIÉlément	1410088704	gestion des fenêtres
ExécuteProcédureDifférée	1000020682	diverses WEBDEV
ExécuteProcédureRéactive	1410090775	diverses WINDEV
ExécuteThreadPrincipal	1000019862	gestion des threads
ExécuteThreadPrincipalAsynchrone	1410088684	gestion des threads
ExécuteTraitement	3013031	diverses WINDEV
ExeDonnePID	1000017239	Exécutables
ExeInfo	3035001	Exécutables
ExeLancé	3035003	Exécutables
ExeListeDLL	3035009	Exécutables
ExeListeProcessus	3035008	Exécutables
ExePriorité	3035010	Exécutables
ExeTermine	3035004	Exécutables
Exp	3050029	Mathématiques
ExplorerAccepte	3030015	Drag and Drop
ExplorerRécupère	3030009	Drag and Drop
ExtraitChaîne	3024017	gestion des chaînes
ExtraitChaîneAprès	1410091392	gestion des chaînes
ExtraitChaîneAvant	1410091391	gestion des chaînes
ExtraitChaîneEntre	1000024868	gestion des chaînes
ExtraitLigne	1000020480	gestion des chaînes
FAAActive	1000024767	FAA (Fonctionnalités Automatiques de l'Application)
FAAChangeLibellé	1000022100	FAA (Fonctionnalités Automatiques de l'Application)
FAADésactive	1000022018	FAA (Fonctionnalités Automatiques de l'Application)
FAAExécute	1000022099	FAA (Fonctionnalités Automatiques de l'Application)
FAAExporteParamètre	1000024375	FAA (Fonctionnalités Automatiques de l'Application)
FAAImporteParamètre	1000024377	FAA (Fonctionnalités Automatiques de l'Application)
FAALanceAide	1410089447	FAA (Fonctionnalités Automatiques de l'Application)
FAAMenuContextuelVersChaîne	1000022467	FAA (Fonctionnalités Automatiques de l'Application)
FAAParamètre	1000022108	FAA (Fonctionnalités Automatiques de l'Application)
FAAPossible	1000022791	FAA (Fonctionnalités Automatiques de l'Application)
FAASécuritéExport	1000022481	FAA (Fonctionnalités Automatiques de l'Application)
FacteurGrandePolice	3013032	gestion des fenêtres
Factorielle	1000019409	Mathématiques
fAjouteBuffer	1000020496	gestion des fichiers externes
fAjouteTexte	1000020494	gestion des fichiers externes
fAttribut	3036010	gestion des fichiers externes
fAttributLectureSeule	3036063	gestion des fichiers externes
FaxBoîteEnvoi	3037008	Fax
FaxBoîteRéception	3037009	Fax
FaxConnecte	3037005	Fax
FaxDéconnecte	3037007	Fax
FaxEnvoie	3037006	Fax
FaxEtat	3037001	Fax
FaxRéinitialise	3037012	Fax
FaxReprend	3037013	Fax
FaxSupprime	3037014	Fax
FaxSuspend	3037015	Fax
FBEtatSession	1000021852	Facebook
FBFermeSession	1000021836	Facebook
fBloque	3036030	gestion des fichiers externes
FBOuvreSession	1000021835	Facebook
FBRécupèreInformationUtilisateur	1000021837	Facebook
FBRequête	1000021838	Facebook
fChangeExtension	1410089227	gestion des fichiers externes
fChangeTaille	3036064	gestion des fichiers externes
fChargeBuffer	1000019410	gestion des fichiers externes
fChargeRessource	1000023958	gestion des fichiers externes
fChargeTexte	3036006	gestion des fichiers externes
fCheminCourt	3036012	gestion des fichiers externes
fCheminLong	3036028	gestion des fichiers externes
fCherche	1000020498	gestion des fichiers externes
fCompacte	3036016	gestion des fichiers externes
fCompare	3036002	gestion des fichiers externes
fConstruitChemin	1000019880	gestion des fichiers externes
fContentType	1000024732	gestion des fichiers externes
fCopieFichier	3036004	gestion des fichiers externes
fCopieFichierRépertoireWeb	1000020181	gestion des fichiers externes
fCrée	3036017	gestion des fichiers externes
fCréeLien	1000018876	gestion des fichiers externes
fCrypte	3036013	gestion des fichiers externes
fDate	3036019	gestion des fichiers externes
fDateHeure	3036066	gestion des fichiers externes
fDébloque	3036020	gestion des fichiers externes
fDécompacte	3036021	gestion des fichiers externes
fDécoupe	1000021019	gestion des fichiers externes
fDécrypte	3036018	gestion des fichiers externes
fDéplaceFichier	3036060	gestion des fichiers externes
fDétecteStockageAmovible	3036061	gestion des fichiers externes
fDisqueEnCours	3036023	gestion des fichiers externes
fDisqueInfo	3036024	gestion des fichiers externes
fDisquePrêt	3036047	gestion des fichiers externes
fEcrit	3036014	gestion des fichiers externes
fEcritLigne	3036025	gestion des fichiers externes
FenActiveGFI	3038056	gestion des fenêtres
FenAdapteHauteur	1000019886	gestion des fenêtres
FenAdapteLargeur	1000019920	gestion des fenêtres
FenAdapteTaille	3038049	gestion des fenêtres
FenAgencementEnCours	1000021133	gestion des fenêtres
FenAnimationFermeture	3038050	Animation
FenAnimationOuverture	3038051	Animation
FenAnimationSuivante	3038052	Animation
FenAttenteDébut	1000023416	gestion des fenêtres
FenAttenteFin	1000023417	gestion des fenêtres
FenChangeAgencement	1000021056	gestion des fenêtres
FenChangeAlias	3038028	gestion des fenêtres
FenColleFormulaire	1000018993	gestion des fenêtres
FenCopieFormulaire	1000018992	gestion des fenêtres
FenCoulissanteVisible	1000020978	gestion des fenêtres
FenDésactiveEffet	1000017172	Animation
FenDonneHauteurAdaptée	1000019888	gestion des fenêtres
FenDonneLargeurAdaptée	1000019889	gestion des fenêtres
FenEdActive	1000021843	Fenêtres manipulables par l'utilisateur final
FenEdCharge	1000021849	Fenêtres manipulables par l'utilisateur final
FenEdCréeNote	1000022270	Fenêtres manipulables par l'utilisateur final
FenEdDéclareUndo	1000021898	Fenêtres manipulables par l'utilisateur final
FenEdDésélectionneTout	1000021873	Fenêtres manipulables par l'utilisateur final
FenEdDo	1000021897	Fenêtres manipulables par l'utilisateur final
FenEdRedo	1000021905	Fenêtres manipulables par l'utilisateur final
FenEdRestaure	1000021869	Fenêtres manipulables par l'utilisateur final
FenEdSauve	1000021848	Fenêtres manipulables par l'utilisateur final
FenEdSauveNote	1000022120	Fenêtres manipulables par l'utilisateur final
FenEdSelect	1000021871	Fenêtres manipulables par l'utilisateur final
FenEdSelectMoins	1000021874	Fenêtres manipulables par l'utilisateur final
FenEdSelectOccurrence	1000021870	Fenêtres manipulables par l'utilisateur final
FenEdSelectPlus	1000021872	Fenêtres manipulables par l'utilisateur final
FenEdUndo	1000021904	Fenêtres manipulables par l'utilisateur final
FenEffetInactif	3038055	gestion des fenêtres
FenEnCours	3038033	gestion des fenêtres
FenEnExécution	3038034	gestion des fenêtres
FenEtat	3038030	gestion des fenêtres
FenêtreDepuisSource	1000021396	liaison
FenExtHaut	3038032	gestion des fenêtres
FenExtLarg	3038029	gestion des fenêtres
FenExtPosX	3038027	gestion des fenêtres
FenExtPosY	3038026	gestion des fenêtres
FenForceGFI	1000019890	gestion des fenêtres
FenHauteurBarreIcone	3038025	gestion des fenêtres
FenImageFond	3038038	gestion des fenêtres
FenInitialisée	1000018919	gestion des fenêtres
FenIntHaut	3038037	gestion des fenêtres
FenIntLarg	3038031	gestion des fenêtres
FenIntPosX	3038017	gestion des fenêtres
FenIntPosY	3038011	gestion des fenêtres
FenListeFenêtreFilleOuverte	1410086674	gestion des fenêtres
FenListeFenêtreOuverte	1410091369	gestion des fenêtres
FenOptimise	1410090613	gestion des fenêtres
FenOrientation	1000020075	gestion des fenêtres
FenPrécédente	3038014	gestion des fenêtres
FenRafraîchissementVisible	1000023419	gestion des fenêtres
FenRectangleEcran	1000017198	gestion des fenêtres
FenRepeint	3038006	gestion des fenêtres
FenTaille	3038020	gestion des fenêtres
FenTailleUtile	1000017089	Fenêtres internes
FenTauxGFI	3038057	gestion des fenêtres
Ferme	3038018	gestion des fenêtres
FermeSession	3032124	gestion des emails
fEstUneImage	1000019411	gestion des fichiers externes
fExtraitChemin	3036026	gestion des fichiers externes
fExtraitRessource	1000019509	gestion des fichiers externes
fFerme	3036027	gestion des fichiers externes
fFichierExiste	3036015	gestion des fichiers externes
fFichierTemp	3036011	gestion des fichiers externes
fFiltreImage	3036009	gestion des fichiers externes
fHeure	3036042	gestion des fichiers externes
FichierAffiche	3012005	diverses WEBDEV
FichierAide	3013029	diverses WINDEV
FichierTélécharge	1410090792	diverses WEBDEV
FichierVersEcran	3044210	liaison
FichierVersListeMémoire	3049007	Liste
FichierVersMémoire	3013071	
FichierVersPage	3044148	liaison
FichierVersTableau	1000018833	Tableau
FichierVersTableMémoire	3074005	Table
FichierVersURI	1410087413	URI
FichierVisualise	1410090793	diverses WEBDEV
FileInfo	1000019547	gestion des files, piles, listes
FIListeAffiche	1000020567	Fenêtres internes
FIListeAjoute	1000020558	Fenêtres internes
FIListeInsère	1000020945	Fenêtres internes
FIListeOccurrence	1000020563	Fenêtres internes
FIListePosition	1000020562	Fenêtres internes
FIListePrécédent	1000020565	Fenêtres internes
FIListeSuivant	1000020564	Fenêtres internes
FIListeSupprime	1000020559	Fenêtres internes
FIListeSupprimeTout	1000020561	Fenêtres internes
Filtre	1000024845	Tableau
FinAmortissement	3050061	financières
FinAmortissementDégressif	3050068	financières
FinAmortissementLinéaire	3050046	financières
FinAutomatismeProcédure	3013034	diverses WINDEV
FinErreur	3050071	financières
FinEvénement	3015010	Evénements Windows
FinIntérêtPériode	3050042	financières
FinNbVersement	3050041	financières
FinProgramme	3013033	diverses WINDEV
fInsèreTexteAuDébut	1000025303	gestion des fichiers externes
FinService	1000018711	Service
FinTauxIntérêt	3050047	financières
FinTimer	3015007	Evénements Windows
FinTimerSys	3015009	Evénements Windows
FinValActuelle	3050055	financières
FinValActuelleNette	3050053	financières
FinValFuture	3050056	financières
FinValRemboursement	3050039	financières
FlècheDébut	3029059	dessin
FlècheFin	3029060	dessin
fListeDisque	1000019913	gestion des fichiers externes
fListeFichier	3036058	gestion des fichiers externes
fListeRépertoire	3036062	gestion des fichiers externes
fListeRessource	1000020981	gestion des fichiers externes
fLit	3036048	gestion des fichiers externes
fLitLigne	3036031	gestion des fichiers externes
fLitLigneExpressionRégulière	1000019746	gestion des fichiers externes
FluxAccepte	3039003	Flux
FluxChangeDriver	1000021613	Flux
FluxConfigure	1000021645	Flux
FluxConnecte	3039008	Flux
FluxDéconnecte	3039007	Flux
FluxInfo	3039009	Flux
FluxJoue	3039010	Flux
FluxRefuse	3039006	Flux
FluxStop	3039002	Flux
fMemAttend	1000018915	gestion des zones de mémoire partagées
fMemExiste	1000018916	gestion des zones de mémoire partagées
fMemOuvre	1000018917	gestion des zones de mémoire partagées
fNomCourt	3036032	gestion des fichiers externes
fNomFichier	1000017290	gestion des fichiers externes
fNomLong	3036033	gestion des fichiers externes
FormePolygone	1000022000	gestion des champs
fOuvre	3036036	gestion des fichiers externes
fOuvreFichierTemp	1000017289	gestion des fichiers externes
fPositionne	3036039	gestion des fichiers externes
FramesetActualise	3058014	gestion des pages
FramesetAffiche	3058006	gestion des pages
FramesetUtilise	3058012	gestion des pages
France.VérifieINSEE	1410089315	gestion des identifiants administratifs
France.VérifieNuméroFiscal	1410089496	gestion des identifiants administratifs
France.VérifieSIREN	1410089365	gestion des identifiants administratifs
France.VérifieSIRET	1410089347	gestion des identifiants administratifs
fRegroupe	1000021020	gestion des fichiers externes
fRelativise	1410088420	gestion des fichiers externes
fRenomme	3036038	gestion des fichiers externes
fRep	3036056	gestion des fichiers externes
fRepAttribut	3036040	gestion des fichiers externes
fRepCache	1000021819	gestion des fichiers externes
fRepCopie	3036041	gestion des fichiers externes
fRepCrée	3036043	gestion des fichiers externes
fRepDéplace	3036035	gestion des fichiers externes
fRepDonnées	3036001	gestion des fichiers externes
fRepDonnéesCommun	3036070	gestion des fichiers externes
fRepDonnéesUtilisateur	3036071	gestion des fichiers externes
fRepEnCours	3036022	gestion des fichiers externes
fRépertoireExiste	3036059	gestion des fichiers externes
fRépertoireTemp	3036044	gestion des fichiers externes
fRepEtatsEtRequêtes	3036065	gestion des fichiers externes
fRepExe	3036049	gestion des fichiers externes
fRepExiste	1000021899	gestion des fichiers externes
fRepGlobalCommun	3036072	gestion des fichiers externes
fRepGlobalUtilisateur	3036073	gestion des fichiers externes
fRepParent	1000018856	gestion des fichiers externes
fRepRenomme	1000024533	gestion des fichiers externes
fRepRessource	1000020166	gestion des fichiers externes
fRepSélecteur	3036050	gestion des fichiers externes
fRepSupprime	3036051	gestion des fichiers externes
fRepTaille	1000017032	gestion des fichiers externes
fRepTemp	1000021768	gestion des fichiers externes
fRepWeb	3036052	gestion des fichiers externes
fSauveBuffer	1000019412	gestion des fichiers externes
fSauveTexte	3036046	gestion des fichiers externes
fSélecteur	3036053	gestion des fichiers externes
fSélecteurImage	3036037	gestion des fichiers externes
fSep	1000019647	gestion des fichiers externes
fSéparateur	1000018861	gestion des fichiers externes
fStopCompacte	3036057	gestion des fichiers externes
fSupprime	3036029	gestion des fichiers externes
fSupprimeFichierRépertoireWeb	1000020187	gestion des fichiers externes
fSurveilleFichier	1000020522	gestion des fichiers externes
fSurveilleRépertoire	1000020523	gestion des fichiers externes
fSurveilleStop	1000020575	gestion des fichiers externes
fSurveilleStopTout	1000020576	gestion des fichiers externes
fTaille	3036055	gestion des fichiers externes
fTailleDécompacté	3036054	gestion des fichiers externes
FTPAttribut	3040006	FTP
FTPCommande	3040017	FTP
FTPConnecte	3040016	FTP
FTPDate	3040015	FTP
FTPDateHeure	1000020946	FTP
FTPDéconnecte	3040011	FTP
FTPEnvoie	3040014	FTP
FTPFichierExiste	1000020948	FTP
FTPHeure	3040013	FTP
FTPListeFichier	3040018	FTP
FTPNom	3040019	FTP
FTPParamètre	1000020947	FTP
FTPProxy	1000019366	FTP
FTPRécupère	3040002	FTP
FTPRécupèreFichier	1000024597	FTP
FTPRenommeFichier	3040005	FTP
FTPRepCrée	3040001	FTP
FTPRepEnCours	3040003	FTP
FTPRepExiste	1410091242	FTP
FTPRepSupprime	3040008	FTP
FTPSupprimeFichier	3040010	FTP
FTPTaille	3040007	FTP
GalerieAffichePopup	1000023476	Zones répétées
GalerieFermePopup	1000023478	Zones répétées
GaleriePopupAffichée	1000024975	Zones répétées
GanttAjouteCongé	1000021116	Gantt
GanttAjouteLien	1000021075	Gantt
GanttAjouteTâche	1000020904	Gantt
GanttChangeMode	1000021030	Gantt
GanttHeureAffichée	1000021081	Gantt
GanttHeureOuvrable	1000021117	Gantt
GanttJourSemaineOuvré	1000021035	Gantt
GanttListeLien	1000021079	Gantt
GanttListeTâche	1000021073	Gantt
GanttOrganiseTâche	1000020890	Gantt
GanttPositionDateHeure	1000021036	Gantt
GanttRécupèreTâche	1000021026	Gantt
GanttSupprimeLien	1000021080	Gantt
GanttSupprimeTâche	1000020923	Gantt
GanttSupprimeTout	1000020924	Gantt
gARécupérer	3029025	manipulation de chaînes graphiques
Gauche	3024001	gestion des chaînes
gCadrage	3029046	manipulation de chaînes graphiques
gCercle	3029041	manipulation de chaînes graphiques
gCoord	3029034	manipulation de chaînes graphiques
GeminiAnalysePrompt	1410086695	gestion du téléphone
GeminiChangeModèle	1410086694	gestion du téléphone
GénèreImageGéométrique	1410088705	diverses WINDEV
GénèreLorem	1000025817	diverses WINDEV
GénèreMotDePasse	1000020513	diverses WINDEV
géoAzimut	1000019212	géolocalisation
géoDistance	1000019211	géolocalisation
géoLanceAppli	1000019954	géolocalisation
GéométrieAire	1410090167	gestion des données spatiales
GéométrieChevauche	1410090308	gestion des données spatiales
GéométrieContient	1410090138	gestion des données spatiales
GéométrieCorrige	1410090157	gestion des données spatiales
GéométrieCouvre	1410090140	gestion des données spatiales
GéométrieCroise	1410090341	gestion des données spatiales
GéométrieDésérialiseWKT2D	1410090336	gestion des données spatiales
GéométrieDésérialiseWKTGéo	1410090335	gestion des données spatiales
GéométrieDifférence	1410090156	gestion des données spatiales
GéométrieDifférenceSymétrique	1410090164	gestion des données spatiales
GéométrieDisjoint	1410090307	gestion des données spatiales
GéométrieDistance	1410090297	gestion des données spatiales
GéométrieEgale	1410090295	gestion des données spatiales
GéométrieEnveloppeConvexe	1410090169	gestion des données spatiales
GéométrieEstContenu	1410090139	gestion des données spatiales
GéométrieEstCouvert	1410090141	gestion des données spatiales
GéométrieEstValide	1410090158	gestion des données spatiales
GéométrieIntersecte	1410090115	gestion des données spatiales
GéométrieIntersection	1410090153	gestion des données spatiales
GéométrieLongueur	1410090296	gestion des données spatiales
GéométriePérimètre	1410090168	gestion des données spatiales
GéométrieSérialiseDSV	1410090121	gestion des données spatiales
GéométrieSérialiseWKT	1410090108	gestion des données spatiales
GéométrieTouche	1410090114	gestion des données spatiales
GéométrieUnion	1410090155	gestion des données spatiales
géoRécupèreAdresse	1000019797	géolocalisation
géoRécupèreZone	1000025776	géolocalisation
géoSuiviActive	1000021583	géolocalisation
géoSuiviDésactive	1000021584	géolocalisation
géoSuiviEtat	1000021592	géolocalisation
géoSuiviProcédure	1000021585	géolocalisation
GesteNbPointeur	1000019750	multi-touch
GestePointeurEncours	1000019751	multi-touch
GestePosX	1000019741	multi-touch
GestePosY	1000019745	multi-touch
GesteTypePointeur	1000023785	multi-touch
gFond	3029037	manipulation de chaînes graphiques
gFondDégradé	1000017060	manipulation de chaînes graphiques
GglAdresseVersCoordonnées	1000017568	gestion des cartes Google
GglAnalyticsAjouteActionRéseauSocial	1000022358	Google Analytics
GglAnalyticsAjouteDurée	1000022359	Google Analytics
GglAnalyticsAjouteEvénement	1000022356	Google Analytics
GglAnalyticsAjouteException	1000022360	Google Analytics
GglAnalyticsAjoutePage	1000022357	Google Analytics
GglCompteAssocie	1410089808	gestion du téléphone
GglCompteDissocie	1410089813	gestion du téléphone
GglConnecte	1000017332	
GglDéconnecte	1000021451	
GglDriveConnecte	1410089373	Drive
GglEcrit	1000017401	gestion des agendas Google
GglEnvoieDocument	1000017368	gestion des documents Google
GglImprimeDocument	1000020420	gestion des documents Google
GglListeAgenda	1000017330	gestion des agendas Google
GglListeContact	1000017344	gestion des contacts Google
GglListeContactParRequête	1000017346	gestion des contacts Google
GglListeDocument	1000017367	gestion des documents Google
GglListeGroupeContact	1000017577	gestion des contacts Google
GglRécupèreAgenda	1000017410	gestion des agendas Google
GglRécupèreCarte	1000017404	gestion des cartes Google
GglRécupèreDocument	1000019904	gestion des documents Google
GglRécupèreLicence	1000020815	
GglRemplitAgenda	1000017337	gestion des agendas Google
GglRemplitAgendaParRequête	1000017347	gestion des agendas Google
GglRequête	1000017345	gestion des agendas Google
GglSupprime	1000017402	gestion des agendas Google
gImage	3029042	manipulation de chaînes graphiques
gImageExiste	1000021860	manipulation de chaînes graphiques
gLien	3029043	manipulation de chaînes graphiques
gLienActive	3029036	manipulation de chaînes graphiques
gLienCliquable	1000021774	manipulation de chaînes graphiques
gLigne	3029044	manipulation de chaînes graphiques
gPolice	3029047	manipulation de chaînes graphiques
gPoliceBarrée	1000023596	manipulation de chaînes graphiques
gPoliceGras	3029061	manipulation de chaînes graphiques
gPoliceItalique	3029062	manipulation de chaînes graphiques
gPoliceSoulignée	3029063	manipulation de chaînes graphiques
gPoliceTaille	3029064	manipulation de chaînes graphiques
GPSArrêteDétection	1000019240	géolocalisation
GPSDernièrePosition	1000019239	géolocalisation
GPSDétectePosition	1000019209	géolocalisation
GPSEtat	1000019207	géolocalisation
GPSInfo	1000019208	géolocalisation
GPSInitParamètre	1000019204	géolocalisation
GPSRécupèrePosition	1000019205	géolocalisation
GPSSuitDéplacement	1000019206	géolocalisation
GPSTermine	1000019210	géolocalisation
gpwActiveUtilisateur	1000021096	Groupware utilisateur
gpwAjouteAuthLogin	1000023576	Groupware utilisateur
gpwAjouteUtilisateur	1000021094	Groupware utilisateur
gpwAjouteUtilisateurDansGroupe	1000024595	Groupware utilisateur
gpwAucun	1000023557	Groupware utilisateur
gpwAuthLogin	1000023597	Groupware utilisateur
gpwConnecteDistant	1000024855	Groupware utilisateur
gpwConnecteUtilisateur	1000021099	Groupware utilisateur
gpwCrypteMotDePasse	1000021617	Groupware utilisateur
gpwDéconnecteUtilisateur	1000021100	Groupware utilisateur
gpwDéfaut	1000023556	Groupware utilisateur
gpwEnModeLDAP	1000017056	Groupware utilisateur
gpwEnumèreChamp	1000020536	Groupware utilisateur
gpwImportUtilisateursLDAP	1000017058	Groupware utilisateur
gpwInitAnalyse	3041005	Groupware utilisateur
gpwListeOAuthParamètres	1000024479	Groupware utilisateur
gpwListeUtilisateur	1410089604	Groupware utilisateur
gpwLogin	3041001	Groupware utilisateur
gpwMode	1000020566	Groupware utilisateur
gpwModifieUtilisateur	1000021095	Groupware utilisateur
gpwMotPasseOublié	1000021097	Groupware utilisateur
gpwMotsDePasseCryptés	1000021616	Groupware utilisateur
gpwOuvre	3041002	Groupware utilisateur
gpwOuvreConfiguration	3041009	Groupware utilisateur
gpwOuvreConnexion	3041007	Groupware utilisateur
gpwOuvreSessionLDAP	1000017055	Groupware utilisateur
gpwOuvreSite	1000020821	Groupware utilisateur
gpwRechercheUtilisateur	1000021087	Groupware utilisateur
gpwRecupDroits	1000020728	Groupware utilisateur
gpwRecupInfoFichier	3041008	Groupware utilisateur
gpwRecupInfoLDAP	1000017063	Groupware utilisateur
gpwRecupInfoUtilisateur	3041004	Groupware utilisateur
gpwRéinitialiseMotDePasse	1000024854	Groupware utilisateur
gpwSuperviseur	1000023555	Groupware utilisateur
gpwUtilisateursEnregistrés	1000023559	Groupware utilisateur
gpwVérificationBiométrique	1000024596	Groupware utilisateur
gpwVérifieMotDePasse	1000021618	Groupware utilisateur
gpwVérifieUtilisateur	1000021104	Groupware utilisateur
gpwVisiteur	1000023558	Groupware utilisateur
grAjouteDonnée	3042023	gestion des graphes
grAjouteDonnéeTemporelle	1000023532	gestion des graphes
grAngleDépart	1410088085	gestion des graphes
GraphQLExécuteRequête	1410091373	GraphQL
GraveurAjouteFichier	3061001	Graveur de CD et DVD
GraveurAjouteRépertoire	3061002	Graveur de CD et DVD
GraveurAnnuleGravure	3061003	Graveur de CD et DVD
GraveurChemin	3061004	Graveur de CD et DVD
GraveurEfface	3061005	Graveur de CD et DVD
GraveurEjecte	3061014	Graveur de CD et DVD
GraveurEnregistre	3061006	Graveur de CD et DVD
GraveurEtat	3061007	Graveur de CD et DVD
GraveurInfoCompilation	3061018	Graveur de CD et DVD
GraveurInfoMédia	3061008	Graveur de CD et DVD
GraveurListe	3061009	Graveur de CD et DVD
GraveurMédiaPrésent	1000019910	Graveur de CD et DVD
GraveurNomVolume	3061019	Graveur de CD et DVD
GraveurPropriété	3061011	Graveur de CD et DVD
GraveurSélectionne	3061012	Graveur de CD et DVD
GraveurTypeMédia	3061013	Graveur de CD et DVD
grAxePosition	1000022260	gestion des graphes
grAxeVisible	1000020958	gestion des graphes
grBourseAjouteDonnée	3042009	gestion des graphes
grBourseRécupèreDonnée	1000021174	gestion des graphes
grBulle	3042010	gestion des graphes
grChargeParamètre	3042064	gestion des graphes
grComparatifPositionSérie	1000024882	gestion des graphes
grCouleur	1000017169	gestion des graphes
grCouleurBarre	1000022741	gestion des graphes
grCouleurCatégorie	1000020928	gestion des graphes
grCouleurPoint	1000022740	gestion des graphes
grCouleurSérie	3042013	gestion des graphes
grCPAjouteDonnée	1410087792	gestion des graphes
grCPSensDeRotation	1410087791	gestion des graphes
grCPValeurMaximale	1410087801	gestion des graphes
grCrée	3042005	gestion des graphes
grCréePolice	3042001	gestion des graphes
grDégradé	3042029	gestion des graphes
grDessine	3042026	gestion des graphes
grDestinationBMP	3042018	gestion des graphes
grDestinationChamp	3042020	gestion des graphes
grDestinationEMF	3042017	gestion des graphes
grDestinationFen	3042031	gestion des graphes
grDestinationImage	1000020952	gestion des graphes
grDestinationWMF	3042019	gestion des graphes
grDonutPourcentageTrou	1000017939	gestion des graphes
gRectangle	3029045	manipulation de chaînes graphiques
grEffaceDessin	3042021	gestion des graphes
grEpaisseurTrait	3042028	gestion des graphes
grEtiquetteCatégorie	3042015	gestion des graphes
grEtiquetteSérie	3042024	gestion des graphes
grExiste	3042025	gestion des graphes
grFenTaille	3042016	gestion des graphes
grGraduation	3042027	gestion des graphes
grHistoAgrégation	1000023015	gestion des graphes
grHistoEspacement	3042014	gestion des graphes
grHistoTypeBarre	1410090175	gestion des graphes
grHMAjouteDonnée	1000021628	gestion des graphes
grHMCouleur	1000021629	gestion des graphes
grHMLibelléX	1000021630	gestion des graphes
grHMLibelléY	1000021631	gestion des graphes
grHMRécupèreDonnée	1000021632	gestion des graphes
grHMSupprimeCouleur	1000021634	gestion des graphes
GrilleAjouteColonne	1410086675	Grille
GrilleAjouteLigne	1410086676	Grille
GrilleInsèreColonne	1410086677	Grille
GrilleInsèreLigne	1410086678	Grille
GrilleSupprimeColonne	1410086679	Grille
GrilleSupprimeLigne	1410086680	Grille
grImprime	3042058	gestion des graphes
grIncrémenteDonnée	3042030	gestion des graphes
grInfoPoint	1000017940	gestion des graphes
grInfoXY	3042070	gestion des graphes
grLégende	3042047	gestion des graphes
grLibellé	3042046	gestion des graphes
grLissage	3042033	gestion des graphes
grMAJAutomatiqueEtiquetteCatégorie	3042071	gestion des graphes
grMAJAutomatiqueSérie	3042066	gestion des graphes
grMasque	3042034	gestion des graphes
grMenu	3042035	Menu
grNiveauTemporelMasque	1000023017	gestion des graphes
grNiveauTemporelMax	1000023016	gestion des graphes
grNuage3DAjouteDonnée	1000022964	gestion des graphes
grNuage3DCouleurAltitude	1000022965	gestion des graphes
grNuage3DLibelléGraduation	1000023491	gestion des graphes
grNuage3DProjection	1000022969	gestion des graphes
grNuage3DQuadrillage	1000023493	gestion des graphes
grNuage3DReliePoint	1000022968	gestion des graphes
grNuage3DSupprimeCouleurAltitude	1000022966	gestion des graphes
grNuage3DSupprimeLibelléGraduation	1000023494	gestion des graphes
grNuageAjouteDonnéeXY	3042032	gestion des graphes
grNuageCouleurSérie	3042045	gestion des graphes
grNuageEtiquetteSérie	3042038	gestion des graphes
grNuageOpacitéSérie	1410091379	gestion des graphes
grNuageRécupèreDonnéeXY	1000021175	gestion des graphes
grNuageReliePoint	3042040	gestion des graphes
grNuageTaillePoint	3042041	gestion des graphes
grNuageTypePointSérie	1410091380	gestion des graphes
grNuageTypeTraitSérie	1410091378	gestion des graphes
grOpacitéSérie	1000022261	gestion des graphes
grOptionMenu	3042042	gestion des graphes
grOrientation	3042043	gestion des graphes
grOrigine	3042039	gestion des graphes
GroupeAjoute	1000008111	Groupes
GroupeDernier	1000008112	Groupes
GroupeLit	1000008121	Groupes
GroupeModifie	1000008113	Groupes
GroupePrécédent	1000008114	Groupes
GroupePremier	1000008115	Groupes
GroupeRAZ	1000008116	Groupes
GroupeSuivant	1000008117	Groupes
GroupeSupprime	1000008118	Groupes
grParamètre3DS	3042063	gestion des graphes
grParamètre	1000018337	gestion des graphes
grPIImage	1410090782	gestion des graphes
grPIValeurMaximale	1410090786	gestion des graphes
grPoliceEtiquette	3042012	gestion des graphes
grPoliceLégende	3042037	gestion des graphes
grPoliceTitre	3042048	gestion des graphes
grPoliceTitreAxe	3042059	gestion des graphes
grPourcentageTrou	1410088089	gestion des graphes
grQuadrillage	3042052	gestion des graphes
grRécupèreDonnée	1000021171	gestion des graphes
grRelief	3042051	gestion des graphes
grRotation	1000020426	gestion des graphes
grSauveBMP	3042050	gestion des graphes
grSauveEMF	3042049	gestion des graphes
grSauveImage	1000024953	gestion des graphes
grSauveParamètre	3042065	gestion des graphes
grSauveWMF	3042044	gestion des graphes
grSecteurAngleDépart	3042022	gestion des graphes
grSecteurPartExcentrée	3042053	gestion des graphes
grSérieAxeSecondaire	1000019188	gestion des graphes
grSMNAjouteDonnée	1000021285	gestion des graphes
grSMNAngleDépart	1000021915	gestion des graphes
grSMNCouleurPortion	1000021288	gestion des graphes
grSMNPartExcentrée	1000021916	gestion des graphes
grSMNPortionRacine	1000021298	gestion des graphes
grSMNRécupèreDonnée	1000021287	gestion des graphes
grSourceEtiquetteCatégorie	3042072	gestion des graphes
grSourceSérie	3042067	gestion des graphes
grSuperposeGraphe	3042068	gestion des graphes
grSupprimeSérie	3042054	gestion des graphes
grSupprimeTout	3042055	gestion des graphes
grSurfaceAjouteDonnée	1000020425	gestion des graphes
grSurfaceCouleurAltitude	1000020427	gestion des graphes
grSurfaceLibelléGraduation	1000020617	gestion des graphes
grSurfaceMaillage	1000020430	gestion des graphes
grSurfaceQuadrillage	1000020428	gestion des graphes
grSurfaceRécupèreDonnée	1000021179	gestion des graphes
grSurfaceSupprimeCouleurAltitude	1000020431	gestion des graphes
grSurfaceSupprimeLibelléGraduation	1000020618	gestion des graphes
grTailleImage	3042061	gestion des graphes
grTaillePoint	1000022742	gestion des graphes
grTempsRéelIntervalle	1000023531	gestion des graphes
grTitre	3042056	gestion des graphes
grTitreAxe	3042057	gestion des graphes
grType	3042062	gestion des graphes
grTypePoint	1000022272	gestion des graphes
grTypePointSérie	1000022271	gestion des graphes
grTypeSérie	1000022262	gestion des graphes
grTypeTraitSérie	1000022318	gestion des graphes
grVignetteCatégorie	1410090677	gestion des graphes
grWaffleTaille	1410089812	gestion des graphes
grWaffleTypeCellule	1410089815	gestion des graphes
grWaterfallCouleur	1000020957	gestion des graphes
grWaterfallTypeCatégorie	1000020930	gestion des graphes
grZoom	1000021478	gestion des graphes
gStylo	3029039	manipulation de chaînes graphiques
gValeurMémorisée	1410088363	manipulation de chaînes graphiques
gValeurMémoriséeActive	1410088364	manipulation de chaînes graphiques
gVersTexte	1000020524	manipulation de chaînes graphiques
HAccélèreVitesse	1000019375	HFSQL
HActiveFiltre	3044158	HFSQL
HActiveFiltreAuto	3044297	HFSQL
HActiveTrigger	3044155	HFSQL
HActiveTriggerServeur	1000017034	HFSQL Client/Serveur
HAjoute	3044147	HFSQL
HAjouteGroupe	3044280	HFSQL Client/Serveur
HAjouteLiaison	3044312	HFSQL Client/Serveur
HAjouteOptimisationPlanifiée	1000018860	HFSQL Client/Serveur
HAjoutePlanification	1000021447	HFSQL Client/Serveur
HAjouteSauvegardePlanifiée	1000018866	HFSQL Client/Serveur
HAjouteTâche	1000017091	HFSQL Client/Serveur
HAjouteUtilisateur	3044281	WLangage utilisables dans un état
HAlias	3044176	HFSQL
Handle	3015005	Evénements Windows
HandleParentSuivant	1000017312	Evénements Windows
HAnnuleAlias	3044149	HFSQL
HAnnuleDéclaration	3044174	HFSQL
HAnnuleRecherche	3044157	HFSQL
HAnnuleSauvegarde	1000017082	HFSQL Client/Serveur
HArrêteServeur	3044317	HFSQL Client/Serveur
Hasard	3013037	diverses WINDEV
HasardCryptoBuffer	1000023425	diverses WINDEV
HasardCryptoEntier	1000023426	diverses WINDEV
HashChaîne	1000007111	Hash
HashFichier	1000007112	Hash
HashVérifieChaîne	1000007113	Hash
HashVérifieFichier	1000007114	Hash
Hasp	3013038	gestion des clés HASP
HaspHLConnecte	1000018891	gestion des clés HASP
HaspHLCrypte	1000018893	gestion des clés HASP
HaspHLDéconnecte	1000018892	gestion des clés HASP
HaspHLDécrypte	1000018894	gestion des clés HASP
HaspHLEcrit	1000018897	gestion des clés HASP
HaspHLInfo	1000018895	gestion des clés HASP
HaspHLLit	1000018896	gestion des clés HASP
HAttacheMémo	3044173	HFSQL
HauteurAdaptée	1410090795	
HAvance	3044154	HFSQL
hbCréeTable	1000021696	HBase
hbEcrit	1000021712	HBase
hbListeTable	1000021687	HBase
hbLit	1000021706	HBase
HBloqueFichier	3044153	HFSQL
HBloqueNumEnr	3044152	HFSQL
hbRécupèreDescriptionTable	1000021695	HBase
hbSupprime	1000021714	HBase
hbSupprimeTable	1000021713	HBase
HChangeClé	3044151	HFSQL
HChangeConnexion	3044150	HFSQL
HChangeLocalisation	3044167	HFSQL
HChangeMotDePasse	1000018781	HFSQL Client/Serveur
HChangeNom	3044141	HFSQL
HChangeRep	3044168	HFSQL
HChangeRepJnl	3044164	HFSQL
HChangeRepRpl	3044236	HFSQL
HChargeParamètre	1000017314	HFSQL Client/Serveur
HClusterAjouteNoeud	1000019061	WLangage
HClusterArrête	1000019058	WLangage
HClusterDémarre	1000019057	WLangage
HClusterEtat	1000019059	WLangage
HClusterIgnoreSynchro	1000019243	WLangage
HClusterInfoErreurSynchronisation	1000021975	WLangage
HClusterInfoNoeud	1000019060	WLangage
HClusterInfoSynchronisation	1000021974	WLangage
HClusterNoeudMaître	1410087885	WLangage
HClusterParamètre	1000019305	WLangage
HClusterSupprimeNoeud	1000019062	WLangage
HCompareRubrique	1000021103	HFSQL
HConnecte	3044263	HFSQL
HConstruitValClé	3044258	HFSQL
HConstruitValCléANSI	3044259	HFSQL
HConvertX	3044260	HFSQL
HCopieEnreg	3044261	HFSQL
HCopieFichier	3044282	WLangage utilisables dans un état
HCréation	3044255	HFSQL
HCréationSiInexistant	3044254	HFSQL
HCréeRéplicaAbonné	3044253	HFSQL
HCréeRéplicaMaître	3044175	HFSQL
HCréeRéplicaTransportable	3044209	HFSQL
HCréeTriggerServeur	1000018986	HFSQL Client/Serveur
HCréeVue	3044159	HFSQL
HDateEnreg	3044338	HFSQL
HDBCréation	3044171	WLangage utilisables dans un état
HDBDécritFichier	3044172	HFSQL
HDBDécritIndex	3044166	HFSQL
HDBDécritRubrique	3044170	HFSQL
HDBIndex	3044165	HFSQL
HDBOuvre	3044163	HFSQL
HDBOuvreSansBloquer	3044162	HFSQL
HDBTypeTri	3044161	HFSQL
HDébloqueFichier	3044160	HFSQL
HDébloqueNumEnr	3044194	HFSQL
HDéclare	3044203	HFSQL
HDéclareExterne	3044204	HFSQL
HDéclencheMiseAJourServeur	1000022521	HFSQL Client/Serveur
HDéconnecteClient	3044339	HFSQL Client/Serveur
HDécritConnexion	3044205	HFSQL
HDécritFichier	3044206	HFSQL
HDécritIndexFullText	1000017407	HFSQL
HDécritIndexSémantique	1410086684	HFSQL
HDécritLiaison	3044191	HFSQL
HDécritRubrique	3044233	HFSQL
HDécritTrigger	3044074	HFSQL
HDécritTriggerServeur	1000017033	HFSQL Client/Serveur
HDémarreServeur	3044318	HFSQL Client/Serveur
HDernier	3044101	HFSQL
HDésactiveFiltre	3044085	HFSQL
HDésactiveFiltreAuto	3044298	HFSQL
HDésactiveTrigger	3044089	HFSQL
HDésactiveTriggerServeur	1000017035	HFSQL Client/Serveur
HDétruitTrigger	3044090	HFSQL
HDétruitTriggerServeur	1000017036	HFSQL Client/Serveur
HDétruitVue	3044091	HFSQL
hdfsCopieDepuis	1000021678	HDFS
hdfsCopieVers	1000021679	HDFS
hdfsCréeRépertoire	1000021675	HDFS
hdfsFermeConnexion	1000021867	HDFS
hdfsListe	1000021677	HDFS
hdfsOuvreConnexion	1000021866	HDFS
hdfsRenomme	1000021676	HDFS
hdfsSupprime	1000021674	HDFS
HDupliqueBaseDeDonnées	1000022166	HFSQL Client/Serveur
HDupliqueEnregistrement	1000020538	HFSQL
HEcrit	3044092	HFSQL
HEnDehors	3044094	HFSQL
HEnregistre	1000021375	HFSQL
HEnregistrementVersChaîne	1000025983	HFSQL
HEnregistrementVersJSON	1000021909	HFSQL
HEnregistrementVersXML	3044093	gestion des fichiers XML
HEnvoieMessageVersClient	3044346	HFSQL Client/Serveur
HErreur	3044088	HFSQL
HErreurBlocage	3044099	HFSQL
HErreurDoublon	3044077	HFSQL
HErreurEtatModification	3044103	HFSQL
HErreurInfo	3044071	HFSQL
HErreurIntégrité	3044086	HFSQL
HErreurModification	3044102	HFSQL
HErreurMotDePasse	3044082	HFSQL
HEtat	3044081	HFSQL
HEtatServeur	3044319	HFSQL Client/Serveur
HeureDifférence	3027018	gestion des dates et des heures
HeureSélecteur	1000020019	gestion des dates et des heures
HeureSys	3027019	gestion des dates et des heures
HeureValide	3027021	gestion des dates et des heures
HeureVersChaîne	3027023	gestion des dates et des heures
HeureVersEntier	3027017	gestion des dates et des heures
HexaVersBuffer	1000019914	gestion des chaînes
HexaVersEntier	1000019413	gestion des chaînes
HExécutePlanification	1000021453	HFSQL Client/Serveur
HExécuteProcédure	3044358	HFSQL Client/Serveur
HExécuteProcédureAsynchrone	1410091042	HFSQL Client/Serveur
HExécuteRequête	3044080	SQL
HExécuteRequêteAsynchrone	1000026094	HFSQL
HExécuteRequêteSQL	3044084	SQL
HExécuteRequêteSQLAsynchrone	1000026095	HFSQL
HExécuteSauvegardePlanifiée	1000018937	HFSQL Client/Serveur
HExécuteVue	3044079	HFSQL
HExporteChaîneJSON	1410088487	HFSQL
HExporteCSV	1000023935	HFSQL
HExporteJSON	1000021964	HFSQL
HExporteXLS	1000023934	HFSQL
HExporteXML	3044069	gestion des fichiers XML
HExtraitMémo	3044072	HFSQL
HFerme	3044073	HFSQL
HFermeAnalyse	3044054	HFSQL
HFermeConnexion	3044095	HFSQL
HFichierExiste	3044096	HFSQL
HFiltre	3044100	HFSQL
HFiltreCommencePar	3044098	HFSQL
HFiltreComprisEntre	3044097	HFSQL
HFiltreContient	1000020267	HFSQL
HFiltreIdentique	3044105	HFSQL
HFinInterditAccèsBaseDeDonnées	3044287	HFSQL Client/Serveur
HFinInterditModif	3044123	HFSQL
HForceEcriture	3044004	HFSQL
HFTListeMot	1000021580	HFSQL
HFusionneVue	3044124	HFSQL
HGèreCache	3044310	HFSQL Client/Serveur
HGèreDoublon	3044057	HFSQL
HGèreIntégrité	3044058	HFSQL
HGèreJournal	3044052	HFSQL
HGèreMémo	3044139	HFSQL
HGèreMiseAJourServeur	1000022635	HFSQL Client/Serveur
HGèreREP	3044061	HFSQL
HGèreRéplication	3044067	HFSQL
HGèreServeur	3044359	HFSQL Client/Serveur
HGèreTâche	1000017113	HFSQL Client/Serveur
HGèreTransaction	3044066	HFSQL
HGèreTrigger	3044065	HFSQL
HHistoriqueModification	3044344	HFSQL
Hier	1000023786	gestion des dates et des heures
HImporteCSV	1410090596	HFSQL
HImporteHF55	3044055	HFSQL
HImporteJSON	1000021965	HFSQL
HImporteTexte	3044011	WLangage utilisables dans un état
HImporteXLS	1000021197	gestion des fichiers XLS
HImporteXML	3044007	gestion des fichiers XML
HInfoAnalyse	1000019773	HFSQL
HInfoBlocage	3044307	HFSQL Client/Serveur
HInfoDroitBaseDeDonnées	3044320	HFSQL Client/Serveur
HInfoDroitFichier	3044321	HFSQL Client/Serveur
HInfoDroitRubrique	1410089919	HFSQL Client/Serveur
HInfoDroitServeur	3044322	HFSQL Client/Serveur
HInfoDroitVue	1000021475	HFSQL Client/Serveur
HInfoFichier	3044311	HFSQL
HInfoGroupe	3044283	HFSQL Client/Serveur
HInfoLog	3044356	HFSQL Client/Serveur
HInfoMémo	3044008	HFSQL
HInfoPropriétéBaseDeDonnées	3044323	HFSQL Client/Serveur
HInfoPropriétéFichier	3044324	HFSQL Client/Serveur
HInfoPropriétéServeur	3044325	HFSQL Client/Serveur
HInfoRéplica	3044015	HFSQL
HInfoSauvegarde	1000017083	HFSQL Client/Serveur
HInfoServeur	3044284	HFSQL Client/Serveur
HInfoTâche	1000017409	HFSQL Client/Serveur
HInfoUtilisateur	3044285	HFSQL Client/Serveur
HInfoVue	1000021619	HFSQL Client/Serveur
HInitAbonné	3044013	HFSQL
HInitHF55	3044010	HFSQL
HInterditAccèsBaseDeDonnées	3044286	HFSQL Client/Serveur
HInterditModif	3044053	HFSQL
HJournalInfo	3044009	HFSQL
HJournalRecrée	3044033	HFSQL
HJournalRedémarre	3044019	HFSQL
HJournalStop	3044035	HFSQL
HJSONVersEnregistrement	1000021910	HFSQL
HLibère	3044064	HFSQL
HLibèrePosition	3044062	HFSQL
HLibèreRequête	1000019374	HFSQL
HListeAnalyse	3044049	HFSQL
HListeBaseDeDonnées	3044288	HFSQL Client/Serveur
HListeClé	3044060	HFSQL
HListeCléSémantique	1410086681	HFSQL
HListeCléSpatiale	1410090426	HFSQL
HListeConnexion	3044046	HFSQL
HListeElémentStocké	3044367	HFSQL Client/Serveur
HListeFichier	3044045	HFSQL
HListeFichiersSurveillés	1410089900	HFSQL Client/Serveur
HListeGroupe	3044289	HFSQL Client/Serveur
HListeHistoriquePlanification	1410090762	HFSQL Client/Serveur
HListeHistoriqueRéindexation	1410091060	HFSQL Client/Serveur
HListeIndexFullText	1000017328	HFSQL
HListeIndexSémantique	1410091375	HFSQL
HListeLiaison	3044138	HFSQL
HListeMotVide	1000021594	HFSQL
HListeOptimisationPlanifiée	1000018863	HFSQL Client/Serveur
HListeParamètre	1000017321	HFSQL Client/Serveur
HListeParamRequête	3044078	HFSQL
HListePersoDossier	1000019775	HFSQL
HListePlanification	1000021452	HFSQL Client/Serveur
HListeProvider	3044232	HFSQL
HListeREP	3044229	HFSQL
HListeRubrique	3044230	HFSQL
HListeSauvegardePlanifiée	1000018868	HFSQL Client/Serveur
HListeServeur	1000018777	HFSQL Client/Serveur
HListeSynonyme	1000021593	HFSQL
HListeTâche	1000017092	HFSQL Client/Serveur
HListeTrigger	3044231	HFSQL
HListeTriggerServeur	1000017037	HFSQL Client/Serveur
HListeUtilisateur	3044290	HFSQL Client/Serveur
HListeUtilisateurConnecté	3044291	HFSQL Client/Serveur
HLit	3044047	HFSQL
HLitDernier	3044140	HFSQL
HLitPrécédent	3044048	HFSQL
HLitPremier	3044051	HFSQL
HLitRecherche	3044050	HFSQL
HLitRechercheDernier	3044034	HFSQL
HLitRecherchePremier	3044036	HFSQL
HLitSuivant	3044037	HFSQL
HMaintenanceServeur	1000022325	HFSQL Client/Serveur
HMigreCléComposéeReliée	3044038	WLangage utilisables dans un état
HMiseAJourCollection	3044354	HFSQL Client/Serveur
HMiseAJourLiaison	1000024555	HFSQL Client/Serveur
HMiseAJourRequête	3044365	HFSQL Client/Serveur
HMiseAJourVue	1000021520	HFSQL Client/Serveur
HMode	3044039	HFSQL
HModifie	3044042	HFSQL
HModifieDroitBaseDeDonnées	3044326	HFSQL Client/Serveur
HModifieDroitFichier	3044327	WLangage utilisables dans un état
HModifieDroitRubrique	1410089918	HFSQL Client/Serveur
HModifieDroitServeur	3044328	HFSQL Client/Serveur
HModifieDroitVue	1000021368	HFSQL Client/Serveur
HModifieGroupe	3044308	HFSQL Client/Serveur
HModifieOptimisationPlanifiée	1000018931	HFSQL Client/Serveur
HModifiePlanification	1000021450	HFSQL Client/Serveur
HModifiePropriétéBaseDeDonnées	3044329	WLangage utilisables dans un état
HModifiePropriétéFichier	3044330	HFSQL Client/Serveur
HModifiePropriétéServeur	3044331	HFSQL Client/Serveur
HModifieSauvegardePlanifiée	1000018932	HFSQL Client/Serveur
HModifieStructure	1000019439	HFSQL
HModifieTâche	1000017374	HFSQL Client/Serveur
HModifieUtilisateur	3044309	HFSQL Client/Serveur
HNbEnr	3044006	HFSQL
HNotifAjouteDestinataireCC	1000020387	HFSQL Client/Serveur
HNotifAjouteDestinataireEmail	1000020386	HFSQL Client/Serveur
HNotifConfigure	1000020390	HFSQL Client/Serveur
HNotifListeDestinataireCC	1000020391	HFSQL Client/Serveur
HNotifListeDestinataireEmail	1000020388	HFSQL Client/Serveur
HNotifSupprimeDestinataireCC	1000020398	HFSQL Client/Serveur
HNotifSupprimeDestinataireEmail	1000020399	HFSQL Client/Serveur
HNumEnr	3044063	HFSQL
HOpérationEncours	1000022480	HFSQL Client/Serveur
HOptimise	3044005	HFSQL
HOptimiseRequête	3044003	HFSQL
HOuvre	3044120	HFSQL
HOuvreAnalyse	3044106	HFSQL
HOuvreAnalyseComplémentaire	1410090082	HFSQL
HOuvreConnexion	3044107	HFSQL
HPasse	3044108	HFSQL
HPolitiqueSécuritéDébloqueCompte	1410091235	HFSQL Client/Serveur
HPolitiqueSécuritéModifie	1410091205	HFSQL Client/Serveur
HPolitiqueSécuritéRécupère	1410091207	HFSQL Client/Serveur
HPolitiqueSécuritéVérifie	1410091206	HFSQL Client/Serveur
HPositionCourante	3044109	HFSQL
HPositionne	3044110	HFSQL
HPoste	3044111	HFSQL
HPrécédent	3044112	HFSQL
HPremier	3044113	HFSQL
HPrépareRequête	1000019028	HFSQL
HPrépareRequêteSQL	3044119	HFSQL
HPriorité	3044352	HFSQL Client/Serveur
HPrioritéClient	3044353	HFSQL Client/Serveur
HPurgeRepTravail	1000017767	HFSQL Client/Serveur
HQualitéConnexion	1000018291	HFSQL Client/Serveur
HRafraîchitVue	1000021376	HFSQL
HRaye	3044121	WLangage utilisables dans un état
HRAZ	3044118	HFSQL
HRAZClient	3044341	HFSQL Client/Serveur
HRAZGroupe	3044292	HFSQL Client/Serveur
HRAZUtilisateur	3044293	HFSQL Client/Serveur
HRecalculeEmbedding	1410086682	HFSQL
HRecherche	3044130	HFSQL
HRechercheDernier	3044129	HFSQL
HRecherchePremier	3044125	HFSQL
HReconnecte	1000017278	HFSQL Client/Serveur
HRecréeRéplicaAbonné	3044350	HFSQL
HRecule	3044126	HFSQL
HRécupèreEnregistrement	3044127	HFSQL
HRécupèreLog	3044357	HFSQL Client/Serveur
HRécupèreRubrique	3044128	HFSQL
HRécupèreSauvegarde	1000022468	HFSQL Client/Serveur
HRégénèreFichier	3044122	HFSQL
HRéindexationEnCours	3044131	HFSQL
HRéindexe	3044133	HFSQL
HRéindexeAsynchrone	1410091053	HFSQL Client/Serveur
HRepTravailServeur	1000017768	HFSQL Client/Serveur
HRequêteExécutée	1410090242	HFSQL
HRestaureSauvegarde	1000017230	HFSQL Client/Serveur
HRetourPosition	3044137	HFSQL
HRplAjouteFichier	1410090462	WLangage
HRplDéclareLiaison	3044299	WLangage
HRplGestionFichier	1000017215	WLangage
HRplGestionRubrique	1000017216	WLangage
HRplPasse	3044342	WLangage
HRplProcédureFiltre	3044300	WLangage
HRSAjouteConfig	1000020492	WLangage
HRSAttendTraitementDonnées	1000023446	WLangage
HRSDéclenche	1000020556	WLangage
HRSIgnoreErreur	1410090182	WLangage
HRSInfo	1000020574	WLangage
HRSInit	1000020541	WLangage
HRSListeConfig	1000020497	WLangage
HRSModifieConfig	1000020495	WLangage
HRSRenommeNomServeur	1410088521	WLangage
HRSSupprimeConfig	1000020493	WLangage
HRSTransformeSpareEnServeur	1410091035	WLangage
HSauvegarde	1000017081	HFSQL Client/Serveur
HSauveParamètre	1000017313	HFSQL Client/Serveur
HSauvePosition	3044136	HFSQL
HSécurité	3044135	HFSQL
HSimuleRéseau	1000018954	HFSQL Client/Serveur
HsMenu,Libelle	75130276	Objet
HSourceDeDonnéesConnue	1410090243	HFSQL
HStatCalcule	3044134	HFSQL
HStatCalculeAsynchrone	1410091108	HFSQL Client/Serveur
HStatDate	3044117	HFSQL
HStatHeure	3044116	HFSQL
HStatNbDoublon	3044031	HFSQL
HStatNbEnr	3044030	HFSQL
HStatNbEnrIntervalle	3044029	HFSQL
HSubstRep	3044028	HFSQL
HSuggèreClé	1000025903	HFSQL Client/Serveur
HSuggèreCléDébut	1000025905	HFSQL Client/Serveur
HSuggèreCléFin	1000025906	HFSQL Client/Serveur
HSuivant	3044027	HFSQL
HSupprime	3044018	HFSQL
HSupprimeBaseDeDonnées	3044332	WLangage utilisables dans un état
HSupprimeCollection	3044355	HFSQL Client/Serveur
HSupprimeFichier	3044294	HFSQL Client/Serveur
HSupprimeGroupe	3044295	HFSQL Client/Serveur
HSupprimeHistoriquePlanification	1410090760	HFSQL Client/Serveur
HSupprimeLiaison	3044314	WLangage utilisables dans un état
HSupprimeOptimisationPlanifiée	1000018865	HFSQL Client/Serveur
HSupprimeParamètre	1000017315	HFSQL Client/Serveur
HSupprimePlanification	1000021448	HFSQL Client/Serveur
HSupprimeRépertoire	1000019001	HFSQL Client/Serveur
HSupprimeRequête	3044366	HFSQL Client/Serveur
HSupprimeSauvegarde	1000017373	HFSQL Client/Serveur
HSupprimeSauvegardePlanifiée	1000018870	HFSQL Client/Serveur
HSupprimeTâche	1000017093	HFSQL Client/Serveur
HSupprimeTout	1000017331	HFSQL
HSupprimeToutHistoriquePlanification	1410090761	HFSQL Client/Serveur
HSupprimeUtilisateur	3044296	HFSQL Client/Serveur
HSupprimeVue	1410088606	HFSQL Client/Serveur
HSurAppelServeur	3044343	HFSQL Client/Serveur
HSurErreur	3044017	HFSQL
HSurveille	1000022407	HFSQL Client/Serveur
HSurveilleStop	1000022430	HFSQL Client/Serveur
HSynchroniseRéplica	3044014	HFSQL
HTMLActiveDébogueur	1410087849	Affichage HTML
HTMLChercheElémentParBalise	1000026272	gestion des fichiers HTML
HTMLChercheElémentParClasse	1000026177	gestion des fichiers HTML
HTMLChercheElémentParID	1000025915	gestion des fichiers HTML
HTMLChercheElémentParNom	1000025913	gestion des fichiers HTML
HTMLClasseAjoute	1000021550	diverses WEBDEV
HTMLClasseBascule	1000021551	diverses WEBDEV
HTMLClasseSupprime	1000021552	diverses WEBDEV
HTMLConstruitChaîne	1000025909	gestion des fichiers HTML
HTMLDepuisEmail	1410087263	Affichage HTML
HTMLDésencadreTousLesFils	1410087613	gestion des fichiers HTML
HTMLEncadre	1410087611	gestion des fichiers HTML
HTMLEncadreTousLesFils	1410087612	gestion des fichiers HTML
HTMLExécuteProcédureNavigateur	1000025920	Affichage HTML
HTMLExécuteTraitementChamp	1000025969	Affichage HTML
HTMLInsèreAprès	1410087610	gestion des fichiers HTML
HTMLInsèreAvant	1410087609	gestion des fichiers HTML
HTMLInsèreDernierFils	1410087616	gestion des fichiers HTML
HTMLInsèrePremierFils	1410087615	gestion des fichiers HTML
HTMLModifieAttribut	1410087618	gestion des fichiers HTML
HTMLNavigue	3025042	Affichage HTML
HTMLOuvre	1000025907	gestion des fichiers HTML
HTMLSauve	1000025908	gestion des fichiers HTML
HTMLSupprime	1410087614	gestion des fichiers HTML
HTMLSupprimeAttribut	1410087619	gestion des fichiers HTML
HTMLSupprimeFils	1410087617	gestion des fichiers HTML
HTMLSurErreurJS	1000026259	Affichage HTML
HTMLValeurChamp	1000025968	Affichage HTML
HTMLValideFormulaire	1000025970	Affichage HTML
HTMLVersPDF	1410088984	gestion des fichiers HTML
HTMLVersRTF	1000017040	gestion des chaînes
HTMLVersRVB	1000019414	dessin
HTMLVersTexte	1000017039	gestion des chaînes
HTransaction	1000023384	HFSQL
HTransactionAnnule	3044001	HFSQL
HTransactionDébut	3044002	HFSQL
HTransactionEnCours	1000025274	HFSQL
HTransactionFin	3044032	HFSQL
HTransactionInterrompue	3044026	HFSQL
HTransactionIsolation	1000020926	HFSQL Client/Serveur
HTransactionLibère	3044016	HFSQL
HTransactionListe	3044351	HFSQL Client/Serveur
HTransactionPointDeSauvegarde	1410087841	HFSQL Client/Serveur
HTransactionRetourneAuPointDeSauvegarde	1410087842	HFSQL Client/Serveur
HTrieVue	3044114	HFSQL
HTriggerEnregistrementAvant	1000025873	HFSQL
HTrouve	3044104	HFSQL
HTTPAjouteFichier	1000017191	HTTP
HTTPAjouteParamètre	1000017189	HTTP
HTTPAnnuleFormulaire	1000017123	HTTP
HTTPCertificat	1000018898	HTTP
HTTPCookieEcrit	1000019234	HTTP
HTTPCookieGère	1000019218	HTTP
HTTPCookieLit	1000019233	HTTP
HTTPCookieRAZ	1000019232	HTTP
HTTPCookieRécupère	1000019228	HTTP
HTTPCookieRemplace	1000019231	HTTP
HTTPCréeFormulaire	1000017119	HTTP
HTTPDestination	1000017094	HTTP
HTTPDonneRésultat	3043001	HTTP
HTTPEnvoie	1000021183	HTTP
HTTPEnvoieAsynchrone	1410091208	HTTP
HTTPEnvoieFormulaire	1000017190	HTTP
HTTPJauge	3043009	HTTP
HTTPListeCertificat	1000018890	HTTP
HTTPParamètre	1000018985	HTTP
HTTPRAZFormulaire	1000017188	HTTP
HTTPRequête	3043007	HTTP
HTTPSimuleRéseau	1000021595	HTTP
HTTPTimeOut	3043008	HTTP
HVérifieInaltéré	1000023377	HFSQL
HVérifieIndex	3044044	HFSQL
HVérifieIndexAsynchrone	1410091105	HFSQL Client/Serveur
HVérifieMémo	1000023126	HFSQL
HVérifieMémoAsynchrone	1410091107	HFSQL Client/Serveur
HVérifieMiseAJourServeur	1000022520	HFSQL Client/Serveur
HVérifieStructure	3044068	HFSQL
HVersFichier	3044347	HFSQL
HVersion	3044020	HFSQL
HVersRubrique	3044025	HFSQL
HVueVersFichier	3044021	HFSQL
IACalculeSimilaritéSémantique	1410091321	Intelligence Artificielle (IA)
IACollectionVecteurSémantiqueMoyenne	1410091325	Intelligence Artificielle (IA)
IACréeCollectionVecteurSémantique	1410091322	Intelligence Artificielle (IA)
IACréeVecteurSémantique	1410091316	
IADétecte	1410087942	Intelligence Artificielle (IA)
IADétecteContour	1410089109	Intelligence Artificielle (IA)
IADétecteDessin	1410089108	Intelligence Artificielle (IA)
iAjoutePièceJointe	1000024059	impression
iAjouteSignet	1000020056	impression
IAListeModèleChat	1410086702	Intelligence Artificielle (IA)
IAModèleDétecte	1410087982	
iAperçu	3046069	WLangage utilisables dans un état
IAVecteurSémantiqueNormalise	1410091354	
IBANValide	1410089019	diverses Windows
iCadre	3046044	WLangage utilisables dans un état
iCadreArrondi	3046024	WLangage utilisables dans un état
iCalendarVersAgenda	1000021918	Agenda
iCalendarVersPlanning	1000021917	Planning
iCalendarVersRendezVous	1000021827	RendezVous (Lotus Notes/Android/iOS)
iChangeSousEtatSource	1000019621	impression
iCloudCléValeurEcrit	1410088739	iCloud
iCloudCléValeurExiste	1410088740	iCloud
iCloudCléValeurListeClé	1410088856	iCloud
iCloudCléValeurLit	1410088741	iCloud
iCloudCléValeurSupprime	1410088742	iCloud
iCloudCléValeurSurveille	1410088760	iCloud
iConfigure	3046072	WLangage utilisables dans un état
iConfigureEtat	3046076	impression
Iconise	3038015	gestion des fenêtres
iCréePolice	3046045	WLangage utilisables dans un état
iDéfinitXMPSupplémentaire	1000025142	impression
IdentifiantContexteAWP	1000017144	gestion des pages
iDernierFichier	3046068	WLangage utilisables dans un état
iDestination	3046074	impression
iEllipse	3046009	impression
iEnchaînementAjoute	1000020059	impression
iEnchaînementAjouteDiagramme	1410088662	impression
iEnchaînementAjouteDoc	1000023089	impression
iEnchaînementAjoutePDF	1000023468	impression
iEnchaînementAjouteXLS	1000023518	impression
iEnchaînementImprime	1000019903	impression
iEscape	3046054	WLangage utilisables dans un état
iFenêtreAbandon	3046042	WLangage utilisables dans un état
iFermeEtat	3046041	WLangage utilisables dans un état
iFichierEnCours	1000021859	impression
iFinEtat	3046040	WLangage utilisables dans un état
iFinImprime	3046053	impression
iForceComplément	3046046	WLangage utilisables dans un état
iGroupeAjoute	1000020580	impression
iGroupeImprime	1000020582	impression
iGroupeParamètre	1000020581	impression
iHautBasPageImbriqué	3046047	WLangage utilisables dans un état
iHauteurImage	3046057	impression
iHauteurPage	3046052	WLangage utilisables dans un état
iHauteurRestantePage	3046060	WLangage utilisables dans un état
iHauteurTexte	3046070	WLangage utilisables dans un état
iHauteurZone	3046062	WLangage utilisables dans un état
iImpressionAbandonnée	3046006	WLangage utilisables dans un état
iImpressionDemandée	3046029	WLangage utilisables dans un état
iImprime	3046031	impression
iImprimeBloc	3046030	WLangage utilisables dans un état
iImprimeCodeBarre	3046020	impression
iImprimeComplémentCorps	3046019	WLangage utilisables dans un état
iImprimeDiagramme	1410088189	impression
iImprimeDoc	1000022390	impression
iImprimeDuplicata	1000018842	impression
iImprimeEtat	3046032	WLangage utilisables dans un état
iImprimeImage	3046017	impression
iImprimeMot	3046034	impression
iImprimePDF	1000020519	impression
iImprimeSignature	1000021690	impression
iImprimeXLS	1000023517	impression
iImprimeZone	3046027	impression
iImprimeZoneHTML	1000020346	impression
iImprimeZoneMarkdown	1410089011	impression
iImprimeZoneRTF	3046023	impression
iInfoImprimante	3046022	WLangage utilisables dans un état
iInitEtatInterne	1000024611	impression
iInitEtatVerso	1410090612	impression
iInitRequêteEtat	3046021	WLangage utilisables dans un état
iInitRequêteEtatConnexion	3046028	WLangage utilisables dans un état
iInitSousEtat	1000019503	impression
iLargeurImage	3046061	impression
iLargeurPage	3046036	WLangage utilisables dans un état
iLargeurTexte	3046033	WLangage utilisables dans un état
iLien	3046018	impression
iLigne	3046035	impression
iListeEtatsImbriqués	3046005	WLangage utilisables dans un état
iListeImprimante	3046063	WLangage utilisables dans un état
ImageArrêteDéfilement	1000019428	Image
ImageCalqueVisible	1000023504	Image
ImageDernier	1000019432	Image
ImageFenêtre	3038013	gestion des fenêtres
ImageInfoFerme	3091001	EXIF
ImageInfoListe	3091002	EXIF
ImageInfoModifie	3091005	EXIF
ImageInfoSauve	3091006	EXIF
ImageInfoValeur	3091003	EXIF
ImageLanceDéfilement	1000019427	Image
iMagentaTransparent	3046003	WLangage utilisables dans un état
ImageOccurrence	1000019434	Image
ImagePositionDéfilement	1000019433	Image
ImagePosX	3045003	Image
ImagePosY	3045001	Image
ImagePrécédent	1000019430	Image
ImagePremier	1000019429	Image
ImageSuivant	1000019431	Image
ImageZone	3045002	Image
iMarge	3046011	WLangage utilisables dans un état
iMMVersPica	3046004	WLangage utilisables dans un état
inAppAchèteProduit	1000020873	Achats In-App
inAppConsommeProduit	1000020880	Achats In-App
inAppListeAchat	1000020888	Achats In-App
inAppListeInfoProduit	1000020872	Achats In-App
inAppRestaureAchats	1000020879	Achats In-App
inAppVérifieAbonnement	1000022719	Achats In-App
iNationImpression	1000020968	impression
IndiceEnCours	3025040	Table
IndiceSuivant	3025030	Table
Info	3021011	Boîtes de dialogue
InfoAsynchrone	1000025269	Boîtes de dialogue
InfoAvecDélai	1000020528	Boîtes de dialogue
InfoAvecDélaiAsynchrone	1000025271	Boîtes de dialogue
InfoBitmap	3029015	dessin
InfoConstruit	1000018879	Boîtes de dialogue
InfoImage	1410091104	dessin
INIEcrit	3013039	diverses WINDEV
INILit	3013043	diverses WINDEV
InitFenêtre	3038019	gestion des fenêtres
InitHasard	3013030	diverses WINDEV
InitParamètre	3025044	gestion des champs
Insère	1000017351	Tableau
InsèreColonne	1000017353	Tableau
InsèreLigne	1000017352	Tableau
InsèreRéférence	1000023937	Tableau
InstalleIcone	3014016	diverses Windows
Instance	3014019	diverses Windows
InternetConnecté	3043005	HTTP
InterrupteurAjoute	1000020595	Interrupteur
InterrupteurInsère	1000020597	Interrupteur
InterrupteurOccurrence	1000021274	Interrupteur
InterrupteurSupprime	1000020596	Interrupteur
iNumColonne	1000018825	impression
iNumPage	3046013	WLangage utilisables dans un état
Inverse	3024028	gestion des chaînes
iOSApplicationOpenURLProcédure	1410089346	gestion du téléphone
iOSExclutFichieriCloud	1000021779	gestion du téléphone
iOSRépertoireAppGroup	1410088694	gestion du téléphone
iParamètre	3046008	WLangage utilisables dans un état
iParamètreAperçu	3046001	WLangage utilisables dans un état
iParamètreDuplicata	1000018845	impression
iParamètreEtat	3046077	impression
iParamètreExport	1000017026	impression
iParamètreFiligrane	1000019939	impression
iParamètrePDF	3046007	WLangage utilisables dans un état
iParamètreVisualisateur	1000024634	impression
iParamètreXLS	1000017224	impression
iPicaVersMM	3046010	WLangage utilisables dans un état
iPolice	3046014	WLangage utilisables dans un état
iPoliceDidot	3046016	WLangage utilisables dans un état
iPosH	3046056	impression
iPosV	3046039	impression
iPosX	3046015	impression
iPosY	3046075	impression
iRAZ	3046067	WLangage utilisables dans un état
iRAZNbPages	1000021134	impression
iRepImageHTML	3046078	impression
iSauteLigne	3046071	impression
iSautePage	3046073	WLangage utilisables dans un état
iSelectPolice	3046055	WLangage utilisables dans un état
iStatusImpressionEtat	3046043	WLangage utilisables dans un état
iSubstBloc	3046048	WLangage utilisables dans un état
Italie.VérifieCF	1410089243	gestion des identifiants administratifs
Italie.VérifieIVA	1410089247	gestion des identifiants administratifs
Italie.VérifieNuméroFiscal	1410090226	gestion des identifiants administratifs
iTermineColonne	1000019184	impression
iTerminePage	3046038	WLangage utilisables dans un état
iTrait	3046050	impression
iTraitH	3046051	impression
iTraitV	3046066	impression
J2EEAjouteEntête	3047001	J2EE
J2EEDonneRésultat	3047003	J2EE
J2EEErreur	3047010	J2EE
J2EEExécute	3047007	J2EE
J2EEExécuteXML	3047008	J2EE
Jauge	3021008	Boîtes de dialogue
JaugeActive	1000019477	gestion des jauges
JaugeDésactive	1000019478	gestion des jauges
JaugeExécute	1000019481	gestion des jauges
JavaCharge	3048001	Java
JavaExécute	3048003	Java
JavaExécuteFonction	3048004	Java
JourDansLAnnéeVersDate	1410090781	gestion des dates et des heures
JourEnCours	1410089835	gestion des dates et des heures
JourFérié	1000017303	gestion des dates et des heures
JourFériéAjoute	1000017304	gestion des dates et des heures
JourFériéListe	1000017302	gestion des dates et des heures
JourFériéSupprimeTout	1000017301	gestion des dates et des heures
jQuery	1000021070	diverses WEBDEV
jQueryExécute	1000021008	diverses WEBDEV
JSEvénement	1000018924	diverses WEBDEV
JSFinEvénement	1000018925	diverses WEBDEV
JSInfoEvénement	3036067	diverses WEBDEV
JSInterruptionEvénement	1000019185	diverses WEBDEV
JSMéthode	3012002	diverses WEBDEV
JSONExécute	1000017284	diverses WEBDEV
JSONExécuteExterne	1000017286	diverses WEBDEV
JSONOuvreLecteur	1410090784	gestion du format JSON
JSONValide	1410089147	gestion du format JSON
JSONVersChaîne	1000024530	gestion du format JSON
JSONVersTable	1410090328	gestion du format JSON
JSONVersVariant	1000021052	gestion du format JSON
JSONVersXML	1410087330	gestion du format JSON
JSPropriété	3012019	diverses WEBDEV
JWTCréeAssertion	1410091014	gestion des protocoles OAuth et OpenID
KanbanAffiche	1410089522	Kanban
KanbanAjouteCarte	1410089140	Kanban
KanbanAjouteListe	1410089137	Kanban
KanbanDéplaceCarte	1410089144	Kanban
KanbanDéplaceListe	1410089540	Kanban
KanbanEnregistre	1410089562	Kanban
KanbanFiltre	1410089534	Kanban
KanbanIndiceListe	1410089317	Kanban
KanbanInfoXY	1410089224	Kanban
KanbanInsèreCarte	1410089316	Kanban
KanbanInsèreListe	1410089539	Kanban
KanbanOccurrence	1410089240	Kanban
KanbanPositionListe	1410089241	Kanban
KanbanSupprimeCarte	1410089141	Kanban
KanbanSupprimeListe	1410089239	Kanban
KanbanSupprimeToutCarte	1410089143	Kanban
KanbanVersImage	1410089138	
KiosqueActive	1000024425	Kiosque
KiosqueDésactive	1000024426	Kiosque
LanceAppli	3035006	Exécutables
LanceAppliAssociée	3035007	Exécutables
LanceAppliDistante	1000018695	Exécutables
LanceEtatsEtRequêtes	3013067	diverses WINDEV
LancePartage	1000020620	Exécutables
LangueVersAlphabet	3054018	Multilingue
LangueVersNation	3054019	Multilingue
LangueVersNom	3054020	Multilingue
LDAPAjouteAttribut	3032110	LDAP
LDAPConnecte	3032100	LDAP
LDAPDébutAjout	3032109	LDAP
LDAPDébutModification	3032112	LDAP
LDAPDéconnecte	3032102	LDAP
LDAPListeAttribut	3032104	LDAP
LDAPListeFils	3032105	LDAP
LDAPMode	3032126	LDAP
LDAPNbValeur	3032106	LDAP
LDAPRAZ	3032103	LDAP
LDAPRecherche	3032108	LDAP
LDAPRemplaceAttribut	3032113	LDAP
LDAPRemplaceValeurAttribut	3032119	LDAP
LDAPRenommeAttribut	3032120	LDAP
LDAPSupprime	3032114	LDAP
LDAPSupprimeAttribut	3032115	LDAP
LDAPSupprimeValeurAttribut	3032116	LDAP
LDAPValeur	3032107	LDAP
LDAPValideAjout	3032111	LDAP
LDAPValideModification	3032117	LDAP
LecteurPDFAfficheSignet	1410089202	Lecteur PDF
LecteurPDFFerme	1000023453	Lecteur PDF
LecteurPDFInfoXY	1000025332	Lecteur PDF
LecteurPDFOuvre	1000023452	Lecteur PDF
LecteurPDFRecherchePrécédent	1000023411	Lecteur PDF
LecteurPDFRecherchePremier	1000023409	Lecteur PDF
LecteurPDFRechercheSuivant	1000023410	Lecteur PDF
LecteurPDFSauve	1000024898	Lecteur PDF
LecteurPDFSurligne	1000023544	Lecteur PDF
LecteurPDFTournePage	1000023940	Lecteur PDF
LEDAllume	1000019446	gestion du téléphone
LEDEteint	1000019447	gestion du téléphone
LibèreContexteAWP	1000020429	gestion des pages
LienCouleur	1000022354	gestion des champs
LienCouleurRTF	1410087292	
LigneCommande	3013051	diverses WINDEV
LigneVersPosition	1000019896	gestion des chaînes
ListeAffiche	3049005	Liste
ListeAjoute	3049004	Liste
ListeCherche	3049003	Liste
ListeDéplaceLigne	1000017279	Liste
ListeDLL	3064006	Exécutables
ListeInfo	1000019548	gestion des files, piles, listes
ListeInfoXY	3049006	Liste
ListeInsère	3049002	Liste
ListeModifie	3049009	Liste
ListeOccurrence	3049014	Liste
ListePosition	3049015	Liste
ListeProcédureChargeImage	1410090789	Liste
ListeSelect	3049011	Liste
ListeSelectMoins	3049008	Liste
ListeSelectOccurrence	3049010	Liste
ListeSelectPlus	3049012	Liste
ListeSupprime	3049016	Liste
ListeSupprimeTout	3049013	Liste
ListeTrie	1000017022	Liste
Log	3050003	Mathématiques
LuhnCalcule	1410087276	cryptage/compression
LuhnVérifie	1410087277	cryptage/compression
LuminositéAuto	1000020182	gestion du téléphone
LuminositéModifie	1000020170	gestion du téléphone
LuminositéRécupère	1000019810	gestion du téléphone
MagnetoAction	1000014001	gestion du téléphone
Maintenant	3027024	gestion des dates et des heures
Majuscule	3024039	gestion des chaînes
MarkdownLien	1410090230	gestion des chaînes
MarkdownVersDOCX	1410089153	gestion des chaînes
MarkdownVersHTML	1410088874	gestion des chaînes
MarkdownVersPDF	1410089119	gestion des chaînes
MarkdownVersTexte	1410089001	gestion des chaînes
MasqueCodePostal	1000024742	Masque
MasqueFormate	1000024738	Masque
MasqueNuméroDeTéléphone	1000024741	Masque
MatAdditionne	3050049	Matrice
MatCompresse	3050043	Matrice
MatCopie	3050048	Matrice
MatCrée	3050058	Matrice
MatDéterminant	3050045	Matrice
MatEcrit	3050077	Matrice
MatErreur	3050044	Matrice
MatExiste	3050076	Matrice
MatInverse	3050075	Matrice
MatLit	3050074	Matrice
MatLitColonne	3050070	Matrice
MatLitLigne	3050032	Matrice
MatMultiplie	3050072	Matrice
MatNbColonne	3050073	Matrice
MatNbLigne	3050060	Matrice
MatRéelAdditionne	3050059	Matrice
MatRéelMultiplie	3050040	Matrice
MatRemplit	3050057	Matrice
MatSupprime	3050031	Matrice
MatTranspose	3050001	Matrice
Max	3050005	Tableau
Maximise	3038001	gestion des fenêtres
MCIArrêt	3051003	MCI
MCIDébut	3051002	MCI
MCIErr	3051011	MCI
MCIEtat	3051009	MCI
MCIExécute	3051005	MCI
MCIFerme	3051006	MCI
MCIFin	3051007	MCI
MCIFormatPosition	3051004	MCI
MCIHauteur	3051008	MCI
MCIJoue	3051001	MCI
MCILargeur	3051020	MCI
MCIMsgErr	3051021	MCI
MCINombrePiste	3051014	MCI
MCIOuvre	3051017	MCI
MCIPause	3051015	MCI
MCIPiste	3051016	MCI
MCIPosition	3051013	MCI
MCIRécupère	3051022	MCI
MCITaille	3051018	MCI
MCITailleFenêtre	3051019	MCI
MCIVolume	3051012	MCI
MCUActif	3030020	MCU
MCUOuvre	3030021	MCU
MDIActive	3052002	MDI
MDIEnumèreFille	3052001	MDI
MDIMenuFenêtre	3052004	MDI
MDIMère	3052006	MDI
MDIOuvre	3052005	MDI
MemAjoute	3053002	gestion des zones mémoires
MemcachedAffecte	1000023342	Memcached
MemcachedAffecteGroupeClé	1000023354	Memcached
MemcachedAjoute	1000023340	Memcached
MemcachedAjouteGroupeClé	1000023349	Memcached
MemcachedAjoutePréfixe	1000023343	Memcached
MemcachedAjoutePréfixeGroupeClé	1000023357	Memcached
MemcachedAjouteSuffixe	1000023344	Memcached
MemcachedAjouteSuffixeGroupeClé	1000023350	Memcached
MemcachedCAS	1000023348	Memcached
MemcachedCASGroupeClé	1000023356	Memcached
MemcachedDécrémente	1000023347	Memcached
MemcachedDécrémenteGroupeClé	1000023355	Memcached
MemcachedIncrémente	1000023346	Memcached
MemcachedIncrémenteGroupeClé	1000023352	Memcached
MemcachedModifie	1000023341	Memcached
MemcachedModifieGroupeClé	1000023351	Memcached
MemcachedRécupère	1000023363	Memcached
MemcachedRécupèreGroupeClé	1000023364	Memcached
MemcachedSupprime	1000023345	Memcached
MemcachedSupprimeGroupeClé	1000023353	Memcached
MemCrée	3053005	gestion des zones mémoires
MemDernier	3053004	gestion des zones mémoires
MemEnCours	3053008	gestion des zones mémoires
MemEnDehors	3053009	gestion des zones mémoires
MemExiste	3053006	gestion des zones mémoires
MemModifie	3053007	gestion des zones mémoires
MemOccurrence	3053010	gestion des zones mémoires
MémoireVersFichier	3013070	
MémoTélécharge	1410086743	diverses WEBDEV
MémoVisualise	1410086742	diverses WEBDEV
MemPositionne	3053018	gestion des zones mémoires
MemPrécédent	3053011	gestion des zones mémoires
MemPremier	3053014	gestion des zones mémoires
MemRecherche	3053015	gestion des zones mémoires
MemRécupère	3053012	gestion des zones mémoires
MemSuivant	3053017	gestion des zones mémoires
MemSupprime	3053013	gestion des zones mémoires
MemSupprimeTout	3053019	gestion des zones mémoires
MemTri	3053003	gestion des zones mémoires
MemTrie	3053020	gestion des zones mémoires
MemTrouvé	3053021	gestion des zones mémoires
MemValClé	3053016	gestion des zones mémoires
MenuAjoute	3038048	Menu
MenuAjouteMenu	1000017266	Menu
MenuAjouteMenuNavigateur	1410090921	Menu
MenuAjouteOption	1000017262	Menu
MenuAjouteOptionNavigateur	1410090920	Menu
MenuAjouteOptionURL	1000018529	Menu
MenuAjoutePopup	1000020583	Menu
MenuAjouteSéparateur	1000017270	Menu
MenuClone	1000017257	Menu
MenuDémarque	3038002	Menu
MenuEtat	3038003	Menu
MenuExiste	1000019365	Menu
MenuInsèreMenu	1000017267	Menu
MenuInsèreOption	1000017265	Menu
MenuInsèreSéparateur	1000017271	Menu
MenuInvisible	3038022	Menu
MenuLibellé	3038009	Menu
MenuMarquage	3038008	Menu
MenuMarque	3038007	Menu
MenuSelectMoins	3038010	Menu
MenuSelectPlus	3038005	Menu
MenuSupprime	3038058	Menu
Message	3021006	Boîtes de dialogue
MessageAjouteCase	3021001	Boîtes de dialogue
MessageSupprimeCase	3021002	Boîtes de dialogue
MessTraduit	3054015	Multilingue
Milieu	3024023	gestion des chaînes
Min	3050004	Tableau
Minuscule	3024030	gestion des chaînes
mlChargeEspaceDeTravail	1000021358	accès à MATLAB
mlEcritVariable	1000021355	accès à MATLAB
mlExécute	1000021353	accès à MATLAB
mlInitialise	1000021351	accès à MATLAB
mlListeVariable	1000021357	accès à MATLAB
mlRAZEspaceDeTravail	1000021360	accès à MATLAB
mlRécupèreVariable	1000021354	accès à MATLAB
mlSauveEspaceDeTravail	1000021359	accès à MATLAB
mlSupprimeVariable	1000021356	accès à MATLAB
mlTermine	1000021352	accès à MATLAB
ModbusConnecteRTU	1000025929	Modbus
ModbusConnecteTCP	1000025930	Modbus
ModbusDéconnecte	1000025931	Modbus
ModbusEcritBit	1000025932	Modbus
ModbusEcritFlottant	1000025933	Modbus
ModbusEcritRegistre	1000025934	Modbus
ModbusEnvoieTrameBrute	1410089145	Modbus
ModbusLitBit	1000025935	Modbus
ModbusLitFlottant	1000025936	Modbus
ModbusLitRegistre	1000025937	Modbus
ModeExécution	3013048	diverses WINDEV
MoisEnCours	1000019415	gestion des dates et des heures
MongoAjoute	1000022432	MongoDB
MongoCherche	1000022433	MongoDB
MongoCrée	1000022408	MongoDB
MongoCréeCollection	1000022434	MongoDB
MongoExécuteCommande	1000022435	MongoDB
MongoExécuteLotOpérations	1410089189	MongoDB
MongoGridFSEnvoieFichier	1000022436	MongoDB
MongoGridFSListeFichier	1000022438	MongoDB
MongoGridFSRécupèreFichier	1000022439	MongoDB
MongoGridFSRécupèreFichierParID	1000022595	MongoDB
MongoGridFSRécupèreInfoFichier	1000023495	MongoDB
MongoGridFSSupprimeFichier	1000022440	MongoDB
MongoGridFSSupprimeFichierParID	1000022596	MongoDB
MongoInfo	1000022441	MongoDB
MongoModifieTout	1000022603	MongoDB
MongoModifieUn	1000022443	MongoDB
MongoPipelineAgrégation	1000025267	MongoDB
MongoSupprimeBase	1000022444	MongoDB
MongoSupprimeCollection	1000022558	MongoDB
MongoSupprimeTout	1000022445	MongoDB
MongoSupprimeUn	1000022446	MongoDB
MotOccurrence	1000019897	gestion des chaînes
MotVersTableau	1000019898	gestion des chaînes
Moyenne	1000019891	Tableau
MQTTAbonne	1000023073	MQTT
MQTTConnecte	1000023021	MQTT
MQTTDéconnecte	1000023022	MQTT
MQTTDésabonne	1000023074	MQTT
MQTTDésabonneTout	1000023080	MQTT
MQTTPublie	1000023060	MQTT
MultimédiaArrêt	1000017203	Multimédia
MultimédiaContrôleVisible	1000019973	Multimédia
MultimédiaDébut	1000017204	Multimédia
MultimédiaDurée	1000017211	Multimédia
MultimédiaEtat	1000017214	Multimédia
MultimédiaFerme	1000017205	Multimédia
MultimédiaFin	1000017209	Multimédia
MultimédiaHauteur	1000017212	Multimédia
MultimédiaJoue	1000017202	Multimédia
MultimédiaLargeur	1000017213	Multimédia
MultimédiaOuvre	1000017206	Multimédia
MultimédiaPause	1000017207	Multimédia
MultimédiaPosition	1000017210	Multimédia
MultimédiaVolume	1000017208	Multimédia
Multitâche	3015004	Evénements Windows
MultitâcheRepeint	3038004	gestion des fenêtres
MutexCrée	1000019022	gestion des threads
MutexDébut	1000019023	gestion des threads
MutexDétruit	1000019025	gestion des threads
MutexFin	1000019024	gestion des threads
Nation	3054014	Multilingue
NationDroiteAGauche	1000020820	Multilingue
NationFramework	1000024376	Multilingue
NationVersLangue	3054021	Multilingue
NationVersNom	1000022324	Multilingue
NationVersSousLangue	1000022209	Multilingue
NavigateurAdresseIP	3055003	gestion du navigateur
NavigateurEstConnecté	1000019392	gestion du navigateur
NavigateurFerme	3055007	gestion du navigateur
NavigateurHauteur	1000022548	gestion du navigateur
NavigateurHistoriqueAjoute	1000023458	gestion du navigateur
NavigateurHistoriqueModifie	1000023459	gestion du navigateur
NavigateurImprime	1000024545	gestion du navigateur
NavigateurLanceAppli	1000019424	gestion du navigateur
NavigateurLargeur	1000022547	gestion du navigateur
NavigateurMobile	1000021856	gestion du navigateur
NavigateurNom	3055005	gestion du navigateur
NavigateurOS	1000021857	gestion du navigateur
NavigateurOuvre	3055006	gestion du navigateur
NavigateurPartage	1410089642	gestion du navigateur
NavigateurPlateforme	1000019486	gestion du navigateur
NavigateurTranche	1000022546	gestion du navigateur
NavigateurType	1000019487	gestion du navigateur
NavigateurVersion	1000019488	gestion du navigateur
NetAdresseIP	3056023	Net
NetAdresseMAC	1000016006	Net
NetConnecte	3056004	Net
NetDéconnecte	3056011	Net
NetDémarreServeur	3056013	Net
NetEnvoieBuffer	3056001	Net
NetEnvoieFichier	3056005	Net
NetEnvoieMessage	3056003	Net
NetEnvoieMessageClient	3056007	Net
NetExécute	3056002	Net
NetFermeAccèsDistant	3056021	Net
NetFinServeur	3056024	Net
NetInfoAccèsDistant	3056028	Net
NetIPVersMAC	1000016005	Net
NetListeAccèsDistant	3056027	Net
NetListeAdresseIP	1000019683	Net
NetListeDisque	3056015	Net
NetListeRep	3056016	Net
NetMACVersIP	1000016004	Net
NetMessageBoxClient	3056017	Net
NetMessageBoxDistant	3056020	Net
NetMsgErreur	3056019	Net
NetNomMachine	3056014	Net
NetOptionServeur	3056022	Net
NetOuvreAccèsDistant	3056026	Net
NetRécupèreFichier	3056025	Net
NetRenommeFichier	3056006	Net
NetSupprimeFichier	3056018	Net
NFCEcritTag	1000020417	NFC
NFCEnvoieTag	1000020418	NFC
NFCEtat	1000020415	NFC
NFCLitTag	1000020416	NFC
NombreEnLettres	1000020632	gestion des chaînes
NombreFenêtre	3064005	gestion des fenêtres
NONBinaire	3050011	gestion des valeurs Binaires
NoteChargeTout	1000022397	Notes repositionnables
NoteCrée	1000022395	Notes repositionnables
NotesActiveVue	1000005118	Notes
NotesAjouteFichierAttaché	1000005119	Notes
NoteSauveTout	1000022396	Notes repositionnables
NotesChamp	1000005114	Notes
NotesDésactiveVue	1000005120	Notes
NotesDimensionChamp	1000005103	Notes
NotesDocumentCherche	1000005104	Notes
NotesDocumentDernier	1000005105	Notes
NotesDocumentIdentifiant	1000017084	Notes
NotesDocumentPrécédent	1000005106	Notes
NotesDocumentPremier	1000005107	Notes
NotesDocumentSuivant	1000005108	Notes
NotesDocumentSupprime	1000017085	Notes
NotesEnDehors	1000005109	Notes
NotesEnregistre	1000005110	Notes
NotesExtraitFichierAttaché	1000005121	Notes
NotesFermeBase	1000005111	Notes
NotesListeChamp	1000005112	Notes
NotesListeFichierAttaché	1000005122	Notes
NotesListeVue	1000005123	Notes
NotesModifieChamp	1000005113	Notes
NotesModifieFichierAttaché	1000005124	Notes
NotesNbFichierAttaché	1000005125	Notes
NotesOuvreBase	1000005101	Notes
NotesOuvreConnexion	1000005102	Notes
NotesRAZ	1000005115	Notes
NotesSupprimeChamp	1000005116	Notes
NotesSupprimeFichierAttaché	1000005126	Notes
NoteSupprime	1000022893	Notes repositionnables
NotesVueChercheDernier	1000005127	Notes
NotesVueCherchePremier	1000005128	Notes
NotesVueListeColonne	1000005129	Notes
NotifAjoute	1000019442	gestion du téléphone
NotificationAffiche	1000021021	gestion du navigateur
NotifListeCatégorie	1000023979	gestion du téléphone
NotifModifie	1000019443	gestion du téléphone
NotifPushAbonne	1410089870	gestion du téléphone
NotifPushActive	1000020816	gestion du téléphone
NotifPushDésabonne	1410089871	gestion du téléphone
NotifPushDésactive	1000020817	gestion du téléphone
NotifPushEnvoie	1000020819	gestion du téléphone
NotifPushEnvoieAbonné	1410089872	gestion du téléphone
NotifPushListeIdentifiantsInvalides	1000020854	gestion du téléphone
NotifPushProcédure	1000020818	gestion du téléphone
NotifSupprime	1000019444	gestion du téléphone
NotifSupprimeCatégorie	1000023980	gestion du téléphone
NumériqueVersChaîne	3024024	gestion des chaînes
NumériqueVersEcritureFinancièreChinoise	1000021282	gestion des chaînes
NuméroDeJourVersLettre	1000019906	gestion des dates et des heures
NuméroDeMoisVersLettre	1000019907	gestion des dates et des heures
NuméroDeSemaine	3027027	gestion des dates et des heures
NumHelp	3013027	diverses WINDEV
OBEXConnecte	1000017153	OBEX
OBEXDéconnecte	1000017154	OBEX
OBEXEnvoieFichier	1000017151	OBEX
OBEXEnvoieVCard	1000017155	OBEX
OBEXListeFichier	1000017148	OBEX
OBEXRécupèreFichier	1000017152	OBEX
OBEXRécupèreVCard	1000017156	OBEX
ObjetActif	3057006	OLE
Occurrence	3025009	gestion des champs
OCRAjouteLangue	1000025728	OCR
OCRChargeLangue	1000025790	OCR
OCRDétecteZoneTexte	1000025704	OCR
OCRExtraitBlocTexte	1000025703	OCR
OCRExtraitTexte	1000025699	OCR
OCRParamètre	1000025701	OCR
OCRRépertoireModèle	1000025700	OCR
OCRSupprimeToutesLangues	1000025729	OCR
oDriveConnecte	1410089376	Drive
OemVersAnsi	3024021	gestion des chaînes
OKAnnuler	3021004	Boîtes de dialogue
OKAnnulerAsynchrone	1000025308	Boîtes de dialogue
OLECharge	3057002	OLE
OLEColle	3057003	OLE
OLECopie	3057004	OLE
OLECréeCopie	3057005	OLE
OLECréeVide	3057001	OLE
OLEEdite	3057008	OLE
OLEJoue	3057009	OLE
OLESauve	3057011	OLE
OLEServeur	3057010	OLE
OngletChargeConfiguration	1000021370	Onglet
OngletDuChamp	3025028	Onglet
OngletEtat	1000021637	Onglet
OngletFerme	1000021362	Onglet
OngletFermeTout	1000021372	Onglet
OngletOuvre	1000021369	Onglet
OngletSauveConfiguration	1000021371	Onglet
OpenAPIVersHTTP	1410088947	HTTP
OpenIDLitIdentité	1000023573	gestion des protocoles OAuth et OpenID
OpenSSLVérifie	1000020432	diverses Windows
OrgaAffiche	1000019764	Organigramme
OrgaAjoute	1000019729	Organigramme
OrgaAjouteFils	1000019763	Organigramme
OrgaInfoXY	1000019759	Organigramme
OrgaModifie	1000019921	Organigramme
OrgaOccurrence	1000019971	Organigramme
OrgaSauveImage	1000019972	Organigramme
OrgaSelect	1000019762	Organigramme
OrgaSelectMoins	1000019761	Organigramme
OrgaSelectPlus	1000019760	Organigramme
OrgaSupprime	1000019758	Organigramme
OrgaSupprimeTout	1000019749	Organigramme
OrthoAjouteDictionnaire	1000018921	Correcteur orthographique
OrthoDisponible	1000019019	Correcteur orthographique
OrthoSuggère	1000018920	Correcteur orthographique
OrthoVérifie	1000018923	Correcteur orthographique
OUBinaire	3050038	gestion des valeurs Binaires
OUExclusifBinaire	3050023	gestion des valeurs Binaires
OuiNon	3021005	Boîtes de dialogue
OuiNonAsynchrone	1000025272	Boîtes de dialogue
OutlookListeProfil	1000019346	gestion des emails
OutlookOuvreSession	3032123	gestion des emails
OutlookProfilDéfaut	1000019347	gestion des emails
Ouvre	3038035	gestion des fenêtres
OuvreAsynchrone	1410087804	gestion des fenêtres
OuvreDocument	1000023709	diverses WINDEV
OuvreDocumentAsynchrone	1410088182	diverses WINDEV
OuvreFenêtreMobile	1000021018	gestion des fenêtres
OuvreFille	3038021	gestion des fenêtres
OuvreMenuContextuel	3025029	Menu
OuvreMenuPrincipal	1000020347	gestion des fenêtres
OuvrePopup	3038046	gestion des fenêtres
OuvrePopupAsynchrone	1410087806	gestion des fenêtres
OuvrePopupPosition	3038047	gestion des fenêtres
OuvreSoeur	3038045	gestion des fenêtres
paDésactiveAction	1000019620	Fabrique logicielle
paExécute	1000019457	Fabrique logicielle
PageActiveGFI	1000017087	gestion des pages
PageActualise	3058011	gestion des pages
PageAdresse	3058010	gestion des pages
PageAffiche	3058008	gestion des pages
PageAfficheDialogue	1000017124	gestion des pages
PageAgencementEnCours	1000024599	gestion des pages
PageChangeAgencement	1000024598	gestion des pages
PageCourante	3058009	gestion des pages
PageDepuisSource	1000021400	liaison
PageEcritCodeHTTP	1410090194	gestion des pages
PageEcritCodeHTTPPersonnalisé	1410090195	gestion des pages
PageEcritEntêteHTTP	1000021636	gestion des pages
PageExiste	3058013	gestion des pages
PageFermeDialogue	1000017166	gestion des pages
PageInitialisation	3058025	gestion des pages
PageLitEntêteHTTP	1000021635	gestion des pages
PageParamètre	3058026	gestion des pages
PagePosition	3058021	gestion des pages
PagePrécédente	3058017	gestion des pages
PageSemiDynamiqueAffiche	3058018	gestion des pages
PageTauxGFI	1000017086	gestion des pages
PageUtilise	3058016	gestion des pages
PageValide	3058020	gestion des pages
PageVersASP	3058019	gestion des pages
PageVersEmail	3058027	gestion des pages
PageVersFichier	3044022	liaison
PageVersJSP	3058022	gestion des pages
PageVersPHP	3058015	gestion des pages
PageVersSource	1000017406	liaison
PageVisible	1000021014	gestion des pages
PaletteChange	1410090897	Palette
PaletteCharge	1410090780	Palette
PaletteGénère	1410090825	Palette
PaletteRécupère	1410090898	Palette
PaletteSauve	1410090779	Palette
paLog	1000019632	Fabrique logicielle
PanneauActive	1000024396	Panneau dockable
PanneauAttache	1000023990	Panneau dockable
PanneauChargeConfiguration	1000023995	Panneau dockable
PanneauCrée	1000023989	Panneau dockable
PanneauDétache	1000023991	Panneau dockable
PanneauEnumère	1000023993	Panneau dockable
PanneauPosition	1000023992	Panneau dockable
PanneauSauveConfiguration	1000023994	Panneau dockable
paNomCompletProjet	1000019640	Fabrique logicielle
Pâques	3027035	gestion des dates et des heures
Paramètres d'une procédure	1513001	
ParamètreFAA	3014032	FAA (Fonctionnalités Automatiques de l'Application)
ParamètreOrthographe	3025052	gestion des champs
ParentObjet	3025031	gestion des champs
PartageProximitéAccepteConnexion	1410090646	partage de proximité
PartageProximitéArrêteAttente	1410090647	partage de proximité
PartageProximitéArrêteRecherche	1410090649	partage de proximité
PartageProximitéArrêteTout	1410090668	partage de proximité
PartageProximitéAttendConnexion	1410090655	partage de proximité
PartageProximitéDéconnecte	1410090652	partage de proximité
PartageProximitéDemandeConnexion	1410090650	partage de proximité
PartageProximitéEnvoie	1410090653	partage de proximité
PartageProximitéEnvoieFichier	1410090654	partage de proximité
PartageProximitéRechercheAppareil	1410090648	partage de proximité
PartageProximitéRefuseConnexion	1410090651	partage de proximité
PartieDécimale	3050002	Mathématiques
PartieEntière	3050008	Mathématiques
PaysListe	1000024930	Pays et Continents
PaysRécupère	1000024931	Pays et Continents
PDFAjouteFiligrane	1410087843	PDF
PDFAjouteImage	1410087847	PDF
PDFChampInfoXY	1410091157	
PDFEstProtégé	1000017491	PDF
PDFExtrait	1410090600	
PDFExtraitPage	1000021279	PDF
PDFFerme	1000025127	PDF
PDFFusionne	1000019712	PDF
PDFFusionneAvecMotDePasse	1000020126	PDF
PDFMotDePasse	1000024229	PDF
PDFNbSignature	1410088119	PDF
PDFNombreDePages	1000017480	PDF
PDFOuvre	1000025032	PDF
PDFRécupèreDateSignature	1410088121	PDF
PDFRécupèreSignature	1410088120	PDF
PDFSauve	1000024864	PDF
PDFSigne	1000022241	PDF
PDFVérifieSignatures	1410090988	PDF
PDFVersTexte	1000017479	PDF
PermissionDemande	1410087423	Permission
PermissionListe	1410087429	Permission
Phonétique	3024026	gestion des chaînes
PhotoLanceAppli	1000021601	Album
PHPAffiche	3012021	diverses WEBDEV
PHPExécute	3012013	diverses WEBDEV
PhraseVersBuffer	1000025971	gestion des chaînes
PicCaptureLasso	1410088683	Editeur d'images et variables WDPic
PicCaptureLassoOCR	1410088839	Editeur d'images et variables WDPic
PicCrée	1000023380	Editeur d'images et variables WDPic
PicFerme	1000023382	Editeur d'images et variables WDPic
PicFusionneCalque	1000024865	Editeur d'images et variables WDPic
PicOuvre	1000023379	Editeur d'images et variables WDPic
PicRedimensionne	1000024635	Editeur d'images et variables WDPic
PicRotation	1000024633	Editeur d'images et variables WDPic
PicSauve	1000023381	Editeur d'images et variables WDPic
PileInfo	1000019546	gestion des files, piles, listes
PiloteActionBar	1000021199	Pilote
PiloteAvertissement	1000009001	Pilote
PiloteCombo	1000025309	Pilote
PiloteConfirmer	1000009003	Pilote
PiloteDialogue	1000009004	Pilote
PiloteDnD	1410088663	Pilote
PiloteErreur	1000009005	Pilote
PiloteFenêtre	1000009009	Pilote
PiloteInfo	1000009006	Pilote
PiloteInterrupteur	1000021200	Pilote
PiloteMenu	1000009010	Menu
PiloteOKAnnuler	1000009007	Pilote
PiloteOuiNon	1000009008	Pilote
PiloteSaisie	1000009012	Pilote
PiloteSélecteur	1000021201	Pilote
PiloteSimulateur	1000021151	Pilote
PiloteSouris	1000009011	Pilote
PiloteVitesse	1000022075	Pilote
PiloteVolet	1000021198	Pilote
PiloteVoletAttache	1000021582	Pilote
PiloteVoletDétache	1000021581	Pilote
Ping	3014013	diverses Windows
PlanActionExécute	1000021332	Fabrique logicielle
PlanActionInfo	1000021829	Fabrique logicielle
PlanActionParamètre	1000021598	Fabrique logicielle
PlanificateurAjouteHoraire	3089001	Planificateur Windows
PlanificateurAjouteTâche	3089003	Planificateur Windows
PlanificateurEtatTâche	3089005	Planificateur Windows
PlanificateurListeTâche	3089006	Planificateur Windows
PlanificateurModifieHoraire	3089007	Planificateur Windows
PlanificateurModifieTâche	3089008	Planificateur Windows
PlanificateurOuvrePropriétésTâche	3089009	Planificateur Windows
PlanificateurPropriétésHoraire	3089010	Planificateur Windows
PlanificateurPropriétésTâche	3089011	Planificateur Windows
PlanificateurRAZ	3089012	Planificateur Windows
PlanificateurSupprimeHoraire	3089013	Planificateur Windows
PlanificateurSupprimeTâche	3089014	Planificateur Windows
PlanningAffiche	1000019426	Planning
PlanningAffichePériodePrécédente	1000019495	Planning
PlanningAffichePériodeSuivante	1000019496	Planning
PlanningAjouteRendezVous	1000019273	Planning
PlanningAjouteRessource	1000019279	Planning
PlanningChangeMode	1000019440	Planning
PlanningCouleurFond	1000019997	Planning
PlanningDateVisible	1000022876	Planning
PlanningHeureAffichée	1000019373	Planning
PlanningHeureOuvrable	1000022404	Planning
PlanningHeureOuvrableRessource	1000022403	Planning
PlanningInfoXY	1000019553	Planning
PlanningListeRendezVous	1000019276	Planning
PlanningMode	1000019992	Planning
PlanningPlageSélectionnée	1000022550	Planning
PlanningPosition	1000019372	Planning
PlanningPositionRessource	1000019969	Planning
PlanningSelectMoins	1000019286	Planning
PlanningSelectPlus	1000019285	Planning
PlanningSupprimeRendezVous	1000019274	Planning
PlanningSupprimeRessource	1000019282	Planning
PlanningSupprimeTout	1000019275	Planning
PlanningVersiCalendar	1000021920	Planning
PleinEcran	1000022151	gestion des fenêtres
PleinEcranActive	1000021012	gestion du navigateur
PleinEcranDésactive	1000021013	gestion du navigateur
PoidsFaible	3014018	diverses Windows
PoidsFort	3014017	diverses Windows
PointDAttacheAjoute	1000021902	gestion des champs
PointDAttacheSupprimeTout	1000021903	gestion des champs
PoliceCharge	1410090994	gestion des polices
PoliceCrée	3060002	gestion des polices
PoliceDécharge	1410090995	gestion des polices
PoliceListe	3060003	gestion des polices
PoliceSelect	3060004	gestion des polices
Polyligne2DAjoutePoint	1410090159	gestion des données spatiales
PolyligneGéoAjoutePoint	1410090160	gestion des données spatiales
PopupAffiche	1000019788	gestion des pages
PopupAffichePage	1410087258	gestion des pages
PopupAnime	1000020313	gestion des pages
PopupFerme	1000019789	gestion des pages
PopupFermePage	1410087259	gestion des pages
Position	3024027	gestion des chaînes
PositionOccurrence	3024029	gestion des chaînes
PositionVersLigne	1000019899	gestion des chaînes
PostMessage	3015001	Evénements Windows
PremièreLettreEnMajuscule	1410088702	gestion des chaînes
PremierJourDeLAnnée	1000021887	gestion des dates et des heures
PremierJourDeLaSemaine	1000019882	gestion des dates et des heures
PremierJourDuMois	1000019417	gestion des dates et des heures
PressePapier	3063004	Presse-papiers
PressePapierFormat	3063002	Presse-papiers
PressePapierHauteur	3063006	Presse-papiers
PressePapierLargeur	3063007	Presse-papiers
PressePapierRTF	1000017200	Presse-papiers
PressePapierUnicode	1000018858	Presse-papiers
ProjetInfo	3064004	Projets
PropriétéExiste	1000020472	
Proxy	3043002	HTTP
Puissance	3050007	Mathématiques
PythonAjouteChemin	1410088169	Python
PythonExécute	1410088102	Python
PythonInitialise	1410088100	Python
PythonTermine	1410088101	Python
Racine	3050006	Mathématiques
RAZ	3025026	gestion des champs
RechercheSémantique	1410091374	
ReconnaissanceVocaleAjouteCommande	1000020014	Reconnaissance Vocale
ReconnaissanceVocaleDéclenche	1000020013	Reconnaissance Vocale
ReconnaissanceVocaleSupprimeCommande	1000020017	Reconnaissance Vocale
RécupèreDéfinition	1000019333	
RécupèreDéfinitionType	1000019559	
RécupèreDéfinitionVariable	1410090635	
RécupèreThème	1000025320	gestion du téléphone
RedisAbonne	1000023552	gestion d'une base Big Data Redis
RedisAffecte	1410088170	gestion d'une base Big Data Redis
RedisConnecte	1000023530	gestion d'une base Big Data Redis
RedisDéconnecte	1410089738	gestion d'une base Big Data Redis
RedisDésabonne	1000023553	gestion d'une base Big Data Redis
RedisExécuteCommande	1000023541	gestion d'une base Big Data Redis
RedisPipelineAjoute	1000023542	gestion d'une base Big Data Redis
RedisPipelineRAZ	1000023549	gestion d'une base Big Data Redis
RedisPipelineRécupère	1000023543	gestion d'une base Big Data Redis
RedisPublie	1000023551	gestion d'une base Big Data Redis
RedisRécupère	1410088171	gestion d'une base Big Data Redis
RéelVersDateHeure	1000021364	gestion des dates et des heures
RegexCherche	1000026274	gestion des chaînes
RegexRemplace	1000026275	gestion des chaînes
RegexVérifie	1000026273	gestion des chaînes
RegistreCherche	3065005	Base de registre
RegistreCléSuivante	3065009	Base de registre
RegistreCopieClé	1000019418	Base de registre
RegistreCréeClé	3065002	Base de registre
RegistreEcrit	3065006	Base de registre
RegistreExiste	3065007	Base de registre
RegistreListeClé	1000019881	Base de registre
RegistreListeValeur	3065013	Base de registre
RegistreLit	3065012	Base de registre
RegistrePremièreSousClé	3065008	Base de registre
RegistreRenomme	1000019419	Base de registre
RegistreSupprimeClé	3065010	Base de registre
RegistreSupprimeValeur	3065011	Base de registre
RegistreTypeValeur	1000017280	Base de registre
RelanceProgramme	1000019900	Exécutables
Remplace	3024022	gestion des chaînes
RendezVousAffiche	1000020692	RendezVous (Lotus Notes/Android/iOS)
RendezVousAjoute	1000011001	RendezVous (Lotus Notes/Android/iOS)
RendezVousCrée	1000020691	RendezVous (Lotus Notes/Android/iOS)
RendezVousDernier	1000011002	RendezVous (Lotus Notes/Android/iOS)
RendezVousListe	1000020690	RendezVous (Lotus Notes/Android/iOS)
RendezVousListeCalendrier	1000020661	RendezVous (Lotus Notes/Android/iOS)
RendezVousLit	1000011011	RendezVous (Lotus Notes/Android/iOS)
RendezVousModifie	1000011003	RendezVous (Lotus Notes/Android/iOS)
RendezVousPrécédent	1000011004	RendezVous (Lotus Notes/Android/iOS)
RendezVousPremier	1000011005	RendezVous (Lotus Notes/Android/iOS)
RendezVousRAZ	1000011006	RendezVous (Lotus Notes/Android/iOS)
RendezVousSuivant	1000011007	RendezVous (Lotus Notes/Android/iOS)
RendezVousSupprime	1000011008	RendezVous (Lotus Notes/Android/iOS)
RendezVousVersiCalendar	1000021828	RendezVous (Lotus Notes/Android/iOS)
RépertoireDonnées	3036007	diverses WEBDEV
RépertoireWeb_15	3012018	diverses WEBDEV
RépertoireWeb	3012015	diverses WEBDEV
Répète	3024036	gestion des chaînes
RéplicInfo	1000017197	WLangage
RéplicInitialise	1000017195	WLangage
RéplicOuvre	1000017194	WLangage
RéplicSupprimeAbonnement	1000022268	WLangage
RéplicSynchronise	1000017196	WLangage
RepriseSaisie	3025027	gestion des champs
RéseauConnecte	3066002	Réseaux
RéseauDéconnecte	3066003	Réseaux
RéseauMobileEtat	1000020175	gestion du téléphone
RéseauMobileInfoConnexion	1000020176	gestion du téléphone
RéseauNomDomaine	1000018859	Réseaux
RéseauNomRep	3066005	Réseaux
RéseauUtilisateur	3066004	Réseaux
Restaure	3038042	gestion des fenêtres
RESTEnvoie	1000021476	HTTP
rssAffiche	1000017397	Flux RSS
rssConstruitChaîne	1000017395	Flux RSS
rssInitialise	1000017388	Flux RSS
rssSauve	1000017396	Flux RSS
RTFAjoute	3025024	RTF
RTFAjouteLien	1000021062	RTF
RTFCharge	3025041	RTF
RTFInsère	3025025	RTF
RTFRecherche	3025043	RTF
RTFRemplace	3025038	RTF
RTFSélection	3025023	RTF
RTFVersHTML	3025049	RTF
RTFVersTexte	3025032	RTF
RubanAdapteTaille	1000020761	Ruban
RubanFermeRegroupement	1000020136	Ruban
RubanFinModeDéplié	1000020378	Ruban
RubanSurligneVolet	1000020530	Ruban
RuptureAjoute	1000022737	gestion des ruptures
RuptureSupprime	1000022738	gestion des ruptures
RuptureSupprimeTout	1000022739	gestion des ruptures
RVB	3029012	dessin
RVBBleu	3029049	dessin
RVBRouge	3029050	dessin
RVBVersHTML	1000019420	dessin
RVBVert	3029051	dessin
SaaSAdminActiveLicence	1000019139	SaaS
SaaSAdminActiveService	1000019132	SaaS
SaaSAdminAjouteAbonnement	1000019134	SaaS
SaaSAdminAjouteClient	1000019113	SaaS
SaaSAdminAjouteService	1000019107	SaaS
SaaSAdminAjouteSite	1000019102	SaaS
SaaSAdminAjouteTarification	1000019127	SaaS
SaaSAdminAjouteUtilisateur	1000019120	SaaS
SaaSAdminChercheAbonnement	1000019137	SaaS
SaaSAdminChercheClient	1000019114	SaaS
SaaSAdminChercheService	1000019110	SaaS
SaaSAdminChercheSite	1000019105	SaaS
SaaSAdminChercheTarification	1000019130	SaaS
SaaSAdminChercheUtilisateur	1000019124	SaaS
SaaSAdminConfigureDevise	1000019186	SaaS
SaaSAdminConfigureSMTP	1000022592	SaaS
SaaSAdminConnecte	1000019098	SaaS
SaaSAdminConnexionClient	1000019144	SaaS
SaaSAdminConnexionSite	1000019145	SaaS
SaaSAdminCréeBaseClient	1000019141	SaaS
SaaSAdminDéconnecte	1000019099	SaaS
SaaSAdminDésactiveLicence	1000019140	SaaS
SaaSAdminDésactiveService	1000019133	SaaS
SaaSAdminEcritParamètreSite	1000019769	SaaS
SaaSAdminEstConnecté	1000019101	SaaS
SaaSAdminListeAbonnement	1000019138	SaaS
SaaSAdminListeAbonnementClient	1000019183	SaaS
SaaSAdminListeClient	1000019116	SaaS
SaaSAdminListeLicence	1410090977	SaaS
SaaSAdminListeService	1000019111	SaaS
SaaSAdminListeSite	1000019106	SaaS
SaaSAdminListeTarification	1000019131	SaaS
SaaSAdminListeUtilisateur	1000019125	SaaS
SaaSAdminListeVisite	1000024559	SaaS
SaaSAdminLitParamètreSite	1000019768	SaaS
SaaSAdminModifieAbonnement	1000019135	SaaS
SaaSAdminModifieClient	1000019115	SaaS
SaaSAdminModifieConnexionClient	1000019143	SaaS
SaaSAdminModifieConnexionSite	1000019142	SaaS
SaaSAdminModifieService	1000019108	SaaS
SaaSAdminModifieSite	1000019103	SaaS
SaaSAdminModifieTarification	1000019128	SaaS
SaaSAdminModifieUtilisateur	1000019122	SaaS
SaaSAdminSupprimeAbonnement	1000019136	SaaS
SaaSAdminSupprimeClient	1000019117	SaaS
SaaSAdminSupprimeService	1000019109	SaaS
SaaSAdminSupprimeSite	1000019104	SaaS
SaaSAdminSupprimeTarification	1000019129	SaaS
SaaSAdminSupprimeUtilisateur	1000019123	SaaS
SaaSChangeMotDePasse	1000019462	SaaS
SaaSConnecte	1000018959	SaaS
SaaSConnexionClient	1000019016	SaaS
SaaSDéconnecte	1000018960	SaaS
SaaSEcritParamètreSite	1000019039	SaaS
SaaSEnvoieCodeDeSécurité	1000022528	SaaS
SaaSEstConnecté	1000018962	SaaS
SaaSLitParamètreSite	1000019037	SaaS
SaaSUtilisateurConnecté	1000019461	SaaS
SaaSVérifieService	1000018961	SaaS
Sablier	3071011	Souris
SablierRéseau	1000020797	Souris
Saisie	3021016	Boîtes de dialogue
SaisieAjouteJeton	1000023953	gestion des jetons
SaisieAssistéeAjoute	1000020043	gestion de la saisie assistée
SaisieAssistéeFerme	1000020049	gestion de la saisie assistée
SaisieAssistéeOuvre	1000020048	gestion de la saisie assistée
SaisieAssistéeParamètre	1000021074	gestion de la saisie assistée
SaisieAssistéeSupprimeTout	1000020044	gestion de la saisie assistée
SaisieCurseur	1000022421	gestion des champs
SaisieInsèreJeton	1000023954	gestion des jetons
SaisieInvalideAfficheBulle	1000024896	gestion de la saisie invalide
SaisieInvalideAfficheErreur	1000026247	gestion de la saisie invalide
SaisieInvalideAfficheIcone	1000024917	gestion de la saisie invalide
SaisieInvalideDétecte	1000026180	gestion de la saisie invalide
SaisieInvalideListeChamp	1000026244	gestion de la saisie invalide
SaisieOccurrenceJeton	1000023955	gestion des jetons
SaisieSupprimeJeton	1000023956	gestion des jetons
SaisieSupprimeToutJeton	1000023957	gestion des jetons
SansAccent	3024033	gestion des chaînes
SansCaractère	1000019391	gestion des chaînes
SansCaractèreDroite	1000020479	gestion des chaînes
SansCaractèreGauche	1000020478	gestion des chaînes
SansEspace	3024034	gestion des chaînes
SAPConnecte	1000017120	SAP
SAPDéconnecte	1000017121	SAP
SAPExécute	1000017122	SAP
SauveParamètre	3025046	gestion des champs
sCalculeCrc16	3062007	Ports série et parallèle
sCalculeCrc32	3062015	Ports série et parallèle
ScanAvecInterfaceUtilisateur	1410087840	gestion des scanners
ScanCapacité	1410088661	gestion des scanners
ScanDepuisCaméraVersImage	1410090763	gestion du téléphone
ScanDepuisCaméraVersPDF	1410090790	gestion du téléphone
ScanDocumentDepuisCaméra	1410090545	gestion du téléphone
ScanListe	1410087807	gestion des scanners
ScanPropriété	1410087853	gestion des scanners
ScanRécupère	1410087836	gestion des scanners
ScanSélecteur	1410087835	gestion des scanners
ScanVersImage	1410087838	gestion des scanners
ScanVersPDF	1410087839	gestion des scanners
SCPEnvoieFichier	1410089102	SCP
SCPRécupèreFichier	1410089103	SCP
ScriptAffiche	3012017	diverses WEBDEV
ScriptExécute	3012016	diverses WEBDEV
sDansFileEntrée	3062004	Ports série et parallèle
sDansFileSortie	3062005	Ports série et parallèle
sEchap	3062006	Ports série et parallèle
sEcrit	3062009	Ports série et parallèle
SectionCritique	1000024373	gestion des threads
SectionCritiqueDébut	3077001	gestion des threads
SectionCritiqueFin	3077005	gestion des threads
SelectCouleur	3013045	diverses WINDEV
SélecteurAjoute	1000020598	Sélecteur
SélecteurInsère	1000020599	Sélecteur
SélecteurOccurrence	1000021184	Sélecteur
SélecteurSupprime	1000020600	Sélecteur
SemaineVersDate	1000020510	gestion des dates et des heures
SémaphoreCrée	3077012	gestion des threads
SémaphoreDébut	3077008	gestion des threads
SémaphoreDétruit	3077011	gestion des threads
SémaphoreFin	3077010	gestion des threads
SendMessage	3015003	Evénements Windows
Sérialise	3013065	
ServeurAppliAjouteTâchePlanifiée	1000022347	gestion des tâches planifiées WEBDEV
ServeurAppliExécuteTâchePlanifiée	1000022350	gestion des tâches planifiées WEBDEV
ServeurAppliInfoTâchePlanifiée	1000022789	gestion des tâches planifiées WEBDEV
ServeurAppliListeTâchePlanifiée	1000022352	gestion des tâches planifiées WEBDEV
ServeurAppliModifieTâchePlanifiée	1000022348	gestion des tâches planifiées WEBDEV
ServeurAppliSupprimeTâchePlanifiée	1000022349	gestion des tâches planifiées WEBDEV
ServiceActualise	1000017107	Service
ServiceArrête	1000017111	Service
ServiceAttendEtat	1000017101	Service
ServiceContrôle	1000017108	Service
ServiceDémarre	1000017110	Service
ServiceDésinstalle	1000017098	Service
ServiceEcritEvénementJournal	1000018807	Service
ServiceEtat	1000017102	Service
ServiceExiste	1000018936	Service
ServiceInfo	1000017103	Service
ServiceInstalle	1000017099	Service
ServiceListe	1000017104	Service
ServiceModifie	1000017100	Service
ServicePause	1000017109	Service
ServiceRedémarre	1000017112	Service
ServiceRelance	1000017105	Service
ServiceTemporise	1000018712	Service
SessionHeartBeatActive	1000026248	diverses WEBDEV
SessionPageDemandée	1410089106	diverses WEBDEV
SessionPrologue	1000026262	diverses WEBDEV
sEvénement	3062014	Ports série et parallèle
SexagésimalVersDécimal	1000020512	Mathématiques
SFAjoute	1000018463	SalesForce
SFAvanceRequête	1000018483	SalesForce
SFConnecte	1000017583	SalesForce
SFConvertitPiste	1000018498	SalesForce
SFDéconnecte	1000017585	SalesForce
sFerme	3062010	Ports série et parallèle
SFExécuteRequête	1000018438	SalesForce
SFExécuteTraitement	1000018523	SalesForce
SFFusionne	1000018509	SalesForce
sFinEvénement	3062008	Ports série et parallèle
sFixeParamètre	3062011	Ports série et parallèle
SFLit	1000018524	SalesForce
SFModifie	1000018478	SalesForce
SFRecherche	1000018555	SalesForce
SFRechercheModifié	1000018554	SalesForce
SFRechercheSupprimé	1000018475	SalesForce
SFRestaure	1000018527	SalesForce
SFSupprime	1000018465	SalesForce
SFVideCorbeille	1000018466	SalesForce
ShamirCréeClésPartagées	1410091293	cryptage/compression
ShamirGénèreNombrePremier	1410091295	cryptage/compression
ShamirReconstruitSecret	1410091294	cryptage/compression
SignalAttend	3077007	gestion des threads
SignalCrée	3077009	gestion des threads
SignalDétruit	3077025	gestion des threads
SignalFerme	1000021272	gestion des threads
SignalModifie	3077017	gestion des threads
SignalOuvre	1000021271	gestion des threads
Sinus	3050009	Mathématiques
SiteAdresse	3058023	gestion des pages
SiteDynamiqueAffiche	3058024	gestion des pages
sListePort	1000025980	Ports série et parallèle
sLit	3062012	Ports série et parallèle
SMSDétecteCodeUsageUnique	1410090437	SMS
SMSEnvoie	3068002	SMS
SMSLanceAppli	1000020864	SMS
SMSNbMessage	3068009	SMS
SMSPremier	3068006	SMS
SMSRAZ	3068001	SMS
SMSSuivant	3068007	SMS
SMSSupprime	3068008	SMS
SNMPChaîneVersOID	1000017076	Protocole SNMP
SNMPChargeMIB	1000017074	Protocole SNMP
SNMPEcrit	1000017071	Protocole SNMP
SNMPFermeSession	1000017068	Protocole SNMP
SNMPLit	1000017069	Protocole SNMP
SNMPLitSuivant	1000017070	Protocole SNMP
SNMPLitTableau	1000017217	Protocole SNMP
SNMPOIDAccès	1000017077	Protocole SNMP
SNMPOIDDescription	1000017079	Protocole SNMP
SNMPOIDEtat	1000017078	Protocole SNMP
SNMPOIDType	1000017080	Protocole SNMP
SNMPOIDVersChaîne	1000017075	Protocole SNMP
SNMPOuvreSession	1000017067	Protocole SNMP
SNMPTrapActive	1000017072	Protocole SNMP
SNMPTrapDésactive	1000017073	Protocole SNMP
SOAPAjouteAssertionSAML	1000020762	SOAP
SOAPAjouteAttribut	1000019241	SOAP
SOAPAjouteEntête	3069001	SOAP
SOAPAjouteSignatureXML	1000020754	SOAP
SOAPDonneRésultat	3069002	SOAP
SOAPEncodeRésultat	3069003	SOAP
SOAPErreur	3069005	SOAP
SOAPExécute	3069013	SOAP
SOAPExécuteXML	3069014	SOAP
SOAPPrépare	1000019238	SOAP
SOAPRécupèreEntête	1000019237	SOAP
SOAPVersHTTP	1000023920	SOAP
SocketAccepte	3070004	gestion des sockets
SocketAttendConnexion	3070006	gestion des sockets
SocketChangeModeTransmission	3070005	gestion des sockets
SocketClientInfo	3070009	gestion des sockets
SocketConnecte	3070016	gestion des sockets
SocketConnecteBluetooth	1000017145	Bluetooth
SocketConnecteInfraRouge	3070018	gestion des sockets
SocketConnecteSSL	1000017042	gestion des sockets
SocketCrée	3070011	gestion des sockets
SocketCréeBluetooth	1000017167	Bluetooth
SocketCréeInfraRouge	3070012	gestion des sockets
SocketCréeSSL	1000017041	gestion des sockets
SocketCréeUDP	3070019	gestion des sockets
SocketEcrit	3070002	gestion des sockets
SocketExiste	3070013	gestion des sockets
SocketFerme	3070015	gestion des sockets
SocketLit	3070014	gestion des sockets
SocketParamètre	1410088949	gestion des sockets
SocketProxy	1410088761	gestion des sockets
SocketRefuse	3070010	gestion des sockets
Somme	1000019892	Tableau
Son	3013047	diverses WINDEV
SourceDepuisFenêtre	1000021402	liaison
SourceDepuisPage	1000021404	liaison
SourceVersEcran	1000017341	liaison
SourceVersPage	1000017405	liaison
SourisPosX	3071007	Souris
SourisPosY	3071008	Souris
sOuvre	3062013	Ports série et parallèle
SQLAssocie	3072004	SQL
SQLAvance	3072011	SQL
SQLBloque	3072003	SQL
SQLChangeConnexion	3072016	SQL
SQLCol	3072018	SQL
SQLColonne	3072001	SQL
SQLConnecte	3072005	SQL
SQLConnecteWS	1000021031	SQL
SQLDéconnecte	3072008	SQL
SQLDernier	3072009	SQL
SQLExec	3072007	SQL
SQLExecWDR	3072010	SQL
SQLFerme	3072015	SQL
SQLFormatColonne	3072006	SQL
SQLInfoGene	3072028	SQL
SQLListeSource	3072027	SQL
SQLListeTable	3072021	SQL
SQLLitCol	3072019	SQL
SQLLitMémo	3072020	SQL
SQLLitMémoTexte	3072012	SQL
SQLModifie	3072023	SQL
SQLPositionne	3072024	SQL
SQLPrécédent	3072022	SQL
SQLPremier	3072017	SQL
SQLReqExiste	3072026	SQL
SQLSuivant	3072030	SQL
SQLTable	3072031	SQL
SQLTransaction	3072029	SQL
SSHCommande	1000021143	SSH
SSHConnecteCommande	1410091112	SSH
SSHConnecteShell	1000021147	SSH
SSHDéconnecteCommande	1410091113	SSH
SSHDéconnecteShell	1000021148	SSH
SSHEcrit	1000021150	SSH
SSHLit	1000021149	SSH
SSLActive	3012014	diverses WEBDEV
StatCorrélation	3050022	Statistiques
StatCovariance	3050020	Statistiques
StatEcartMoyen	3050024	Statistiques
StatEcartType	3050025	Statistiques
StatEcartTypeP	3050026	Statistiques
StatErreur	3050019	Statistiques
StatMax	3050034	Statistiques
StatMin	3050037	Statistiques
StatMoyenne	3050036	Statistiques
StatSomme	3050035	Statistiques
StatVariance	3050033	Statistiques
StatVarianceP	3050030	Statistiques
StockageLocalAjoute	1000019382	Stockage Local
StockageLocalDisponible	1000019379	Stockage Local
StockageLocalNomValeur	1000019388	Stockage Local
StockageLocalOccurrence	1000019387	Stockage Local
StockageLocalRécupère	1000019384	Stockage Local
StockageLocalSupprime	1000019385	Stockage Local
StockageLocalSupprimeTout	1000019386	Stockage Local
StyleDessin	3014030	gestion des fenêtres
StyleDessinLibelléGrisé	1000025751	diverses WINDEV
Suisse.VérifieIDE	1410089354	gestion des identifiants administratifs
Suisse.VérifieNAVS	1410089355	gestion des identifiants administratifs
Suisse.VérifieNuméroFiscal	1410090222	gestion des identifiants administratifs
Suisse.VérifieREE	1410089356	gestion des identifiants administratifs
Supprime	1000017354	Tableau
SupprimeColonne	1000017356	Tableau
SupprimeCommandeVocale	1000017187	Reconnaissance Vocale
SupprimeLigne	1000017355	Tableau
SupprimeParamètre	3025048	gestion des champs
SupprimeRaccourci	3014012	diverses Windows
SupprimeTout	1000017357	Tableau
SynthèseVocaleArrête	1000020174	Synthèse Vocale
SynthèseVocaleEnCours	1000020173	Synthèse Vocale
SynthèseVocaleInitialise	1000020171	Synthèse Vocale
SynthèseVocaleListeVoix	1000025921	Synthèse Vocale
SynthèseVocaleLitFichier	1000020172	Synthèse Vocale
SynthèseVocaleLitTexte	1000019805	Synthèse Vocale
SysArrête	3073013	Système
SysAssocieExtension	1000021892	Système
SysCacheStockageExterne	1000021815	Système
SysChangeEnvironnement	1000017241	Système
SysChangeRésolutionEcran	1000017020	Système
SysCouleur	3073011	Système
SysCouleurAccentuation	1410090893	Système
SysCouleurRes	3073012	Système
SysCrypte	1410091090	Système
SysDécrypte	1410091091	Système
SysDétecteSessionVerrouillée	1000021185	Système
SysDissocieExtension	1000021914	Système
SysDocRécentAjoute	1000018867	Système
SysDocRécentListe	1000018869	Système
SysDonneFocus	3073004	Système
SysEnvironnement	3073014	Système
SysEspace	3073002	Système
SysEstAdministrateur	1410091051	Système
SysEtatCarteStockage	1000019554	Système
SysEtatStockageExterne	1000021798	Système
SysFenActive	3073005	Système
SysFenAffiche	3073003	Système
SysFenHandle	3073007	Système
SysFenTitre	3073008	Système
SysHandleValide	3073009	Système
SysIconeAfficheBulle	1000021767	Système
SysIconeAjoute	3073001	Système
SysIconeAjouteImage	1000018874	Système
SysIconeBadge	1000020796	Système
SysIconeModifie	3073027	Système
SysIconeSupprime	3073022	Système
SysIconeSupprimeImage	1000018875	Système
SysIconisé	3073017	Système
SysIdentifiant	1000020619	Système
SysIMEI	3073029	Système
SysInfoAppareil	1000023103	Système
SysInstance	3073018	Système
SysLibèreDC	3073021	Système
SysListeCarteGraphique	1000017016	Système
SysListeEcran	1000017014	Système
SysListeRésolutionEcran	1000017018	Système
SysMémoireStockageExterne	1000021817	Système
SysMétrique	3073019	Système
SysMiniatureAjouteBouton	1000018871	Système
SysMiniatureModifieBouton	1000018956	Système
SysMiniatureSupprimeBouton	1000018872	Système
SysMiniatureSupprimeTout	1000018873	Système
SysMiseEnVeille	3073032	Système
SysModeErreur	3073020	Système
SysNation	1000021876	Système
SysNbStockageExterne	1000021816	Système
SysNombreEcran	1000017021	Système
SysNomEcranPrincipal	1000017017	Système
SysNomExe	3073015	Système
SysNomUtilisateur	1410091381	Système
SysNotificationCompatible	1410087932	Notifications système
SysNotificationEnvoie	1410087906	Notifications système
SysNotificationJaugeMaj	1410091055	Notifications système
SysNotificationSupprime	1410087907	Notifications système
SysNotificationSupprimeID	1410087939	Notifications système
SysNotificationSupprimeTout	1410087937	Notifications système
SysNumSérie	3073033	Système
SysOptimBatterieArrièrePlan	1000026008	Système
SysOrientationEcran	3073031	Système
SysRectangleEcran	1000019421	Système
SysRécupèreAssociationExt	1000021896	Système
SysRécupèreDC	3073023	Système
SysRep	3073026	Système
SysRepCarteStockage	3073034	Système
SysRepStockageExterne	1000021793	Système
SysRésolutionEcran	1000017019	Système
SysStockageExterneAmovible	1000021818	Système
SysThème	1000019646	Système
SysVersion	3073028	Système
SysVersionAndroid	1000019785	Système
SysVersionIOS	1000020555	Système
SysVersionWindows	3073025	Système
SysXRes	3073024	Système
SysYRes	3073006	Système
TableActiveFiltre	1000017149	Table
TableAffiche	3074003	Table
TableAjoute	3074017	Table
TableAjouteColonne	1000017168	Table
TableAjouteDébut	1410090425	Table
TableAjouteFils	1000010004	Table hiérarchique
TableAjouteLigne	3074006	Table
TableAjouteLigneAvecAnimation	1000022402	Table
TableAjoutEnCours	1000021966	Table
TableAjouteSurEntête	1000020585	Table
TableAjuste	3074004	Table
TableauAjoute	3075003	Tableau
TableauAjouteLigne	3075013	Tableau
TableauAjouteRéférence	1000023932	Tableau
TableauAjouteTrié	1000017013	Tableau
TableauCherche	3075002	Tableau
TableauChercheParProcédure	1000020101	Tableau
TableauContient	1410091041	Tableau
TableauCopie	3075004	Tableau
TableauDéplace	3075011	Tableau
TableauDéplaceLigne	3075016	Tableau
TableauDistinct	1000025337	Tableau
TableauEchangeLigne	1000020483	Tableau
TableauInfo	3075005	Tableau
TableauInsère	3075009	Tableau
TableauInsèreLigne	3075014	Tableau
TableauInsèreRéférence	1000023936	Tableau
TableauIntersection	1000025335	Tableau
TableauInverse	1000020475	Tableau
TableauMélange	1000021017	Tableau
TableauOccurrence	3075012	Tableau
TableauSupprime	3075008	Tableau
TableauSupprimeDoublon	1000019422	Tableau
TableauSupprimeLigne	3075015	Tableau
TableauSupprimeTout	3075010	Tableau
TableauTrie	3075007	Tableau
TableauUnion	1000025334	Tableau
TableauUnionTout	1000025403	Tableau
TableauVersChaîne	1000017007	gestion des chaînes
TableauVersCSV	1000017096	Tableau
TableauVersParamètres	1410089937	Tableau
TableCelluleSelect	1000019378	Table
TableCelluleSelectOccurrence	1000019377	Table
TableCherche	3074015	Table
TableChercheFils	1000017064	Table hiérarchique
TableCherchePartout	1410088362	Table
TableColonneSelect	1000019381	Table
TableColonneSelectOccurrence	1000019380	Table
TableColonnesFiltrées	1000020517	Table
TableColonnesTriées	3074010	Table
TableDébutRemplissage	1000022368	Table
TableDéplaceBranche	1000020611	Table hiérarchique
TableDéplaceColonne	3074011	Table
TableDéplaceLigne	1000017247	Table
TableDéroule	1000010007	
TableDérouleTout	1000010001	Table hiérarchique
TableDésactiveFiltre	1000017150	Table
TableDonneFocus	1000022319	Table
TableEchangeBranche	1000020505	Table hiérarchique
TableEchangeLigne	1000020627	Table
TableEnregistre	3074008	Table
TableEnroule	1000010008	Table hiérarchique
TableEnrouleDéroule	1000024474	Table
TableEnrouleTout	1000010003	Table hiérarchique
TableEnumèreColonne	3074012	Table
TableEnumèreRupture	1000022418	Table
TableEtatElément	1000010012	Table hiérarchique
TableFilsOccurrence	1000020504	Table hiérarchique
TableFin	3074013	Table
TableFinRemplissage	1000022369	Table
TableFixeColonne	3074014	Table
TableFormuleAjoute	1000022361	Table
TableFormuleSupprimeTout	1000022362	Table
TableImprime	1000017237	Table
TableIndiceColonne	3074016	Table
TableIndiceRupture	1000018758	Table
TableInfoXY	3074007	Table
TableInsère	3074025	Table
TableInsèreColonne	1000017178	Table
TableInsèreFils	1000010005	Table hiérarchique
TableInsèreLigne	3074026	Table
TableInsèreLigneAvecAnimation	1000022401	Table
TableListeFils	1000021787	Table hiérarchique
TableMode	3074001	Table
TableModifie	3074019	Table
TableModifieColonne	1000017179	Table
TableModifieLigne	3074028	Table
TableNumEnr	3074027	Table
TableOccurrence	3074021	Table
TablePosition	3074022	Table
TableRafraîchissementVisible	1000021196	Table
TableRécupèreFils	1000010009	Table hiérarchique
TableRécupèreParent	1000010011	Table hiérarchique
TableRestaurePositionEtSélection	1000017413	Table
TableSaisieEnCours	3074023	Table
TableSaisieLoupe	3074024	Table
TableSauvePositionEtSélection	1000017412	Table
TableSelect	3074020	Table
TableSelectMoins	3074029	Table
TableSelectOccurrence	3074030	Table
TableSelectPlus	3074031	Table
TableSelectVersFichier	3074038	Table
TableSupprime	3074032	Table
TableSupprimeAvecAnimation	1000022400	Table
TableSupprimeFils	1000010006	Table hiérarchique
TableSupprimeSelect	1000020506	Table
TableSupprimeTout	3074034	Table
TableTrie	3074035	Table
TableTrieFils	1000017025	Table hiérarchique
TableTypeElément	1000010010	Table hiérarchique
TableurAjouteDonnée	1000021365	Tableur
TableurAjouteFeuille	1000021642	Tableur
TableurAjouteFormule	1000021373	Tableur
TableurAjouteImage	1000023335	Tableur
TableurAjouteLien	1410090390	Tableur
TableurAjouteNom	1000022523	Tableur
TableurAutoriseProcédure	1000021473	Tableur
TableurCadreSélection	1000021480	Tableur
TableurChampFormule	1000021647	Tableur
TableurCharge	1000021340	Tableur
TableurCherche	1000021610	Tableur
TableurDébutModification	1000023460	Tableur
TableurDéfusionneCellule	1410089203	Tableur
TableurDéplaceFeuille	1410087257	Tableur
TableurFerme	1000021482	Tableur
TableurFige	1000022519	Tableur
TableurFinModification	1000023461	Tableur
TableurFusionneCellule	1000026181	Tableur
TableurInsèreColonne	1000021518	Tableur
TableurInsèreFeuille	1000021648	Tableur
TableurInsèreLigne	1000021456	Tableur
TableurListeCommentaire	1000024881	Tableur
TableurListeFeuille	1000023450	Tableur
TableurListeImage	1000023547	Tableur
TableurListeNom	1000023448	Tableur
TableurModifieNom	1000023464	Tableur
TableurPosition	1000021609	Tableur
TableurRecalculeTout	1000021457	Tableur
TableurRécupèreFormule	1000021507	Tableur
TableurRécupèreFusion	1000021740	Tableur
TableurRécupèreInfoTri	1000023462	Tableur
TableurRécupèreSélection	1000021499	Tableur
TableurRemplace	1000023436	Tableur
TableurRestaurePositionEtSélection	1000023334	Tableur
TableurSaisieFonction	1000023412	Tableur
TableurSauve	1000021341	Tableur
TableurSauvePositionEtSélection	1000023333	Tableur
TableurSelectCommentaire	1000024883	Tableur
TableurSelectFeuille	1000021649	Tableur
TableurSelectMoins	1000021494	Tableur
TableurSelectPlus	1000021493	Tableur
TableurStyleSélection	1000021338	Tableur
TableurSupprimeColonne	1000022406	Tableur
TableurSupprimeFeuille	1000021643	Tableur
TableurSupprimeImage	1000023546	Tableur
TableurSupprimeLigne	1000022405	Tableur
TableurSupprimeNom	1000023447	Tableur
TableurSupprimeTout	1000021495	Tableur
TableurTrieSélection	1000023463	Tableur
TableurTypeEtMasqueSélection	1000021349	Tableur
TableVersExcel	3074033	Table
TableVersJSON	1410090327	Table
TableVersPressePapier	1000017062	Table
TableVersTexte	1000017061	Table
TableVersWord	3074036	Table
TableVersXML	3074037	Table
TâcheAjoute	1000012001	Tâches
TâcheDernier	1000012002	Tâches
TâcheEnArrièrePlanAjoute	1000023454	gestion des tâches en arrière-plan
TâcheEnArrièrePlanListe	1000023456	gestion des tâches en arrière-plan
TâcheEnArrièrePlanSupprime	1000023455	gestion des tâches en arrière-plan
TâcheLit	1000012011	Tâches
TâcheModifie	1000012003	Tâches
TâcheParallèleAnnule	1000021278	gestion des tâches parallèles
TâcheParallèleAttend	1000021212	gestion des tâches parallèles
TâcheParallèleAttendToutes	1000021297	gestion des tâches parallèles
TâcheParallèleDemandeAnnulation	1000021213	gestion des tâches parallèles
TâcheParallèleExécute	1000021211	gestion des tâches parallèles
TâcheParallèleExécuteAprès	1000021214	gestion des tâches parallèles
TâcheParallèleExécuteAprèsToutes	1000021217	gestion des tâches parallèles
TâcheParallèleExécuteAprèsUne	1000021216	gestion des tâches parallèles
TâcheParallèleParamètre	1000021284	gestion des tâches parallèles
TâchePrécédent	1000012004	Tâches
TâchePremier	1000012005	Tâches
TâcheRAZ	1000012006	Tâches
TâcheSuivant	1000012007	Tâches
TâcheSupprime	1000012008	Tâches
Taille	3024031	gestion des chaînes
TailleCommune	3024045	gestion des chaînes
TailleEcran	1000022211	gestion du téléphone
TailleVersChaîne	1000017038	gestion des chaînes
Tang	3050014	Mathématiques
TCDAxeXY	1000021113	Tableau croisé dynamique
TCDCalculeMiseAJour	1000020534	Tableau croisé dynamique
TCDCalculeMiseAJourAsynchrone	1410089990	Tableau croisé dynamique
TCDCalculeTout	1000020539	Tableau croisé dynamique
TCDCalculeToutAsynchrone	1410090244	Tableau croisé dynamique
TCDCharge	1000020507	Tableau croisé dynamique
TCDComparePériode	1000024869	Tableau croisé dynamique
TCDDéroule	1000020699	Tableau croisé dynamique
TCDDérouleTout	1000020623	Tableau croisé dynamique
TCDEnroule	1000020698	Tableau croisé dynamique
TCDEnrouleTout	1000020622	Tableau croisé dynamique
TCDFiltre	1000020531	Tableau croisé dynamique
TCDInfoXY	1000020735	Tableau croisé dynamique
TCDListePositionEntête	1000020975	Tableau croisé dynamique
TCDSauve	1000020471	Tableau croisé dynamique
TCDSelect	1000021024	Tableau croisé dynamique
TCDSelectOccurrence	1000022175	Tableau croisé dynamique
TCDValeurEntête	1000021135	Tableau croisé dynamique
TCDVersExcel	1000020703	Tableau croisé dynamique
TDBAffiche	1000020970	Tableau de bord
TDBAjouteWidget	1000020953	Tableau de bord
TDBChangeTailleWidget	1000021286	Tableau de bord
TDBChargeConfiguration	1000020961	Tableau de bord
TDBConfigurationInitiale	1000021043	Tableau de bord
TDBDéplaceWidget	1000021289	Tableau de bord
TDBInfoXY	1000020974	Tableau de bord
TDBMode	1000020956	Tableau de bord
TDBOccurrence	1000021042	Tableau de bord
TDBRécupèreWidgetPosition	1000022498	Tableau de bord
TDBSauveConfiguration	1000020960	Tableau de bord
TDBSupprime	1000020955	Tableau de bord
TDBSupprimeTout	1000020954	Tableau de bord
telAppelDébut	3076006	Téléphone
telAppelEnAttente	3076033	Téléphone
telAppelEstOccupé	3076017	Téléphone
telAppelEstTerminé	3076003	Téléphone
telAppelFin	3076002	Téléphone
telAppelPasDeRéponse	3076008	Téléphone
telArrête	3076007	Téléphone
telCapacité	3076014	Téléphone
telCompose	3076013	Téléphone
telComposeLigne	3076012	Téléphone
telDémarreDétectionAppel	3076029	Téléphone
telDialerAffiche	1000019236	gestion du téléphone
telDialerCompose	1000019235	gestion du téléphone
telDuréeAppel	3076004	Téléphone
TéléchargementAjoute	1410087319	Téléchargement
TéléchargementListe	1410087322	Téléchargement
TéléchargementRécupèreInfo	1410087320	Téléchargement
TéléchargementSupprime	1410087321	Téléchargement
TélémétrieActive	1000021900	Télémétrie
TélémétrieAjouteMesure	1000022168	Télémétrie
TélémétrieAjoutePassage	1000022174	Télémétrie
TélémétrieDésactive	1000021912	Télémétrie
TélémétrieEnvoieDonnées	1000024736	Télémétrie
TélémétrieEnvoieExceptionInfo	1410091371	Télémétrie
TélémétrieEstActive	1000021911	Télémétrie
TélémétrieIdentifieUtilisateur	1000022160	Télémétrie
TélémétrieParamètre	1000021913	Télémétrie
telEnregistre	3076019	Téléphone
telErreur	3076020	Téléphone
telExécuteTransfert	3076021	Téléphone
telFinDétectionAppel	3076022	Téléphone
telJoue	3076023	Téléphone
telListePériphérique	3076024	Téléphone
telMetAppelEnAttente	3076034	Téléphone
telNuméroAppelant	3076010	Téléphone
telNuméroAppelé	3076025	Téléphone
telNumérote	3076018	Téléphone
telOrigine	3076028	Téléphone
telPériphérique	3076032	Téléphone
telRaccroche	3076030	Téléphone
telRécupèreNuméro	1410090442	gestion du téléphone
telRépondAppel	3076026	Téléphone
telReprendAppelEnAttente	3076035	Téléphone
telToucheEnfoncée	3076027	Téléphone
telTransfertDirect	3076011	Téléphone
Temporisation	3015012	Evénements Windows
TestAjouteItération	1000017015	Test
TestEcritRésultat	1000013001	Test
TestErreur	1000023506	Test
TestSurErreur	1000023507	Test
TestVérifie	1000017023	Test
TestVérifieDifférence	1000023397	Test
TestVérifieEgalité	1000023398	Test
TestVérifieFaux	1000023399	Test
TestVérifieNonNull	1000023400	Test
TestVérifieNull	1000023401	Test
TestVérifieVrai	1000023402	Test
TexteEllipse	1000021875	gestion des champs
TexteHauteur	3025011	gestion des champs
TexteLargeur	3025004	gestion des champs
TexteVersHTML	3025050	gestion des chaînes
TexteVersMarkdown	1410091409	gestion des chaînes
TexteVersRTF	1000020514	gestion des chaînes
TexteVersXML	3081006	gestion des chaînes
ThreadArrêtDemandé	1000021219	gestion des threads
ThreadArrête	3077019	gestion des threads
ThreadAttend	3077020	gestion des threads
ThreadAttendSignal	3077022	gestion des threads
ThreadCourant	1000019423	gestion des threads
ThreadDemandeArrêt	1000021218	gestion des threads
ThreadEnvoieSignal	3077021	gestion des threads
ThreadEtat	3077016	gestion des threads
ThreadExécute	3077024	gestion des threads
ThreadFin	1000020874	gestion des threads
ThreadMode	3077028	gestion des threads
ThreadPause	3077029	gestion des threads
ThreadPersistant	1000020584	gestion des threads
ThreadPriorité	3077027	gestion des threads
ThreadReprend	3077023	gestion des threads
ThreadSuspend	3077014	gestion des threads
TimelineAffiche	1000020683	TimeLine
TimelineAjouteEvénement	1000020400	TimeLine
TimelineAjoutePiste	1000020405	TimeLine
TimelineChangeMode	1000020397	TimeLine
TimelineListeEvénement	1000020401	TimeLine
TimelineSupprimeEvénement	1000020403	TimeLine
TimelineSupprimePiste	1000020760	TimeLine
TimelineSupprimeTout	1000020404	TimeLine
Timer	3015008	Evénements Windows
TimerSys	3015006	Evénements Windows
TitreEnCours	3038023	gestion des fenêtres
TitreSuivant	3038043	gestion des fenêtres
ToastAffiche	1000019358	gestion des toasts
ToastAfficheFI	1000024643	gestion des toasts
ToastAffichePopup	1000020625	gestion des toasts
ToastSupprimeTout	1000020336	gestion des toasts
ToucheEnfoncée	3014007	diverses Windows
Trace	3013050	diverses WINDEV
TraceConstruit	1000021683	diverses WINDEV
TraceDébut	3013052	diverses WINDEV
TraceFin	3013044	diverses WINDEV
TraceSupprimeTout	1000023914	diverses WINDEV
Transfert	3014015	diverses Windows
Transforme	1000024734	Tableau
TreeMapAjoute	1000018814	TreeMap
TreeMapCherche	1000019739	TreeMap
TreeMapInfoXY	1000018899	TreeMap
TreeMapOccurrence	1000018928	TreeMap
TreeMapRecherche	1000018901	TreeMap
TreeMapSelectGroupe	1000018902	TreeMap
TreeMapSupprime	1000018903	TreeMap
TreeMapSupprimeTout	1000018914	TreeMap
Trie	1000017364	Tableau
Tronque	1000020476	gestion des chaînes
TSL	3029057	dessin
TuileAfficheBadge	1000020721	Tuile
TuileAjoute	1000020719	Tuile
TuileSupprimeTout	1000020720	Tuile
TwainEtat	3078002	Périphériques Twain
TwainHauteurSource	3078003	Périphériques Twain
TwainLargeurSource	3078004	Périphériques Twain
TwainListeSource	3078005	Périphériques Twain
TwainPropriété	1000021192	Périphériques Twain
TwainSelectSource	3078013	Périphériques Twain
TwainSourceEnCours	3078015	Périphériques Twain
TwainVersBMP	3078010	Périphériques Twain
TwainVersChamp	3078008	Périphériques Twain
TwainVersGIF	3078012	Périphériques Twain
TwainVersJPEG	3078009	Périphériques Twain
TwainVersPDF	1000020877	Périphériques Twain
TwainVersPressePapier	3078011	Presse-papiers
TwainVersTIFF	1000020875	Périphériques Twain
TwainZoneScan	3078014	Périphériques Twain
TypeEcran	1000022210	gestion du téléphone
TypeEstNullable	1410090370	diverses WINDEV
TypeVar	3013056	diverses WINDEV
TypeVariable	3013055	diverses WINDEV
UnicodeVersAnsi	3024025	gestion des chaînes
UploadCopieFichier	3012023	upload
UploadFichierEnCours	1000018798	upload
UploadLance	1000018793	upload
UploadNomFichier	3012022	upload
UploadSupprime	1000018808	upload
UploadSupprimeTout	1000018809	upload
UploadTaille	1000018795	upload
UploadTailleEnvoyée	1000018794	upload
UploadTailleEnvoyéeFichierEnCours	1000018796	upload
UploadTailleFichier	1000019035	upload
UploadTailleFichierEnCours	1000018797	upload
UPNPCherchePériphérique	1000020912	DLNA/UPnP
UPNPExécuteAction	1000020918	DLNA/UPnP
UPNPListePériphérique	1000020901	DLNA/UPnP
UPNPMédiaArrêt	1000020944	DLNA/UPnP
UPNPMédiaJoue	1000020941	DLNA/UPnP
UPNPMédiaOuvre	1000020942	DLNA/UPnP
UPNPMédiaPause	1000020943	DLNA/UPnP
UPNPModifieContraste	1000020938	DLNA/UPnP
UPNPModifieLuminosité	1000020939	DLNA/UPnP
UPNPModifieMuet	1000020931	DLNA/UPnP
UPNPModifieNetteté	1000020936	DLNA/UPnP
UPNPModifieVolume	1000020937	DLNA/UPnP
UPNPRécupèreContraste	1000020933	DLNA/UPnP
UPNPRécupèreLuminosité	1000020932	DLNA/UPnP
UPNPRécupèreMuet	1000020929	DLNA/UPnP
UPNPRécupèreNetteté	1000020935	DLNA/UPnP
UPNPRécupèreVolume	1000020934	DLNA/UPnP
URIRécupèreInfo	1000024037	URI
URISélecteur	1000024026	URI
URIVersBuffer	1000024036	URI
URIVersFichier	1000024035	URI
URLDécode	3024041	gestion des chaînes
URLEncode	3024040	gestion des chaînes
URLExtraitChemin	1000020965	gestion des chaînes
USBDéconnecte	3090001	USB
USBDétecteStockageAmovible	3090007	USB
USBListePériphérique	3090002	USB
USBPropriété	3090003	USB
USBRecherche	3090004	USB
UTF8Valide	1410089619	gestion des chaînes
UTF8VersAnsi	1000020525	gestion des chaînes
UTF8VersChaîne	3024043	gestion des chaînes
UTF8VersUnicode	1000020481	gestion des chaînes
UTFConvertit	1410088734	gestion des chaînes
Utilise	3038044	gestion des fenêtres
UUDécode	1000018864	cryptage/compression
UUEncode	1000018862	cryptage/compression
Val	3024037	gestion des chaînes
ValideMotDePasse	1000017009	Verrou
VariableRAZ	3013069	diverses WINDEV
VariantConvertit	3013054	diverses WINDEV
VariantVersJSON	1000021051	gestion des chaînes
VérifieExpressionRégulière	3024032	gestion des chaînes
VérifieIdentitéUtilisateur	1000021348	gestion du téléphone
VérifieTousFaux	1000024858	Tableau
VérifieTousVrai	1000024857	Tableau
VérifieUnFaux	1000024860	Tableau
VérifieUnVrai	1000024859	Tableau
VerrouAppliBloque	1000017011	Verrou
VerrouAppliDébloque	1000017012	Verrou
VerrouAppliDélai	1000017006	Verrou
VerrouAppliMotDePasse	1000017010	Verrou
VersionDémo	1000019645	diverses WINDEV
VersionWINDEV	3013010	diverses WINDEV
VersionWindows	3014002	diverses Windows
VersPressePapier	3063005	Presse-papiers
VersPressePapierRTF	1000017199	Presse-papiers
VibrationArrête	1000019449	gestion du téléphone
VibrationDéclenche	1000019448	gestion du téléphone
VidéoAffiche	3079004	vidéo
VidéoArrête	3079001	vidéo
VidéoArrêteDécodage	1000022164	vidéo
VidéoCapture	3079007	vidéo
VidéoChangeDriver	3079010	vidéo
VidéoConfigure	3079009	vidéo
VidéoDemandePermission	1000022355	vidéo
VidéoDémarreDécodage	1000022163	vidéo
VidéoEtat	3079006	vidéo
VidéoGénèreMiniature	1000020268	vidéo
VidéoLanceAppli	1000019368	vidéo
VidéoListeDriver	3079008	vidéo
VidéoListeParamètre	1000019695	vidéo
VidéoParamètre	1000019694	vidéo
VisiteGuidéeArrête	1410090225	Visite guidée
VisiteGuidéeChangeEtape	1410090229	Visite guidée
VisiteGuidéeDémarre	1410090176	Visite guidée
VisiteGuidéeInfo	1410090219	Visite guidée
VoletDuChamp	1000021625	Onglet
VolumeBoutonPhysique	1000020168	gestion du téléphone
VolumeModifie	1000020169	gestion du téléphone
VolumeRécupère	1000019807	gestion du téléphone
wdbaasCréeUtilisateur	1410091289	gestion des utilisateurs sur le serveur d'authentification OAuth WEBDEV
wdbaasInfoUtilisateur	1410091290	gestion des utilisateurs sur le serveur d'authentification OAuth WEBDEV
wdbaasListeUtilisateur	1410091288	gestion des utilisateurs sur le serveur d'authentification OAuth WEBDEV
wdbaasModifieUtilisateur	1410091291	gestion des utilisateurs sur le serveur d'authentification OAuth WEBDEV
wdbaasSupprimeUtilisateur	1410091292	gestion des utilisateurs sur le serveur d'authentification OAuth WEBDEV
WebserviceAdresseIPClient	1000019641	Webservices
WebserviceEcritCodeHTTP	1000022785	Webservices
WebserviceEcritCodeHTTPPersonnalisé	1410087803	Webservices
WebserviceEcritEntêteHTTP	1000022788	Webservices
WebserviceEcritTypeMIME	1000022681	Webservices
WebserviceEnvoieMorceau	1410091271	Webservices
WebserviceLitEntêteHTTP	1000022787	Webservices
WebserviceLitTokenUtilisateur	1410090917	Webservices
WebserviceLitTypeMIME	1000022680	gestion des Webservices
WebserviceParamètre	1000022786	Webservices
WebSocketClientConnecte	1410087751	gestion des sockets
WebSocketClientConnecteSSL	1410087752	gestion des sockets
WebSocketDéconnecte	1000025960	WebSocket
WebSocketEnvoie	1000025957	WebSocket
WebSocketExécute	1000025961	WebSocket
WebSocketExécuteServiceGlobal	1000026042	WebSocket
WebSocketListeClientConnecté	1000025956	WebSocket
WHelp	3013053	diverses WINDEV
WidgetAffiche	1000020647	Widget
WidgetLanceAppli	1000020648	Widget
WidgetProcédure	1410087599	Widget
WiFiActive	1000019350	WiFi
WiFiAjouteRéseau	1000019351	WiFi
WiFiConnecte	1000019352	WiFi
WiFiDétectePointAccès	1000019353	WiFi
WiFiEtat	1000019354	WiFi
WiFiInfoConnexion	1000019355	WiFi
WiFiListeCarteRéseau	1000020693	WiFi
WiFiListeRéseau	1000019356	WiFi
WiFiSelectCarteRéseau	1000020694	WiFi
WiFiSupprimeRéseau	1000019357	WiFi
XamlDésactive	1000015004	XAML
XamlEvénement	1000015001	XAML
XamlPropriété	1000015002	XAML
xlsAjouteFeuille	1000017285	gestion des fichiers XLS
xlsCoordonnéesVersNom	1000021500	Tableur
xlsDéfusionneCellule	1410089538	gestion des fichiers XLS
xlsDonnée	3080021	gestion des fichiers XLS
xlsFerme	3080015	gestion des fichiers XLS
xlsFeuilleEnCours	3080022	gestion des fichiers XLS
xlsFusionneCellule	1410089537	gestion des fichiers XLS
xlsMsgErreur	3080016	gestion des fichiers XLS
xlsNbColonne	3080014	gestion des fichiers XLS
xlsNbColonnes	3080007	gestion des fichiers XLS
xlsNbFeuille	3080023	gestion des fichiers XLS
xlsNbLigne	3080011	gestion des fichiers XLS
xlsNbLignes	3080013	gestion des fichiers XLS
xlsNomVersCoordonnées	1000021501	Tableur
xlsOuvre	3080017	gestion des fichiers XLS
xlsRecalculeTout	1410089617	gestion des fichiers XLS
xlsRécupèreFusion	1410089567	gestion des fichiers XLS
xlsSauve	1000018057	gestion des fichiers XLS
xlsSupprimeFeuille	1000017288	gestion des fichiers XLS
xlsTitreColonne	3080012	gestion des fichiers XLS
xlsTypeColonne	3080019	gestion des fichiers XLS
xlsVersion	3080018	gestion des fichiers XLS
XMLAjouteAttribut	3081011	gestion des fichiers XML
XMLAjouteFils	3081002	gestion des fichiers XML
XMLAnnuleRecherche	3081001	gestion des fichiers XML
XMLChercheNamespaceParNom	1000019167	gestion des fichiers XML
XMLChercheNamespaceParURI	1000019168	gestion des fichiers XML
XMLConstruitChaîne	3081016	gestion des fichiers XML
XMLDernier	3081013	gestion des fichiers XML
XMLDocument	3081008	gestion des fichiers XML
XMLDocumentValide	1000019272	gestion des fichiers XML
XMLDonnée	3081004	gestion des fichiers XML
XMLEcrit	1000017031	gestion des fichiers XML
XMLEnDehors	3081009	gestion des fichiers XML
XMLExécuteXPath	3081015	gestion des fichiers XML
XMLExtraitChaîne	3081017	gestion des fichiers XML
XMLExtraitDocument	3081010	gestion des fichiers XML
XMLFils	3081012	gestion des fichiers XML
XMLFilsExiste	3081038	gestion des fichiers XML
XMLInsèreDocument	3081014	gestion des fichiers XML
XMLInsèreElément	3081007	gestion des fichiers XML
XMLLit	1000017030	gestion des fichiers XML
XMLModifie	3081037	gestion des fichiers XML
XMLNamespace	3081039	gestion des fichiers XML
XMLNamespaceURI	3081040	gestion des fichiers XML
XMLNoeudValide	1000019280	gestion des fichiers XML
XMLNomElément	3081026	gestion des fichiers XML
XMLNomParent	3081035	gestion des fichiers XML
XMLOuvre	1000018792	gestion des fichiers XML
XMLOuvreLecteur	1000023396	gestion des fichiers XML
XMLParent	3081022	gestion des fichiers XML
XMLPosition	3081028	gestion des fichiers XML
XMLPrécédent	3081023	gestion des fichiers XML
XMLPremier	3081024	gestion des fichiers XML
XMLRacine	3081019	gestion des fichiers XML
XMLRecherche	3081025	gestion des fichiers XML
XMLRenomme	3081021	gestion des fichiers XML
XMLRésultat	3081027	gestion des fichiers XML
XMLRetourPosition	3081032	gestion des fichiers XML
XMLSauve	1000019026	gestion des fichiers XML
XMLSauvePosition	3081033	gestion des fichiers XML
XMLSigne	1000020753	gestion des fichiers XML
XMLSuivant	3081030	gestion des fichiers XML
XMLSupprime	3081036	gestion des fichiers XML
XMLTermine	3081034	gestion des fichiers XML
XMLTrouve	3081020	gestion des fichiers XML
XMLTypeElement	3081031	gestion des fichiers XML
XMLVérifieSignature	1410090391	gestion des fichiers XML
XMLVersJSON	1410087331	gestion des fichiers XML
XMLVersTexte	3081029	gestion des chaînes
zipAjouteFichier	3082008	gestion des archives
zipAjouteListeFichier	3082038	gestion des archives
zipAjouteRépertoire	3082014	gestion des archives
zipChangeChemin	3082027	gestion des archives
zipChercheFichier	3082002	gestion des archives
zipCrée	3082003	gestion des archives
zipCréeExe	3082013	gestion des archives
zipDébutAjoutFichier	1410091114	gestion des archives
zipDécoupe	3082020	gestion des archives
zipEstMulti	3082021	gestion des archives
zipExiste	1000017233	gestion des archives
zipExtraitChemin	3082023	gestion des archives
zipExtraitFichier	3082019	gestion des archives
zipExtraitListeFichier	1000017234	gestion des archives
zipExtraitRépertoire	1000025518	gestion des archives
zipExtraitTout	3082011	gestion des archives
zipFerme	3082005	gestion des archives
zipFichierEnCours	3082026	gestion des archives
zipFiltre	1000026293	gestion des archives
zipFinAjoutFichier	1410091115	gestion des archives
zipInfoFichier	3082040	gestion des archives
zipListeFichier	3082031	gestion des archives
zipMotDePasse	3082053	gestion des archives
zipMsgErreur	3082034	gestion des archives
zipNbFichier	3082035	gestion des archives
zipNbPartie	3082029	gestion des archives
zipNbPartieNécessaire	3082052	gestion des archives
zipNiveauCompression	3082054	gestion des archives
zipOuvre	3082044	gestion des archives
zipOuvreCAB	1000017250	gestion des archives
zipOuvreRAR	1000017294	gestion des archives
zipRegroupe	3082046	gestion des archives
zipSélectionFichier	1000026152	gestion des archives
zipSupprimeFichier	3082041	gestion des archives
zipSupprimeListeFichier	3082049	gestion des archives
zipSupprimeTout	3082051	gestion des archives
zipTaille	3082012	gestion des archives
zipTailleFichier	3082017	gestion des archives
zmlAjouteLigne	1000020199	Zone multiligne
zmlInsèreLigne	1000020207	Zone multiligne
zmlSupprime	1000020208	Zone multiligne
zmlSupprimeTout	1000020209	Zone multiligne
ZoneRépétéeAffiche	3083001	Zones répétées
ZoneRépétéeAjoute	3083006	Zones répétées
ZoneRépétéeAjouteDébut	1410090428	Zones répétées
ZoneRépétéeAjouteFI	1000023439	Zones répétées
ZoneRépétéeAjouteFIDébut	1410090427	Zones répétées
ZoneRépétéeAjouteLigne	3083004	Zones répétées
ZoneRépétéeAjoutEnCours	1000021638	Zones répétées
ZoneRépétéeAjoutePI	1410089366	Zones répétées
ZoneRépétéeAnnuleBalayage	1000021988	Zones répétées
ZoneRépétéeCherche	3083005	Zones répétées
ZoneRépétéeCherchePartout	1000021997	Zones répétées
ZoneRépétéeDébutRemplissage	1000022370	Zones répétées
ZoneRépétéeDéplaceLigne	1000017248	Zones répétées
ZoneRépétéeDéroule	1000019771	Zones répétées
ZoneRépétéeDérouleTout	1000019774	Zones répétées
ZoneRépétéeEnregistre	3083028	Zones répétées
ZoneRépétéeEnroule	1000019770	Zones répétées
ZoneRépétéeEnrouleDéroule	1000019970	Zones répétées
ZoneRépétéeEnrouleTout	1000019772	Zones répétées
ZoneRépétéeFinRemplissage	1000022371	Zones répétées
ZoneRépétéeIndiceRupture	3083029	Zones répétées
ZoneRépétéeInfoXY	3083022	Zones répétées
ZoneRépétéeInsère	3083003	Zones répétées
ZoneRépétéeInsèreFI	1000023440	Zones répétées
ZoneRépétéeInsèreLigne	3083002	Zones répétées
ZoneRépétéeInsèrePI	1410089367	Zones répétées
ZoneRépétéeModifie	3083013	Zones répétées
ZoneRépétéeModifieFI	1000023441	Zones répétées
ZoneRépétéeModifieLigne	3083015	Zones répétées
ZoneRépétéeModifiePI	1410089368	Zones répétées
ZoneRépétéeNumEnr	3083010	Zones répétées
ZoneRépétéeOccurrence	3083014	Zones répétées
ZoneRépétéePosition	3083023	Zones répétées
ZoneRépétéeRafraîchissementVisible	1000021195	Zones répétées
ZoneRépétéeRestaurePositionEtSélection	1000021789	Zones répétées
ZoneRépétéeSauvePositionEtSélection	1000021788	Zones répétées
ZoneRépétéeSelect	3083024	Zones répétées
ZoneRépétéeSelectMoins	3083026	Zones répétées
ZoneRépétéeSelectOccurrence	3083027	Zones répétées
ZoneRépétéeSelectPlus	3083025	Zones répétées
ZoneRépétéeSupprime	3083008	Zones répétées
ZoneRépétéeSupprimeSelect	1000023336	Zones répétées
ZoneRépétéeSupprimeTout	3083012	Zones répétées
ZoneRépétéeTrie	3083009	Zones répétées
ZoneRépétéeVersExcel	3083030	Zones répétées
ZoneRépétéeVersWord	3083031	Zones répétées
ZoneRépétéeVersXML	3083032	Zones répétées
