nom	id	theme
<Agenda>.Affiche	1000022880	gestion des champs Agenda (syntaxe préfixée)
<Agenda>.AffichePériodePrécédente	1000022878	gestion des champs Agenda (syntaxe préfixée)
<Agenda>.AffichePériodeSuivante	1000022896	gestion des champs Agenda (syntaxe préfixée)
<Agenda>.AjouteRendezVous	1000022894	gestion des champs Agenda (syntaxe préfixée)
<Agenda>.ChangeMode	1000022879	gestion des champs Agenda (syntaxe préfixée)
<Agenda>.CouleurFond	1000022895	gestion des champs Agenda (syntaxe préfixée)
<Agenda>.DateVisible	1000022915	gestion des champs Agenda (syntaxe préfixée)
<Agenda>.HeureAffichée	1000022892	gestion des champs Agenda (syntaxe préfixée)
<Agenda>.HeureOuvrable	1000022916	gestion des champs Agenda (syntaxe préfixée)
<Agenda>.InfoXY	1000022889	gestion des champs Agenda (syntaxe préfixée)
<Agenda>.ListeRendezVous	1000022886	gestion des champs Agenda (syntaxe préfixée)
<Agenda>.Mode	1000022885	gestion des champs Agenda (syntaxe préfixée)
<Agenda>.PlageSélectionnée	1000022883	gestion des champs Agenda (syntaxe préfixée)
<Agenda>.Position	1000022897	gestion des champs Agenda (syntaxe préfixée)
<Agenda>.SelectMoins	1000022882	gestion des champs Agenda (syntaxe préfixée)
<Agenda>.SelectPlus	1000022881	gestion des champs Agenda (syntaxe préfixée)
<Agenda>.SupprimeRendezVous	1000022877	gestion des champs Agenda (syntaxe préfixée)
<Agenda>.SupprimeTout	1000022898	gestion des champs Agenda (syntaxe préfixée)
<Agenda>.VersiCalendar	1000022899	gestion des champs Agenda (syntaxe préfixée)
<Arbre>.Affiche	1000023421	gestion des champs Arbre (syntaxe préfixée)
<Arbre>.Ajoute	1000023422	gestion des champs Arbre (syntaxe préfixée)
<Arbre>.Cherche	1000023423	gestion des champs Arbre (syntaxe préfixée)
<Arbre>.CopieElément	1000023424	gestion des champs Arbre (syntaxe préfixée)
<Arbre>.DéplaceElément	1000023755	gestion des champs Arbre (syntaxe préfixée)
<Arbre>.Déroule	1000023756	gestion des champs Arbre (syntaxe préfixée)
<Arbre>.DérouleTout	1000023757	gestion des champs Arbre (syntaxe préfixée)
<Arbre>.Enroule	1000023758	gestion des champs Arbre (syntaxe préfixée)
<Arbre>.EnrouleTout	1000023759	gestion des champs Arbre (syntaxe préfixée)
<Arbre>.EtatElément	1000023878	gestion des champs Arbre (syntaxe préfixée)
<Arbre>.InfoXY	1000023760	gestion des champs Arbre (syntaxe préfixée)
<Arbre>.Insère	1000023761	gestion des champs Arbre (syntaxe préfixée)
<Arbre>.ListeFils	1000023762	gestion des champs Arbre (syntaxe préfixée)
<Arbre>.Modifie	1000023763	gestion des champs Arbre (syntaxe préfixée)
<Arbre>.Position	1000023764	gestion des champs Arbre (syntaxe préfixée)
<Arbre>.RécupèreFils	1000023765	gestion des champs Arbre (syntaxe préfixée)
<Arbre>.RécupèreIdentifiant	1000023766	gestion des champs Arbre (syntaxe préfixée)
<Arbre>.Select	1000023767	gestion des champs Arbre (syntaxe préfixée)
<Arbre>.SelectMoins	1000023768	gestion des champs Arbre (syntaxe préfixée)
<Arbre>.SelectOccurrence	1000023769	gestion des champs Arbre (syntaxe préfixée)
<Arbre>.SelectPlus	1000023770	gestion des champs Arbre (syntaxe préfixée)
<Arbre>.Supprime	1000023771	gestion des champs Arbre (syntaxe préfixée)
<Arbre>.SupprimeFils	1000023772	gestion des champs Arbre (syntaxe préfixée)
<Arbre>.SupprimeTout	1000023773	gestion des champs Arbre (syntaxe préfixée)
<Arbre>.Trie	1000023774	gestion des champs Arbre (syntaxe préfixée)
<Arbre>.TypeElément	1000023775	gestion des champs Arbre (syntaxe préfixée)
<Bandeau défilant>.ArrêteDéfilement	1000022628	Bandeau défilant (syntaxe préfixée)
<Bandeau défilant>.Dernier	1000022630	Bandeau défilant (syntaxe préfixée)
<Bandeau défilant>.LanceDéfilement	1000022631	Bandeau défilant (syntaxe préfixée)
<Bandeau défilant>.Précédent	1000022627	Bandeau défilant (syntaxe préfixée)
<Bandeau défilant>.Premier	1000022629	Bandeau défilant (syntaxe préfixée)
<Bandeau défilant>.Suivant	1000022626	Bandeau défilant (syntaxe préfixée)
<Barre d'outils>.Attache	3020006	gestion des champs Barre d'outils (syntaxe préfixée)
<Barre d'outils>.Détache	3020008	gestion des champs Barre d'outils (syntaxe préfixée)
<Barre d'outils>.Position	3020007	gestion des champs Barre d'outils (syntaxe préfixée)
<btlePériphérique>.EtatConnexion	1000022202	BTLE (syntaxe objet)
<Calendrier>.Position	1000017361	Calendrier (syntaxe préfixée)
<Calendrier>.Select	1000017385	Calendrier (syntaxe préfixée)
<Calendrier>.SelectMoins	1000017363	Calendrier (syntaxe préfixée)
<Calendrier>.SelectOccurrence	1000017362	Calendrier (syntaxe préfixée)
<Calendrier>.SelectPlus	1000017343	Calendrier (syntaxe préfixée)
<Caméra>.Affiche	1000022380	Caméra/Vidéo (syntaxe préfixée)
<Caméra>.Arrête	1000022381	Caméra/Vidéo (syntaxe préfixée)
<Caméra>.ArrêteDécodage	1000022474	Caméra/Vidéo (syntaxe préfixée)
<Caméra>.Capture	1000022382	Caméra/Vidéo (syntaxe préfixée)
<Caméra>.ChangeDriver	1000022378	Caméra/Vidéo (syntaxe préfixée)
<Caméra>.Configure	1000022379	Caméra/Vidéo (syntaxe préfixée)
<Caméra>.DémarreDécodage	1000022475	Caméra/Vidéo (syntaxe préfixée)
<Caméra>.Etat	1000022476	Caméra/Vidéo (syntaxe préfixée)
<Captcha>.Affiche	1000019493	Captcha (syntaxe préfixée)
<Captcha>.Vérifie	1000019567	Captcha (syntaxe préfixée)
<Carte>.AffichePosition	1000022394	gestion du champ Carte (syntaxe préfixée)
<Carte>.AjouteItinéraire	1000022420	gestion du champ Carte (syntaxe préfixée)
<Carte>.AjouteMarqueur	1000022422	gestion du champ Carte (syntaxe préfixée)
<Carte>.DistanceItinéraire	1000022431	gestion du champ Carte (syntaxe préfixée)
<Carte>.ExécuteJS	1000022384	gestion du champ Carte (syntaxe préfixée)
<Carte>.FinDéplacement	1000022437	gestion du champ Carte (syntaxe préfixée)
<Carte>.InfoPosition	1000022447	gestion du champ Carte (syntaxe préfixée)
<Carte>.InfoXY	1000022448	gestion du champ Carte (syntaxe préfixée)
<Carte>.ModifieMarqueur	1000022383	gestion du champ Carte (syntaxe préfixée)
<Carte>.RécupèreImage	1000022462	gestion du champ Carte (syntaxe préfixée)
<Carte>.RécupèreObjetJS	1000022385	gestion du champ Carte (syntaxe préfixée)
<Carte>.RécupèrePosition	1000022463	gestion du champ Carte (syntaxe préfixée)
<Carte>.SuitDéplacement	1000022464	gestion du champ Carte (syntaxe préfixée)
<Carte>.SupprimeItinéraire	1000022465	gestion du champ Carte (syntaxe préfixée)
<Carte>.SupprimeMarqueur	1000022466	gestion du champ Carte (syntaxe préfixée)
<Carte>.SupprimeTout	1000022472	gestion du champ Carte (syntaxe préfixée)
<Cellule>.AfficheDialogue	1000021652	gestion des pages (syntaxe préfixée)
<Cellule>.FermeDialogue	1000021653	gestion des pages (syntaxe préfixée)
<Champ Html>.ExécuteJS	1000024372	
<Chemin de navigation>.AjouteLien	3083034	gestion des chemins de navigation (syntaxe préfixée)
<Chemin de navigation>.InsèreLien	3083035	gestion des chemins de navigation (syntaxe préfixée)
<Chemin de navigation>.ModifieLien	3083036	gestion des chemins de navigation (syntaxe préfixée)
<Chemin de navigation>.SupprimeLien	3083037	gestion des chemins de navigation (syntaxe préfixée)
<Chemin de navigation>.SupprimeTout	3083038	gestion des chemins de navigation (syntaxe préfixée)
<Chrono>.Début	1000023788	gestion des Dates et des Heures (syntaxe préfixée)
<Chrono>.Fin	1000023789	gestion des Dates et des Heures (syntaxe préfixée)
<Chrono>.Pause	1000023790	gestion des Dates et des Heures (syntaxe préfixée)
<Chrono>.RAZ	1000023791	gestion des Dates et des Heures (syntaxe préfixée)
<Chrono>.Reprend	1000023792	gestion des Dates et des Heures (syntaxe préfixée)
<Colonne Table hiérarchique>.ChercheFils	1000021901	gestion des champs Table hiérarchique (syntaxe préfixée)
<Combo>.Ferme	3026004	manipulation des champs Combo (syntaxe préfixée)
<Combo>.Ouvre	3026005	manipulation des champs Combo (syntaxe préfixée)
<Connexion>.InfoBlocage	1000022774	
<Éditeur d'images>.Crée	1000023430	gestion du champ Editeur d'images et des variables WDPic (syntaxe préfixée)
<Éditeur d'images>.Ferme	1000023431	gestion du champ Editeur d'images et des variables WDPic (syntaxe préfixée)
<Éditeur d'images>.Ouvre	1000023432	gestion du champ Editeur d'images et des variables WDPic (syntaxe préfixée)
<Éditeur d'images>.Sauve	1000023433	gestion du champ Editeur d'images et des variables WDPic (syntaxe préfixée)
<EmailSessionIMAP>.RécupèreTout	1000022308	gestion des emails (syntaxe préfixée)
<Etat>.Imprime	1000024554	impression (syntaxe préfixée)
<Fenêtre>.DepuisSource	1000021388	liaison (syntaxe préfixée)
<Fenêtre>.Iconise	1000023884	gestion des fenêtres (syntaxe préfixée)
<Fenêtre>.ImageFenêtre	1000023885	gestion des fenêtres (syntaxe préfixée)
<Fenêtre>.Maximise	1000023886	gestion des fenêtres (syntaxe préfixée)
<Fenêtre>.MDIOuvre	3052007	MDI (syntaxe préfixée)
<Fenêtre>.OuvreFenêtreMobile	1000023887	gestion des fenêtres (syntaxe préfixée)
<Fenêtre>.Repeint	1000023634	gestion des fenêtres (syntaxe préfixée)
<Fenêtre>.Restaure	1000023888	gestion des fenêtres (syntaxe préfixée)
<Fenêtre/Page>.DepuisFichier	1000021387	liaison (syntaxe objet)
<Fenêtre/Page>.VersFichier	1000021385	liaison (syntaxe objet)
<Fenêtre/Page>.VersSource	1000021386	liaison (syntaxe objet)
<Graphe>.AjouteDonnée	1000023533	gestion des graphes (syntaxe préfixée)
<Graphe>.AjouteDonnéeTemporelle	1000024162	gestion des graphes (syntaxe préfixée)
<Graphe>.AxePosition	1000023563	gestion des graphes (syntaxe préfixée)
<Graphe>.AxeVisible	1000023564	gestion des graphes (syntaxe préfixée)
<Graphe>.BourseAjouteDonnée	1000023565	gestion des graphes (syntaxe préfixée)
<Graphe>.BourseRécupèreDonnée	1000023566	gestion des graphes (syntaxe préfixée)
<Graphe>.Bulle	1000024163	gestion des graphes (syntaxe préfixée)
<Graphe>.ChargeParamètre	1000023568	gestion des graphes (syntaxe préfixée)
<Graphe>.Couleur	1000024164	gestion des graphes (syntaxe préfixée)
<Graphe>.CouleurBarre	1000023569	gestion des graphes (syntaxe préfixée)
<Graphe>.CouleurCatégorie	1000023570	gestion des graphes (syntaxe préfixée)
<Graphe>.CouleurPoint	1000023571	gestion des graphes (syntaxe préfixée)
<Graphe>.CouleurSérie	1000023599	gestion des graphes (syntaxe préfixée)
<Graphe>.Dégradé	1000024061	gestion des graphes (syntaxe préfixée)
<Graphe>.Dessine	1000024062	gestion des graphes (syntaxe préfixée)
<Graphe>.DonutPourcentageTrou	1000024069	gestion des graphes (syntaxe préfixée)
<Graphe>.EpaisseurTrait	1000024071	gestion des graphes (syntaxe préfixée)
<Graphe>.EtiquetteCatégorie	1000024072	gestion des graphes (syntaxe préfixée)
<Graphe>.EtiquetteSérie	1000024073	gestion des graphes (syntaxe préfixée)
<Graphe>.Existe	1000024074	gestion des graphes (syntaxe préfixée)
<Graphe>.Graduation	1000024076	gestion des graphes (syntaxe préfixée)
<Graphe>.HistoAgrégation	1000024077	gestion des graphes (syntaxe préfixée)
<Graphe>.HistoEspacement	1000024078	gestion des graphes (syntaxe préfixée)
<Graphe>.HMAjouteDonnée	1000024079	gestion des graphes (syntaxe préfixée)
<Graphe>.HMCouleur	1000024080	gestion des graphes (syntaxe préfixée)
<Graphe>.HMLibelléX	1000024081	gestion des graphes (syntaxe préfixée)
<Graphe>.HMLibelléY	1000024082	gestion des graphes (syntaxe préfixée)
<Graphe>.HMRécupèreDonnée	1000024083	gestion des graphes (syntaxe préfixée)
<Graphe>.HMSupprimeCouleur	1000024084	gestion des graphes (syntaxe préfixée)
<Graphe>.Imprime	1000024085	gestion des graphes (syntaxe préfixée)
<Graphe>.IncrémenteDonnée	1000024086	gestion des graphes (syntaxe préfixée)
<Graphe>.InfoPoint	1000024087	gestion des graphes (syntaxe préfixée)
<Graphe>.InfoXY	1000024088	gestion des graphes (syntaxe préfixée)
<Graphe>.Légende	1000024089	gestion des graphes (syntaxe préfixée)
<Graphe>.Libellé	1000024165	gestion des graphes (syntaxe préfixée)
<Graphe>.Lissage	1000024090	gestion des graphes (syntaxe préfixée)
<Graphe>.MAJAutomatiqueEtiquetteCatégorie	1000024091	gestion des graphes (syntaxe préfixée)
<Graphe>.MAJAutomatiqueSérie	1000024092	gestion des graphes (syntaxe préfixée)
<Graphe>.Masque	1000024093	gestion des graphes (syntaxe préfixée)
<Graphe>.Menu	1000024094	gestion des menus (syntaxe préfixée)
<Graphe>.NiveauTemporelMasque	1000024095	gestion des graphes (syntaxe préfixée)
<Graphe>.NiveauTemporelMax	1000024096	gestion des graphes (syntaxe préfixée)
<Graphe>.Nuage3DAjouteDonnée	1000024097	gestion des graphes (syntaxe préfixée)
<Graphe>.Nuage3DCouleurAltitude	1000024098	gestion des graphes (syntaxe préfixée)
<Graphe>.Nuage3DLibelléGraduation	1000024099	gestion des graphes (syntaxe préfixée)
<Graphe>.Nuage3DProjection	1000024100	gestion des graphes (syntaxe préfixée)
<Graphe>.Nuage3DQuadrillage	1000024101	gestion des graphes (syntaxe préfixée)
<Graphe>.Nuage3DReliePoint	1000024102	gestion des graphes (syntaxe préfixée)
<Graphe>.Nuage3DSupprimeCouleurAltitude	1000024103	gestion des graphes (syntaxe préfixée)
<Graphe>.Nuage3DSupprimeLibelléGraduation	1000024104	gestion des graphes (syntaxe préfixée)
<Graphe>.NuageAjouteDonnéeXY	1000024105	gestion des graphes (syntaxe préfixée)
<Graphe>.NuageCouleurSérie	1000024106	gestion des graphes (syntaxe préfixée)
<Graphe>.NuageEtiquetteSérie	1000024107	gestion des graphes (syntaxe préfixée)
<Graphe>.NuageRécupèreDonnéeXY	1000024108	gestion des graphes (syntaxe préfixée)
<Graphe>.NuageReliePoint	1000024109	gestion des graphes (syntaxe préfixée)
<Graphe>.NuageTaillePoint	1000024110	gestion des graphes (syntaxe préfixée)
<Graphe>.OpacitéSérie	1000024111	gestion des graphes (syntaxe préfixée)
<Graphe>.OptionMenu	1000024112	gestion des graphes (syntaxe préfixée)
<Graphe>.Orientation	1000024113	gestion des graphes (syntaxe préfixée)
<Graphe>.Origine	1000024114	gestion des graphes (syntaxe préfixée)
<Graphe>.Paramètre3DS	1000024116	gestion des graphes (syntaxe préfixée)
<Graphe>.Paramètre	1000024115	gestion des graphes (syntaxe préfixée)
<Graphe>.PoliceEtiquette	1000024117	gestion des graphes (syntaxe préfixée)
<Graphe>.PoliceLégende	1000024118	gestion des graphes (syntaxe préfixée)
<Graphe>.PoliceTitre	1000024119	gestion des graphes (syntaxe préfixée)
<Graphe>.PoliceTitreAxe	1000024120	gestion des graphes (syntaxe préfixée)
<Graphe>.Quadrillage	1000024121	gestion des graphes (syntaxe préfixée)
<Graphe>.RécupèreDonnée	1000024122	gestion des graphes (syntaxe préfixée)
<Graphe>.Relief	1000024123	gestion des graphes (syntaxe préfixée)
<Graphe>.Rotation	1000024124	gestion des graphes (syntaxe préfixée)
<Graphe>.SauveBMP	1000024125	gestion des graphes (syntaxe préfixée)
<Graphe>.SauveEMF	1000024126	gestion des graphes (syntaxe préfixée)
<Graphe>.SauveParamètre	1000024127	gestion des graphes (syntaxe préfixée)
<Graphe>.SauveWMF	1000024128	gestion des graphes (syntaxe préfixée)
<Graphe>.SecteurAngleDépart	1000024129	gestion des graphes (syntaxe préfixée)
<Graphe>.SecteurPartExcentrée	1000024130	gestion des graphes (syntaxe préfixée)
<Graphe>.SérieAxeSecondaire	1000024131	gestion des graphes (syntaxe préfixée)
<Graphe>.SMNAjouteDonnée	1000024132	gestion des graphes (syntaxe préfixée)
<Graphe>.SMNAngleDépart	1000024133	gestion des graphes (syntaxe préfixée)
<Graphe>.SMNCouleurPortion	1000024134	gestion des graphes (syntaxe préfixée)
<Graphe>.SMNPartExcentrée	1000024135	gestion des graphes (syntaxe préfixée)
<Graphe>.SMNPortionRacine	1000024136	gestion des graphes (syntaxe préfixée)
<Graphe>.SMNRécupèreDonnée	1000024137	gestion des graphes (syntaxe préfixée)
<Graphe>.SourceEtiquetteCatégorie	1000024138	gestion des graphes (syntaxe préfixée)
<Graphe>.SourceSérie	1000024139	gestion des graphes (syntaxe préfixée)
<Graphe>.SuperposeGraphe	1000024140	gestion des graphes (syntaxe préfixée)
<Graphe>.SupprimeSérie	1000024141	gestion des graphes (syntaxe préfixée)
<Graphe>.SupprimeTout	1000024170	gestion des graphes (syntaxe préfixée)
<Graphe>.SurfaceAjouteDonnée	1000024143	gestion des graphes (syntaxe préfixée)
<Graphe>.SurfaceCouleurAltitude	1000024144	gestion des graphes (syntaxe préfixée)
<Graphe>.SurfaceLibelléGraduation	1000024145	gestion des graphes (syntaxe préfixée)
<Graphe>.SurfaceMaillage	1000024146	gestion des graphes (syntaxe préfixée)
<Graphe>.SurfaceQuadrillage	1000024147	gestion des graphes (syntaxe préfixée)
<Graphe>.SurfaceRécupèreDonnée	1000024148	gestion des graphes (syntaxe préfixée)
<Graphe>.SurfaceSupprimeCouleurAltitude	1000024149	gestion des graphes (syntaxe préfixée)
<Graphe>.SurfaceSupprimeLibelléGraduation	1000024150	gestion des graphes (syntaxe préfixée)
<Graphe>.TaillePoint	1000024152	gestion des graphes (syntaxe préfixée)
<Graphe>.TempsRéelIntervalle	1000024167	gestion des graphes (syntaxe préfixée)
<Graphe>.Titre	1000024166	gestion des graphes (syntaxe préfixée)
<Graphe>.TitreAxe	1000024153	gestion des graphes (syntaxe préfixée)
<Graphe>.Type	1000024168	gestion des graphes (syntaxe préfixée)
<Graphe>.TypePoint	1000024154	gestion des graphes (syntaxe préfixée)
<Graphe>.TypePointSérie	1000024155	gestion des graphes (syntaxe préfixée)
<Graphe>.TypeSérie	1000024156	gestion des graphes (syntaxe préfixée)
<Graphe>.TypeTraitSérie	1000024157	gestion des graphes (syntaxe préfixée)
<Graphe>.WaterfallCouleur	1000024158	gestion des graphes (syntaxe préfixée)
<Graphe>.WaterfallTypeCatégorie	1000024159	gestion des graphes (syntaxe préfixée)
<Graphe>.Zoom	1000024169	gestion des graphes (syntaxe préfixée)
<Html>.Navigue	1000023633	gestion des champs d'affichage HTML (syntaxe préfixée)
<Image>.ArrêteDéfilement	1000023746	gestion des images (syntaxe préfixée)
<Image>.CalqueVisible	1000023747	gestion des images (syntaxe préfixée)
<Image>.ChangeMode	1000023997	dessin et de traitement des images (syntaxe préfixée)
<Image>.Copie	1000024324	dessin et de traitement des images (syntaxe préfixée)
<Image>.CouleurDominanteImage	1000024325	dessin et de traitement des images (syntaxe préfixée)
<Image>.DébutDessin	1000024326	dessin et de traitement des images (syntaxe préfixée)
<Image>.Dernier	1000023748	gestion des images (syntaxe préfixée)
<Image>.DessineArc	1000023982	dessin et de traitement des images (syntaxe préfixée)
<Image>.DessineCadre	1000023987	dessin et de traitement des images (syntaxe préfixée)
<Image>.DessineCercle	1000023988	dessin et de traitement des images (syntaxe préfixée)
<Image>.DessineCorde	1000023998	dessin et de traitement des images (syntaxe préfixée)
<Image>.DessineLigne	1000024000	dessin et de traitement des images (syntaxe préfixée)
<Image>.DessinePoint	1000024006	dessin et de traitement des images (syntaxe préfixée)
<Image>.DessinePolygone	1000024008	dessin et de traitement des images (syntaxe préfixée)
<Image>.DessinePolyligne	1000024010	dessin et de traitement des images (syntaxe préfixée)
<Image>.DessinePortion	1000024011	dessin et de traitement des images (syntaxe préfixée)
<Image>.DessineRectangle	1000024012	dessin et de traitement des images (syntaxe préfixée)
<Image>.DessineRectangleArrondi	1000024013	dessin et de traitement des images (syntaxe préfixée)
<Image>.DessineRectangleDégradé	1000024014	dessin et de traitement des images (syntaxe préfixée)
<Image>.DessineTexte	1000024017	dessin et de traitement des images (syntaxe préfixée)
<Image>.DessineTexteRTF	1000024018	dessin et de traitement des images (syntaxe préfixée)
<Image>.FinDessin	1000024327	dessin et de traitement des images (syntaxe préfixée)
<Image>.Fond	1000023999	dessin et de traitement des images (syntaxe préfixée)
<Image>.Fusionne	1000024328	dessin et de traitement des images (syntaxe préfixée)
<Image>.InverseCouleur	1000024329	dessin et de traitement des images (syntaxe préfixée)
<Image>.LanceDéfilement	1000023749	gestion des images (syntaxe préfixée)
<Image>.ModifieLuminosité	1000024330	dessin et de traitement des images (syntaxe préfixée)
<Image>.ModifieSaturation	1000024332	dessin et de traitement des images (syntaxe préfixée)
<Image>.ModifieTeinte	1000024333	dessin et de traitement des images (syntaxe préfixée)
<Image>.ModifieTSL	1000024334	dessin et de traitement des images (syntaxe préfixée)
<Image>.Occurrence	1000023750	gestion des images (syntaxe préfixée)
<Image>.PixelCouleur	1000024335	dessin et de traitement des images (syntaxe préfixée)
<Image>.PixelOpacité	1000024336	dessin et de traitement des images (syntaxe préfixée)
<Image>.Police	1000024007	dessin et de traitement des images (syntaxe préfixée)
<Image>.PositionDéfilement	1000023751	gestion des images (syntaxe préfixée)
<Image>.Précédent	1000023752	gestion des images (syntaxe préfixée)
<Image>.Premier	1000023753	gestion des images (syntaxe préfixée)
<Image>.Redimensionne	1000024337	dessin et de traitement des images (syntaxe préfixée)
<Image>.Remplissage	1000024015	dessin et de traitement des images (syntaxe préfixée)
<Image>.Rotation	1000024338	dessin et de traitement des images (syntaxe préfixée)
<Image>.SauveBMP	1000024341	dessin et de traitement des images (syntaxe préfixée)
<Image>.SauveGIF	1000024342	dessin et de traitement des images (syntaxe préfixée)
<Image>.SauveJPEG	1000024344	dessin et de traitement des images (syntaxe préfixée)
<Image>.SauvePNG	1000024345	dessin et de traitement des images (syntaxe préfixée)
<Image>.Stylo	1000024016	dessin et de traitement des images (syntaxe préfixée)
<Image>.Suivant	1000023754	gestion des images (syntaxe préfixée)
<Image>.SymétrieHorizontale	1000024339	dessin et de traitement des images (syntaxe préfixée)
<Image>.SymétrieVerticale	1000024340	dessin et de traitement des images (syntaxe préfixée)
<Interrupteur>.Ajoute	1000021291	gestion des champs Interrupteur (syntaxe préfixée)
<Interrupteur>.Insère	1000021307	gestion des champs Interrupteur (syntaxe préfixée)
<Interrupteur>.Occurrence	1000021308	gestion des champs Interrupteur (syntaxe préfixée)
<Interrupteur>.Supprime	1000021309	gestion des champs Interrupteur (syntaxe préfixée)
<Lecteur PDF>.Ferme	1000023695	gestion du champ Lecteur PDF (syntaxe préfixée)
<Lecteur PDF>.Ouvre	1000023776	gestion du champ Lecteur PDF (syntaxe préfixée)
<Lecteur PDF>.RecherchePrécédent	1000023777	gestion du champ Lecteur PDF (syntaxe préfixée)
<Lecteur PDF>.RecherchePremier	1000023778	gestion du champ Lecteur PDF (syntaxe préfixée)
<Lecteur PDF>.RechercheSuivant	1000023779	gestion du champ Lecteur PDF (syntaxe préfixée)
<Lecteur PDF>.TournePage	1000024412	gestion du champ Lecteur PDF (syntaxe préfixée)
<LecteurPDF>.Surligne	1000023545	gestion du champ Lecteur PDF (syntaxe objet)
<Liste>.Affiche	1000017318	gestion des champs Liste, Liste image et Combo (syntaxe préfixée)
<Liste>.Ajoute	1000017319	gestion des champs Liste, Liste image et Combo (syntaxe préfixée)
<Liste>.Cherche	1000017320	gestion des champs Liste, Liste image et Combo (syntaxe préfixée)
<Liste>.DéplaceLigne	1000017322	gestion des champs Liste, Liste image et Combo (syntaxe préfixée)
<Liste>.InfoXY	1000017323	gestion des champs Liste, Liste image et Combo (syntaxe préfixée)
<Liste>.Insère	1000017326	gestion des champs Liste, Liste image et Combo (syntaxe préfixée)
<Liste>.Modifie	1000017327	gestion des champs Liste, Liste image et Combo (syntaxe préfixée)
<Liste>.Occurrence	1000017334	gestion des champs Liste, Liste image et Combo (syntaxe préfixée)
<Liste>.Position	1000017335	gestion des champs Liste, Liste image et Combo (syntaxe préfixée)
<Liste>.Select	1000017336	gestion des champs Liste, Liste image et Combo (syntaxe préfixée)
<Liste>.SelectMoins	1000017393	gestion des champs Liste, Liste image et Combo (syntaxe préfixée)
<Liste>.SelectOccurrence	1000017394	gestion des champs Liste, Liste image et Combo (syntaxe préfixée)
<Liste>.SelectPlus	1000017414	gestion des champs Liste, Liste image et Combo (syntaxe préfixée)
<Liste>.Supprime	1000017415	gestion des champs Liste, Liste image et Combo (syntaxe préfixée)
<Liste>.SupprimeTout	1000017416	gestion des champs Liste, Liste image et Combo (syntaxe préfixée)
<Liste>.Trie	1000017417	gestion des champs Liste, Liste image et Combo (syntaxe préfixée)
<Menu>.Ajoute	1000020591	gestion des menus (syntaxe préfixée)
<Menu>.AjouteMenu	1000020592	gestion des menus (syntaxe préfixée)
<Menu>.AjouteOption	1000020593	gestion des menus (syntaxe préfixée)
<Menu>.AjouteOptionURL	1000020594	gestion des menus (syntaxe préfixée)
<Menu>.AjoutePopup	1000020602	gestion des menus (syntaxe préfixée)
<Menu>.AjouteSéparateur	1000020603	gestion des menus (syntaxe préfixée)
<Menu>.Clone	1000020604	gestion des menus (syntaxe préfixée)
<Menu>.Existe	1000020605	gestion des menus (syntaxe préfixée)
<Menu>.InsèreMenu	1000020606	gestion des menus (syntaxe préfixée)
<Menu>.InsèreOption	1000020609	gestion des menus (syntaxe préfixée)
<Menu>.InsèreSéparateur	1000020610	gestion des menus (syntaxe préfixée)
<Menu>.Supprime	1000020614	gestion des menus (syntaxe préfixée)
<Multimédia>.Arrêt	1000019987	multimédia (syntaxe préfixée)
<Multimédia>.Début	1000019988	multimédia (syntaxe préfixée)
<Multimédia>.Durée	1000019989	multimédia (syntaxe préfixée)
<Multimédia>.Etat	1000019990	multimédia (syntaxe préfixée)
<Multimédia>.Fin	1000019991	multimédia (syntaxe préfixée)
<Multimédia>.Hauteur	1000019999	multimédia (syntaxe préfixée)
<Multimédia>.Joue	1000020089	multimédia (syntaxe préfixée)
<Multimédia>.Largeur	1000020093	multimédia (syntaxe préfixée)
<Multimédia>.Pause	1000020094	multimédia (syntaxe préfixée)
<Multimédia>.Position	1000020095	multimédia (syntaxe préfixée)
<Multimédia>.Volume	1000020096	multimédia (syntaxe préfixée)
<Onglet>.ChargeConfiguration	1000021699	gestion des champs Onglet (syntaxe préfixée)
<Onglet>.Etat	1000021700	gestion des champs Onglet (syntaxe préfixée)
<Onglet>.Ferme	1000021702	gestion des champs Onglet (syntaxe préfixée)
<Onglet>.FermeTout	1000021703	gestion des champs Onglet (syntaxe préfixée)
<Onglet>.Ouvre	1000021704	gestion des champs Onglet (syntaxe préfixée)
<Onglet>.SauveConfiguration	1000021708	gestion des champs Onglet (syntaxe préfixée)
<Organigramme>.Affiche	1000019974	gestion des champs Organigramme (syntaxe préfixée)
<Organigramme>.Ajoute	1000019975	gestion des champs Organigramme (syntaxe préfixée)
<Organigramme>.AjouteFils	1000019976	gestion des champs Organigramme (syntaxe préfixée)
<Organigramme>.CopieImage	1000023708	
<Organigramme>.InfoXY	1000019977	gestion des champs Organigramme (syntaxe préfixée)
<Organigramme>.Modifie	1000019978	gestion des champs Organigramme (syntaxe préfixée)
<Organigramme>.Occurrence	1000019979	gestion des champs Organigramme (syntaxe préfixée)
<Organigramme>.SauveImage	1000019980	gestion des champs Organigramme (syntaxe préfixée)
<Organigramme>.Select	1000019981	gestion des champs Organigramme (syntaxe préfixée)
<Organigramme>.SelectMoins	1000019982	gestion des champs Organigramme (syntaxe préfixée)
<Organigramme>.SelectPlus	1000019983	gestion des champs Organigramme (syntaxe préfixée)
<Organigramme>.Supprime	1000019984	gestion des champs Organigramme (syntaxe préfixée)
<Organigramme>.SupprimeTout	1000019985	gestion des champs Organigramme (syntaxe préfixée)
<Page>.Actualise	1000021659	gestion des pages (syntaxe préfixée)
<Page>.Adresse	1000021660	gestion des pages (syntaxe préfixée)
<Page>.Affiche	1000021661	gestion des pages (syntaxe préfixée)
<Page>.AfficheDialogue	1000021663	gestion des pages (syntaxe préfixée)
<Page>.DepuisFichier	1000021389	liaison (syntaxe préfixée)
<Page>.DepuisSource	1000021393	liaison (syntaxe préfixée)
<Page>.Existe	1000021658	gestion des pages (syntaxe préfixée)
<Page>.Utilise	1000021664	gestion des pages (syntaxe préfixée)
<Page>.VersFichier	1000021390	liaison (syntaxe préfixée)
<Page>.VersSource	1000021392	liaison (syntaxe préfixée)
<Planning>.Affiche	1000022900	gestion des champs Planning (syntaxe préfixée)
<Planning>.AffichePériodePrécédente	1000022901	gestion des champs Planning (syntaxe préfixée)
<Planning>.AffichePériodeSuivante	1000022902	gestion des champs Planning (syntaxe préfixée)
<Planning>.AjouteRendezVous	1000022904	gestion des champs Planning (syntaxe préfixée)
<Planning>.AjouteRessource	1000022905	gestion des champs Planning (syntaxe préfixée)
<Planning>.ChangeMode	1000022906	gestion des champs Planning (syntaxe préfixée)
<Planning>.DateVisible	1000022918	gestion des champs Planning (syntaxe préfixée)
<Planning>.HeureAffichée	1000022907	gestion des champs Planning (syntaxe préfixée)
<Planning>.InfoXY	1000022908	gestion des champs Planning (syntaxe préfixée)
<Planning>.ListeRendezVous	1000022909	gestion des champs Planning (syntaxe préfixée)
<Planning>.PositionDateHeure	1000022920	gestion des champs Planning (syntaxe préfixée)
<Planning>.PositionRessource	1000022921	gestion des champs Planning (syntaxe préfixée)
<Planning>.SelectMoins	1000022910	gestion des champs Planning (syntaxe préfixée)
<Planning>.SelectPlus	1000022911	gestion des champs Planning (syntaxe préfixée)
<Planning>.SupprimeRendezVous	1000022912	gestion des champs Planning (syntaxe préfixée)
<Planning>.SupprimeRessource	1000022913	gestion des champs Planning (syntaxe préfixée)
<Planning>.SupprimeTout	1000022914	gestion des champs Planning (syntaxe préfixée)
<Popup>.Affiche	1000021654	gestion des pages (syntaxe préfixée)
<Popup>.Anime	1000021655	gestion des pages (syntaxe préfixée)
<Popup>.Ferme	1000021656	gestion des pages (syntaxe préfixée)
<Saisie>.AjouteJeton	1000024043	gestion des jetons (syntaxe préfixée)
<Saisie>.AjouteSaisieAssistée	1000023671	gestion de la saisie assistée (syntaxe préfixée)
<Saisie>.CalendrierOuvre	1000017423	Calendrier (syntaxe préfixée)
<Saisie>.FermeSaisieAssistée	1000023946	gestion de la saisie assistée (syntaxe préfixée)
<Saisie>.InsèreJeton	1000024044	gestion des jetons (syntaxe préfixée)
<Saisie>.OccurrenceJeton	1000024045	gestion des jetons (syntaxe préfixée)
<Saisie>.OuvreSaisieAssistée	1000024063	gestion de la saisie assistée (syntaxe préfixée)
<Saisie>.ParamètreSaisieAssistée	1000024064	gestion de la saisie assistée (syntaxe préfixée)
<Saisie>.SupprimeJeton	1000024046	gestion des jetons (syntaxe préfixée)
<Saisie>.SupprimeToutJeton	1000024047	gestion des jetons (syntaxe préfixée)
<Saisie>.SupprimeToutSaisieAssistée	1000024065	gestion de la saisie assistée (syntaxe préfixée)
<Sélecteur>.Ajoute	1000021186	gestion des champs Sélecteur (syntaxe préfixée)
<Sélecteur>.Insère	1000021187	gestion des champs Sélecteur (syntaxe préfixée)
<Sélecteur>.Occurrence	1000021188	gestion des champs Sélecteur (syntaxe préfixée)
<Sélecteur>.Supprime	1000021189	gestion des champs Sélecteur (syntaxe préfixée)
<Table>.Affiche	1000023505	gestion des champs Table (syntaxe préfixée)
<Table>.Ajoute	1000023600	gestion des champs Table (syntaxe préfixée)
<Table>.AjouteColonne	1000023607	gestion des champs Table (syntaxe préfixée)
<Table>.AjouteLigne	1000023404	gestion des champs Table (syntaxe préfixée)
<Table>.AjouteLigneAvecAnimation	1000023678	gestion des champs Table (syntaxe préfixée)
<Table>.AjoutEnCours	1000023838	gestion des champs Table (syntaxe préfixée)
<Table>.AjouteSurEntête	1000023839	gestion des champs Table (syntaxe préfixée)
<Table>.Ajuste	1000023840	gestion des champs Table (syntaxe préfixée)
<Table>.CelluleSelect	1000023841	gestion des champs Table (syntaxe préfixée)
<Table>.CelluleSelectOccurrence	1000023842	gestion des champs Table (syntaxe préfixée)
<Table>.ColonnesFiltrées	1000024053	gestion des champs Table (syntaxe préfixée)
<Table>.ColonnesTriées	1000024054	gestion des champs Table (syntaxe préfixée)
<Table>.DébutRemplissage	1000024055	gestion des champs Table (syntaxe préfixée)
<Table>.DéplaceColonne	1000024244	gestion des champs Table (syntaxe préfixée)
<Table>.DéplaceLigne	1000024245	gestion des champs Table (syntaxe préfixée)
<Table>.Déroule	1000021929	gestion des champs Table hiérarchique (syntaxe préfixée)
<Table>.DérouleTout	1000021834	gestion des champs Table hiérarchique (syntaxe préfixée)
<Table>.DésactiveFiltre	1000024246	gestion des champs Table (syntaxe préfixée)
<Table>.DonneFocus	1000024247	gestion des champs Table (syntaxe préfixée)
<Table>.EchangeLigne	1000024248	gestion des champs Table (syntaxe préfixée)
<Table>.Enregistre	1000024249	gestion des champs Table (syntaxe préfixée)
<Table>.Enroule	1000021931	gestion des champs Table hiérarchique (syntaxe préfixée)
<Table>.EnrouleDéroule	1000024802	gestion des champs Table (syntaxe préfixée)
<Table>.EnrouleTout	1000021847	gestion des champs Table hiérarchique (syntaxe préfixée)
<Table>.EnumèreColonne	1000024250	gestion des champs Table (syntaxe préfixée)
<Table>.EnumèreRupture	1000024251	gestion des champs Table (syntaxe préfixée)
<Table>.Fin	1000024294	gestion des champs Table (syntaxe préfixée)
<Table>.FinRemplissage	1000024252	gestion des champs Table (syntaxe préfixée)
<Table>.FixeColonne	1000024253	gestion des champs Table (syntaxe préfixée)
<Table>.FormuleAjoute	1000024254	gestion des champs Table (syntaxe préfixée)
<Table>.FormuleSupprimeTout	1000024255	gestion des champs Table (syntaxe préfixée)
<Table>.Imprime	1000024256	gestion des champs Table (syntaxe préfixée)
<Table>.IndiceColonne	1000024257	gestion des champs Table (syntaxe préfixée)
<Table>.IndiceRupture	1000024258	gestion des champs Table (syntaxe objet)
<Table>.InfoXY	1000024259	gestion des champs Table (syntaxe préfixée)
<Table>.Insère	1000024260	gestion des champs Table (syntaxe préfixée)
<Table>.InsèreColonne	1000024261	gestion des champs Table (syntaxe préfixée)
<Table>.InsèreLigne	1000023407	gestion des champs Table (syntaxe préfixée)
<Table>.InsèreLigneAvecAnimation	1000024272	gestion des champs Table (syntaxe préfixée)
<Table>.Modifie	1000024273	gestion des champs Table (syntaxe préfixée)
<Table>.ModifieColonne	1000024274	gestion des champs Table (syntaxe préfixée)
<Table>.ModifieLigne	1000024275	gestion des champs Table (syntaxe préfixée)
<Table>.NumEnr	1000024276	gestion des champs Table (syntaxe préfixée)
<Table>.Occurrence	1000024277	gestion des champs Table (syntaxe préfixée)
<Table>.Position	1000024278	gestion des champs Table (syntaxe préfixée)
<Table>.RafraîchissementVisible	1000024279	gestion des champs Table (syntaxe préfixée)
<Table>.RestaurePositionEtSélection	1000024280	gestion des champs Table (syntaxe préfixée)
<Table>.SaisieEnCours	1000024281	gestion des champs Table (syntaxe préfixée)
<Table>.SaisieLoupe	1000024282	gestion des champs Table (syntaxe préfixée)
<Table>.SauvePositionEtSélection	1000024283	gestion des champs Table (syntaxe préfixée)
<Table>.Select	1000024284	gestion des champs Table (syntaxe préfixée)
<Table>.SelectMoins	1000024285	gestion des champs Table (syntaxe préfixée)
<Table>.SelectOccurrence	1000024286	gestion des champs Table (syntaxe préfixée)
<Table>.SelectPlus	1000024287	gestion des champs Table (syntaxe préfixée)
<Table>.SelectVersFichier	1000024288	gestion des champs Table (syntaxe préfixée)
<Table>.Supprime	1000024289	gestion des champs Table (syntaxe préfixée)
<Table>.SupprimeAvecAnimation	1000024290	gestion des champs Table (syntaxe préfixée)
<Table>.SupprimeSelect	1000024291	gestion des champs Table (syntaxe préfixée)
<Table>.SupprimeTout	1000024292	gestion des champs Table (syntaxe préfixée)
<Table>.Trie	1000024293	gestion des champs Table (syntaxe préfixée)
<Table hiérarchique>.AjouteFils	1000021891	gestion des champs Table hiérarchique (syntaxe préfixée)
<Table hiérarchique>.DéplaceBranche	1000021923	gestion des champs Table hiérarchique (syntaxe préfixée)
<Table hiérarchique>.EchangeBranche	1000021930	gestion des champs Table hiérarchique (syntaxe préfixée)
<Table hiérarchique>.EtatElément	1000021932	gestion des champs Table hiérarchique (syntaxe préfixée)
<Table hiérarchique>.FilsOccurrence	1000021933	gestion des champs Table hiérarchique (syntaxe préfixée)
<Table hiérarchique>.InsèreFils	1000021934	gestion des champs Table hiérarchique (syntaxe préfixée)
<Table hiérarchique>.ListeFils	1000021935	gestion des champs Table hiérarchique (syntaxe préfixée)
<Table hiérarchique>.RécupèreFils	1000021936	gestion des champs Table hiérarchique (syntaxe préfixée)
<Table hiérarchique>.RécupèreParent	1000021937	gestion des champs Table hiérarchique (syntaxe préfixée)
<Table hiérarchique>.SupprimeFils	1000021938	gestion des champs Table hiérarchique (syntaxe préfixée)
<Table hiérarchique>.TrieFils	1000021939	gestion des champs Table hiérarchique (syntaxe préfixée)
<Table hiérarchique>.TypeElément	1000021940	gestion des champs Table hiérarchique (syntaxe préfixée)
<Tableau de bord>.Affiche	1000022500	gestion des champs Tableau de bord (syntaxe préfixée)
<Tableau de bord>.AjouteWidget	1000022502	gestion des champs Tableau de bord (syntaxe préfixée)
<Tableau de bord>.ChangeTailleWidget	1000022504	gestion des champs Tableau de bord (syntaxe préfixée)
<Tableau de bord>.ChargeConfiguration	1000022506	gestion des champs Tableau de bord (syntaxe préfixée)
<Tableau de bord>.ConfigurationInitiale	1000022525	gestion des champs Tableau de bord (syntaxe préfixée)
<Tableau de bord>.DéplaceWidget	1000022527	gestion des champs Tableau de bord (syntaxe préfixée)
<Tableau de bord>.InfoXY	1000022529	gestion des champs Tableau de bord (syntaxe préfixée)
<Tableau de bord>.Mode	1000022532	gestion des champs Tableau de bord (syntaxe préfixée)
<Tableau de bord>.Occurrence	1000022538	gestion des champs Tableau de bord (syntaxe préfixée)
<Tableau de bord>.RécupèreWidgetPosition	1000022533	gestion des champs Tableau de bord (syntaxe préfixée)
<Tableau de bord>.SauveConfiguration	1000022534	gestion des champs Tableau de bord (syntaxe préfixée)
<Tableau de bord>.Supprime	1000022535	gestion des champs Tableau de bord (syntaxe préfixée)
<Tableau de bord>.SupprimeTout	1000022536	gestion des champs Tableau de bord (syntaxe préfixée)
<Tableau croisé dynamique>.AxeXY	1000022178	gestion des champs Tableau croisé dynamique (syntaxe préfixée)
<Tableau croisé dynamique>.CalculeMiseAJour	1000022179	gestion des champs Tableau croisé dynamique (syntaxe préfixée)
<Tableau croisé dynamique>.CalculeTout	1000022180	gestion des champs Tableau croisé dynamique (syntaxe préfixée)
<Tableau croisé dynamique>.Charge	1000022181	gestion des champs Tableau croisé dynamique (syntaxe préfixée)
<Tableau croisé dynamique>.Déroule	1000022182	gestion des champs Tableau croisé dynamique (syntaxe préfixée)
<Tableau croisé dynamique>.DérouleTout	1000022183	gestion des champs Tableau croisé dynamique (syntaxe préfixée)
<Tableau croisé dynamique>.Enroule	1000022184	gestion des champs Tableau croisé dynamique (syntaxe préfixée)
<Tableau croisé dynamique>.EnrouleTout	1000022185	gestion des champs Tableau croisé dynamique (syntaxe préfixée)
<Tableau croisé dynamique>.Filtre	1000022186	gestion des champs Tableau croisé dynamique (syntaxe préfixée)
<Tableau croisé dynamique>.InfoXY	1000022187	gestion des champs Tableau croisé dynamique (syntaxe préfixée)
<Tableau croisé dynamique>.ListePositionEntête	1000022188	gestion des champs Tableau croisé dynamique (syntaxe préfixée)
<Tableau croisé dynamique>.Sauve	1000022189	gestion des champs Tableau croisé dynamique (syntaxe préfixée)
<Tableau croisé dynamique>.Select	1000022190	gestion des champs Tableau croisé dynamique (syntaxe préfixée)
<Tableau croisé dynamique>.SelectOccurrence	1000022191	gestion des champs Tableau croisé dynamique (syntaxe préfixée)
<Tableau croisé dynamique>.ValeurEntête	1000022192	gestion des champs Tableau croisé dynamique (syntaxe préfixée)
<Tableau croisé dynamique>.VersExcel	1000022193	gestion des champs Tableau croisé dynamique (syntaxe préfixée)
<Tableur>.AjouteDonnée	1000023711	Tableur (syntaxe préfixée)
<Tableur>.AjouteFeuille	1000023712	Tableur (syntaxe préfixée)
<Tableur>.AjouteFormule	1000023713	Tableur (syntaxe préfixée)
<Tableur>.AjouteImage	1000023714	Tableur (syntaxe préfixée)
<Tableur>.AjouteNom	1000023715	Tableur (syntaxe préfixée)
<Tableur>.AutoriseProcédure	1000023716	Tableur (syntaxe préfixée)
<Tableur>.CadreSélection	1000023717	Tableur (syntaxe préfixée)
<Tableur>.ChampFormule	1000023718	Tableur (syntaxe préfixée)
<Tableur>.Charge	1000023719	Tableur (syntaxe préfixée)
<Tableur>.Cherche	1000023720	Tableur (syntaxe préfixée)
<Tableur>.DébutModification	1000023721	Tableur (syntaxe préfixée)
<Tableur>.Ferme	1000023722	Tableur (syntaxe préfixée)
<Tableur>.Fige	1000023723	Tableur (syntaxe préfixée)
<Tableur>.FinModification	1000023724	Tableur (syntaxe préfixée)
<Tableur>.InsèreColonne	1000023725	Tableur (syntaxe préfixée)
<Tableur>.InsèreFeuille	1000023726	Tableur (syntaxe préfixée)
<Tableur>.InsèreLigne	1000023727	Tableur (syntaxe préfixée)
<Tableur>.Position	1000023728	Tableur (syntaxe préfixée)
<Tableur>.RecalculeTout	1000023729	Tableur (syntaxe préfixée)
<Tableur>.RécupèreFormule	1000023730	Tableur (syntaxe préfixée)
<Tableur>.RécupèreFusion	1000023731	Tableur (syntaxe préfixée)
<Tableur>.RécupèreSélection	1000023732	Tableur (syntaxe préfixée)
<Tableur>.Remplace	1000023898	Tableur (syntaxe préfixée)
<Tableur>.RestaurePositionEtSélection	1000023733	Tableur (syntaxe préfixée)
<Tableur>.Sauve	1000023734	Tableur (syntaxe préfixée)
<Tableur>.SauvePositionEtSélection	1000023735	Tableur (syntaxe préfixée)
<Tableur>.SelectFeuille	1000023736	Tableur (syntaxe préfixée)
<Tableur>.SelectMoins	1000023737	Tableur (syntaxe préfixée)
<Tableur>.SelectPlus	1000023738	Tableur (syntaxe préfixée)
<Tableur>.StyleSélection	1000023739	Tableur (syntaxe préfixée)
<Tableur>.SupprimeColonne	1000023740	Tableur (syntaxe préfixée)
<Tableur>.SupprimeFeuille	1000023741	Tableur (syntaxe préfixée)
<Tableur>.SupprimeLigne	1000023742	Tableur (syntaxe préfixée)
<Tableur>.SupprimeTout	1000023743	Tableur (syntaxe préfixée)
<Tableur>.TrieSélection	1000023744	Tableur (syntaxe préfixée)
<Tableur>.TypeEtMasqueSélection	1000023745	Tableur (syntaxe préfixée)
<TimeLine>.Affiche	1000020775	gestion des champs TimeLine (syntaxe préfixée)
<TimeLine>.AjouteEvénement	1000020776	gestion des champs TimeLine (syntaxe préfixée)
<TimeLine>.AjoutePiste	1000020777	gestion des champs TimeLine (syntaxe préfixée)
<TimeLine>.ChangeMode	1000020778	gestion des champs TimeLine (syntaxe préfixée)
<TimeLine>.ListeEvénement	1000020779	gestion des champs TimeLine (syntaxe préfixée)
<TimeLine>.SupprimeEvénement	1000020780	gestion des champs TimeLine (syntaxe préfixée)
<TimeLine>.SupprimePiste	1000020781	gestion des champs TimeLine (syntaxe préfixée)
<TimeLine>.SupprimeTout	1000020782	gestion des champs TimeLine (syntaxe préfixée)
<Traitement de texte>.Ajoute	1000024032	gestion du champ Traitement de texte (syntaxe préfixée)
<Traitement de texte>.DébutModification	1000023405	gestion du champ Traitement de texte (syntaxe préfixée)
<Traitement de texte>.EntreEdition	1000024263	gestion du champ Traitement de texte (syntaxe préfixée)
<Traitement de texte>.Ferme	1000024264	gestion du champ Traitement de texte (syntaxe préfixée)
<Traitement de texte>.FinModification	1000024265	gestion du champ Traitement de texte (syntaxe préfixée)
<Traitement de texte>.Imprime	1000024266	gestion du champ Traitement de texte (syntaxe préfixée)
<Traitement de texte>.Insère	1000024267	gestion du champ Traitement de texte (syntaxe préfixée)
<Traitement de texte>.InsèreTableau	1000024268	gestion du champ Traitement de texte (syntaxe préfixée)
<Traitement de texte>.Ouvre	1000024269	gestion du champ Traitement de texte (syntaxe préfixée)
<Traitement de texte>.Positionne	1000024270	gestion du champ Traitement de texte (syntaxe préfixée)
<Traitement de texte>.Recherche	1000024271	gestion du champ Traitement de texte (syntaxe préfixée)
<Traitement de texte>.Redo	1000024390	gestion du champ Traitement de texte (syntaxe préfixée)
<Traitement de texte>.RedoOccurrence	1000024391	gestion du champ Traitement de texte (syntaxe préfixée)
<Traitement de texte>.Remplace	1000024392	gestion du champ Traitement de texte (syntaxe préfixée)
<Traitement de texte>.Sauve	1000024393	gestion du champ Traitement de texte (syntaxe préfixée)
<Traitement de texte>.Sélectionne	1000024394	gestion du champ Traitement de texte (syntaxe préfixée)
<Traitement de texte>.SortEdition	1000024395	gestion du champ Traitement de texte (syntaxe préfixée)
<Traitement de texte>.Undo	1000024397	gestion du champ Traitement de texte (syntaxe préfixée)
<Traitement de texte>.UndoOccurrence	1000024398	gestion du champ Traitement de texte (syntaxe préfixée)
<Traitement de texte>.UndoRedoSupprimeTout	1000024399	gestion du champ Traitement de texte (syntaxe préfixée)
<Traitement de texte>.VersHTML	1000024400	gestion du champ Traitement de texte (syntaxe préfixée)
<Traitement de texte>.VersImage	1000024401	gestion du champ Traitement de texte (syntaxe préfixée)
<Traitement de texte>.VersPDF	1000024402	gestion du champ Traitement de texte (syntaxe préfixée)
<Traitement de texte>.VersTexte	1000024403	gestion du champ Traitement de texte (syntaxe préfixée)
<TreeMap>.Ajoute	1000019740	gestion des champs TreeMap (syntaxe préfixée)
<TreeMap>.Cherche	1000019742	gestion des champs TreeMap (syntaxe préfixée)
<TreeMap>.InfoXY	1000019743	gestion des champs TreeMap (syntaxe préfixée)
<TreeMap>.Occurrence	1000019752	gestion des champs TreeMap (syntaxe préfixée)
<TreeMap>.SelectGroupe	1000019793	gestion des champs TreeMap (syntaxe préfixée)
<TreeMap>.Supprime	1000019799	gestion des champs TreeMap (syntaxe préfixée)
<TreeMap>.SupprimeTout	1000019800	gestion des champs TreeMap (syntaxe préfixée)
<Type Date>.VersChaîne	1000023952	gestion des Dates et des Heures (syntaxe préfixée)
<Type Date>.VersEntier	1000024029	gestion des Dates et des Heures (syntaxe préfixée)
<Type Date>.VersJour	1000024030	gestion des Dates et des Heures (syntaxe préfixée)
<Type Date>.VersJourEnLettre	1000024031	gestion des Dates et des Heures (syntaxe préfixée)
<Type Date>.VersMoisEnLettre	1000024051	gestion des Dates et des Heures (syntaxe préfixée)
<Type Date>.VersNuméroDeSemaine	1000024160	gestion des Dates et des Heures (syntaxe préfixée)
<Type DateHeure>.VersEpoch	1000024161	gestion des Dates et des Heures (syntaxe préfixée)
<Type DateHeure>.VersRéel	1000024190	gestion des Dates et des Heures (syntaxe préfixée)
<Type Durée>.VersChaîne	1000023947	gestion des Dates et des Heures (syntaxe préfixée)
<Upload>.CopieFichier	1000019046	Upload (syntaxe préfixée)
<Upload>.FichierEnCours	1000019047	Upload (syntaxe préfixée)
<Upload>.Lance	1000019063	Upload (syntaxe préfixée)
<Upload>.NomFichier	1000019064	Upload (syntaxe préfixée)
<Upload>.Supprime	1000019065	Upload (syntaxe préfixée)
<Upload>.SupprimeTout	1000019069	Upload (syntaxe préfixée)
<Upload>.Taille	1000019070	Upload (syntaxe préfixée)
<Upload>.TailleEnvoyée	1000019071	Upload (syntaxe préfixée)
<Upload>.TailleEnvoyéeFichierEnCours	1000019074	Upload (syntaxe préfixée)
<Upload>.TailleFichier	1000019075	Upload (syntaxe préfixée)
<Upload>.TailleFichierEnCours	1000019076	Upload (syntaxe préfixée)
<Variable>.Ajoute	1000024295	gestion des tableaux (syntaxe objet)
<Variable>.Insère	1000024296	gestion des tableaux (syntaxe objet)
<Variable>.Supprime	1000024297	gestion des tableaux (syntaxe objet)
<Variable>.SupprimeTout	1000024298	gestion des tableaux (syntaxe objet)
<Variable AuthToken>.OpenIDLitIdentité	1000023629	gestion des protocoles OAuth et OpenID (syntaxe préfixée)
<Variable btleCaractéristique>.ChangementValeur	1000022171	BTLE (syntaxe préfixée)
<Variable btleCaractéristique>.EcritValeur	1000022172	BTLE (syntaxe préfixée)
<Variable btleCaractéristique>.LitValeur	1000022173	BTLE (syntaxe préfixée)
<Variable btleCaractéristique>.RécupèreUnDescripteur	1000022218	BTLE (syntaxe préfixée)
<Variable btleDescripteur>.EcritValeur	1000022199	BTLE (syntaxe préfixée)
<Variable btleDescripteur>.LitValeur	1000022200	BTLE (syntaxe préfixée)
<Variable btlePériphérique>.Connecte	1000022195	BTLE (syntaxe préfixée)
<Variable btlePériphérique>.Déconnecte	1000022196	BTLE (syntaxe préfixée)
<Variable btlePériphérique>.RécupèreTousServices	1000022216	BTLE (syntaxe préfixée)
<Variable btlePériphérique>.RécupèreUnService	1000022222	BTLE (syntaxe préfixée)
<Variable btleService>.RécupèreToutesCaractéristiques	1000022217	BTLE (syntaxe préfixée)
<Variable btleService>.RécupèreUneCaractéristique	1000022221	BTLE (syntaxe préfixée)
<Variable Certificat>.OuvrePropriétés	1000024378	gestion des certificats (syntaxe préfixée)
<Variable Connexion>.ActiveTriggerServeur	1000022637	gestion de HFSQL Client/Serveur (syntaxe préfixée)
<Variable Connexion>.AjouteGroupe	1000022638	gestion de HFSQL Client/Serveur (syntaxe préfixée)
<Variable Connexion>.AjouteLiaison	1000022639	gestion de HFSQL Client/Serveur (syntaxe préfixée)
<Variable Connexion>.AjouteOptimisationPlanifiée	1000022641	gestion de HFSQL Client/Serveur (syntaxe préfixée)
<Variable Connexion>.AjoutePlanification	1000022642	gestion de HFSQL Client/Serveur (syntaxe préfixée)
<Variable Connexion>.AjouteSauvegardePlanifiée	1000022644	gestion de HFSQL Client/Serveur (syntaxe préfixée)
<Variable Connexion>.AjouteTâche	1000022645	gestion de HFSQL Client/Serveur (syntaxe préfixée)
<Variable Connexion>.AjouteUtilisateur	1000022646	gestion de HFSQL Client/Serveur (syntaxe préfixée)
<Variable Connexion>.AnnuleSauvegarde	1000022647	gestion de HFSQL Client/Serveur (syntaxe préfixée)
<Variable Connexion>.ArrêteServeur	1000022648	gestion de HFSQL Client/Serveur (syntaxe préfixée)
<Variable Connexion>.ChargeParamètre	1000022649	gestion de HFSQL Client/Serveur (syntaxe préfixée)
<Variable Connexion>.CopieFichier	1000022650	gestion de HFSQL Client/Serveur (syntaxe préfixée)
<Variable Connexion>.DéclencheMiseAJourServeur	1000022651	gestion de HFSQL Client/Serveur (syntaxe préfixée)
<Variable Connexion>.DéconnecteClient	1000022652	gestion de HFSQL Client/Serveur (syntaxe préfixée)
<Variable Connexion>.DécritTriggerServeur	1000022653	gestion de HFSQL Client/Serveur (syntaxe préfixée)
<Variable Connexion>.DésactiveTriggerServeur	1000022654	gestion de HFSQL Client/Serveur (syntaxe préfixée)
<Variable Connexion>.DétruitTriggerServeur	1000022655	gestion de HFSQL Client/Serveur (syntaxe préfixée)
<Variable Connexion>.DupliqueBaseDeDonnées	1000022656	gestion de HFSQL Client/Serveur (syntaxe préfixée)
<Variable Connexion>.EnvoieMessageVersClient	1000022657	gestion de HFSQL Client/Serveur (syntaxe préfixée)
<Variable Connexion>.ExécutePlanification	1000022658	gestion de HFSQL Client/Serveur (syntaxe préfixée)
<Variable Connexion>.ExécuteProcédure	1000022659	gestion de HFSQL Client/Serveur (syntaxe préfixée)
<Variable Connexion>.ExécuteSauvegardePlanifiée	1000022660	gestion de HFSQL Client/Serveur (syntaxe préfixée)
<Variable Connexion>.FermeConnexion	1000023941	gestion HFSQL (syntaxe préfixée)
<Variable Connexion>.FichierExiste	1000023959	gestion HFSQL (syntaxe préfixée)
<Variable Connexion>.FinInterditAccèsBaseDeDonnées	1000022661	gestion de HFSQL Client/Serveur (syntaxe préfixée)
<Variable Connexion>.GèreIntégrité	1000023960	gestion HFSQL (syntaxe préfixée)
<Variable Connexion>.GèreMiseAJourServeur	1000022662	gestion de HFSQL Client/Serveur (syntaxe préfixée)
<Variable Connexion>.GèreServeur	1000022664	gestion de HFSQL Client/Serveur (syntaxe préfixée)
<Variable Connexion>.GèreTâche	1000022665	gestion de HFSQL Client/Serveur (syntaxe préfixée)
<Variable Connexion>.InfoDroitBaseDeDonnées	1000022666	gestion de HFSQL Client/Serveur (syntaxe préfixée)
<Variable Connexion>.InfoDroitFichier	1000022667	gestion de HFSQL Client/Serveur (syntaxe préfixée)
<Variable Connexion>.InfoDroitServeur	1000022668	gestion de HFSQL Client/Serveur (syntaxe préfixée)
<Variable Connexion>.InfoDroitVue	1000022669	gestion de HFSQL Client/Serveur (syntaxe préfixée)
<Variable Connexion>.InfoFichier	1000023961	gestion HFSQL (syntaxe préfixée)
<Variable Connexion>.InfoGroupe	1000022670	gestion de HFSQL Client/Serveur (syntaxe préfixée)
<Variable Connexion>.InfoPropriétéBaseDeDonnées	1000022673	gestion de HFSQL Client/Serveur (syntaxe préfixée)
<Variable Connexion>.InfoPropriétéFichier	1000022674	gestion de HFSQL Client/Serveur (syntaxe préfixée)
<Variable Connexion>.InfoPropriétéServeur	1000022675	gestion de HFSQL Client/Serveur (syntaxe préfixée)
<Variable Connexion>.InfoSauvegarde	1000022679	gestion de HFSQL Client/Serveur (syntaxe préfixée)
<Variable Connexion>.InfoServeur	1000022682	gestion de HFSQL Client/Serveur (syntaxe préfixée)
<Variable Connexion>.InfoTâche	1000022686	gestion de HFSQL Client/Serveur (syntaxe préfixée)
<Variable Connexion>.InfoUtilisateur	1000022687	gestion de HFSQL Client/Serveur (syntaxe préfixée)
<Variable Connexion>.InfoVue	1000022688	gestion de HFSQL Client/Serveur (syntaxe préfixée)
<Variable Connexion>.InterditAccèsBaseDeDonnées	1000022690	gestion de HFSQL Client/Serveur (syntaxe préfixée)
<Variable Connexion>.ListeBaseDeDonnées	1000022692	gestion de HFSQL Client/Serveur (syntaxe préfixée)
<Variable Connexion>.ListeElémentStocké	1000022693	gestion de HFSQL Client/Serveur (syntaxe préfixée)
<Variable Connexion>.ListeGroupe	1000022694	gestion de HFSQL Client/Serveur (syntaxe préfixée)
<Variable Connexion>.ListeOptimisationPlanifiée	1000022695	gestion de HFSQL Client/Serveur (syntaxe préfixée)
<Variable Connexion>.ListeParamètre	1000022697	gestion de HFSQL Client/Serveur (syntaxe préfixée)
<Variable Connexion>.ListePlanification	1000022698	gestion de HFSQL Client/Serveur (syntaxe préfixée)
<Variable Connexion>.ListeSauvegardePlanifiée	1000022699	gestion de HFSQL Client/Serveur (syntaxe préfixée)
<Variable Connexion>.ListeTâche	1000022700	gestion de HFSQL Client/Serveur (syntaxe préfixée)
<Variable Connexion>.ListeUtilisateur	1000022701	gestion de HFSQL Client/Serveur (syntaxe préfixée)
<Variable Connexion>.MaintenanceServeur	1000022702	gestion de HFSQL Client/Serveur (syntaxe préfixée)
<Variable Connexion>.MiseAJourCollection	1000022704	gestion de HFSQL Client/Serveur (syntaxe préfixée)
<Variable Connexion>.MiseAJourRequête	1000022705	gestion de HFSQL Client/Serveur (syntaxe préfixée)
<Variable Connexion>.MiseAJourVue	1000022706	gestion de HFSQL Client/Serveur (syntaxe préfixée)
<Variable Connexion>.ModifieDroitBaseDeDonnées	1000022707	gestion de HFSQL Client/Serveur (syntaxe préfixée)
<Variable Connexion>.ModifieDroitFichier	1000022709	gestion de HFSQL Client/Serveur (syntaxe préfixée)
<Variable Connexion>.ModifieDroitServeur	1000022710	gestion de HFSQL Client/Serveur (syntaxe préfixée)
<Variable Connexion>.ModifieDroitVue	1000022711	gestion de HFSQL Client/Serveur (syntaxe préfixée)
<Variable Connexion>.ModifieGroupe	1000022714	gestion de HFSQL Client/Serveur (syntaxe préfixée)
<Variable Connexion>.ModifieOptimisationPlanifiée	1000022715	gestion de HFSQL Client/Serveur (syntaxe préfixée)
<Variable Connexion>.ModifiePlanification	1000022716	gestion de HFSQL Client/Serveur (syntaxe préfixée)
<Variable Connexion>.ModifiePropriétéBaseDeDonnées	1000022717	gestion de HFSQL Client/Serveur (syntaxe préfixée)
<Variable Connexion>.ModifiePropriétéServeur	1000022720	gestion de HFSQL Client/Serveur (syntaxe préfixée)
<Variable Connexion>.ModifieSauvegardePlanifiée	1000022721	gestion de HFSQL Client/Serveur (syntaxe préfixée)
<Variable Connexion>.ModifieTâche	1000022722	gestion de HFSQL Client/Serveur (syntaxe préfixée)
<Variable Connexion>.ModifieUtilisateur	1000022723	gestion de HFSQL Client/Serveur (syntaxe préfixée)
<Variable Connexion>.NotifAjouteDestinataireCC	1000022724	gestion de HFSQL Client/Serveur (syntaxe préfixée)
<Variable Connexion>.NotifAjouteDestinataireEmail	1000022725	gestion de HFSQL Client/Serveur (syntaxe préfixée)
<Variable Connexion>.NotifConfigure	1000022726	gestion de HFSQL Client/Serveur (syntaxe préfixée)
<Variable Connexion>.NotifListeDestinataireCC	1000022727	gestion de HFSQL Client/Serveur (syntaxe préfixée)
<Variable Connexion>.NotifListeDestinataireEmail	1000022729	gestion de HFSQL Client/Serveur (syntaxe préfixée)
<Variable Connexion>.NotifSupprimeDestinataireCC	1000022731	gestion de HFSQL Client/Serveur (syntaxe préfixée)
<Variable Connexion>.NotifSupprimeDestinataireEmail	1000022733	gestion de HFSQL Client/Serveur (syntaxe préfixée)
<Variable Connexion>.OpérationEncours	1000022745	gestion de HFSQL Client/Serveur (syntaxe préfixée)
<Variable Connexion>.OuvreConnexion	1000023962	gestion HFSQL (syntaxe préfixée)
<Variable Connexion>.Priorité	1000022746	gestion de HFSQL Client/Serveur (syntaxe préfixée)
<Variable Connexion>.PrioritéClient	1000022747	gestion de HFSQL Client/Serveur (syntaxe préfixée)
<Variable Connexion>.QualitéConnexion	1000022748	gestion de HFSQL Client/Serveur (syntaxe préfixée)
<Variable Connexion>.RafraîchitVue	1000023963	gestion HFSQL (syntaxe préfixée)
<Variable Connexion>.RécupèreLog	1000022749	gestion de HFSQL Client/Serveur (syntaxe préfixée)
<Variable Connexion>.RécupèreSauvegarde	1000022750	gestion de HFSQL Client/Serveur (syntaxe préfixée)
<Variable Connexion>.RégénèreFichier	1000023964	gestion HFSQL (syntaxe préfixée)
<Variable Connexion>.RestaureSauvegarde	1000022751	gestion de HFSQL Client/Serveur (syntaxe préfixée)
<Variable Connexion>.RSAjouteConfig	1000023471	
<Variable Connexion>.RSAttendTraitementDonnées	1000023528	
<Variable Connexion>.RSDéclenche	1000023529	
<Variable Connexion>.RSInfo	1000023536	
<Variable Connexion>.RSInit	1000023550	
<Variable Connexion>.RSListeConfig	1000023554	
<Variable Connexion>.RSModifieConfig	1000023574	
<Variable Connexion>.RSSupprimeConfig	1000023579	
<Variable Connexion>.Sauvegarde	1000022752	gestion de HFSQL Client/Serveur (syntaxe préfixée)
<Variable Connexion>.SauveParamètre	1000022753	gestion de HFSQL Client/Serveur (syntaxe préfixée)
<Variable Connexion>.SimuleRéseau	1000022754	gestion de HFSQL Client/Serveur (syntaxe préfixée)
<Variable Connexion>.SupprimeBaseDeDonnées	1000022755	gestion de HFSQL Client/Serveur (syntaxe préfixée)
<Variable Connexion>.SupprimeCollection	1000022756	gestion de HFSQL Client/Serveur (syntaxe préfixée)
<Variable Connexion>.SupprimeFichier	1000022757	gestion de HFSQL Client/Serveur (syntaxe préfixée)
<Variable Connexion>.SupprimeGroupe	1000022758	gestion de HFSQL Client/Serveur (syntaxe préfixée)
<Variable Connexion>.SupprimeLiaison	1000022759	gestion de HFSQL Client/Serveur (syntaxe préfixée)
<Variable Connexion>.SupprimeOptimisationPlanifiée	1000022760	gestion de HFSQL Client/Serveur (syntaxe préfixée)
<Variable Connexion>.SupprimeParamètre	1000022761	gestion de HFSQL Client/Serveur (syntaxe préfixée)
<Variable Connexion>.SupprimePlanification	1000022762	gestion de HFSQL Client/Serveur (syntaxe préfixée)
<Variable Connexion>.SupprimeRépertoire	1000022763	gestion de HFSQL Client/Serveur (syntaxe préfixée)
<Variable Connexion>.SupprimeRequête	1000022764	gestion de HFSQL Client/Serveur (syntaxe préfixée)
<Variable Connexion>.SupprimeSauvegarde	1000022765	gestion de HFSQL Client/Serveur (syntaxe préfixée)
<Variable Connexion>.SupprimeSauvegardePlanifiée	1000022766	gestion de HFSQL Client/Serveur (syntaxe préfixée)
<Variable Connexion>.SupprimeTâche	1000022767	gestion de HFSQL Client/Serveur (syntaxe préfixée)
<Variable Connexion>.SupprimeUtilisateur	1000022769	gestion de HFSQL Client/Serveur (syntaxe préfixée)
<Variable Connexion>.Transaction	1000023965	gestion HFSQL (syntaxe préfixée)
<Variable Connexion>.TransactionAnnule	1000023966	gestion HFSQL (syntaxe préfixée)
<Variable Connexion>.TransactionDébut	1000023967	gestion HFSQL (syntaxe préfixée)
<Variable Connexion>.TransactionFin	1000023968	gestion HFSQL (syntaxe préfixée)
<Variable Connexion>.TransactionIsolation	1000022770	gestion de HFSQL Client/Serveur (syntaxe préfixée)
<Variable Connexion>.TransactionListe	1000022771	gestion de HFSQL Client/Serveur (syntaxe préfixée)
<Variable Connexion>.VérifieMiseAJourServeur	1000022772	gestion de HFSQL Client/Serveur (syntaxe préfixée)
<Variable docElément>.ChangeAltitude	1000024413	gestion du champ Traitement de texte (syntaxe objet)
<Variable docFragment>.Ajoute	1000024505	gestion du champ Traitement de texte (syntaxe préfixée)
<Variable docFragment>.Insère	1000024512	gestion du champ Traitement de texte (syntaxe préfixée)
<Variable docFragment>.InsèreTableau	1000024514	gestion du champ Traitement de texte (syntaxe préfixée)
<Variable Document>.Ajoute	1000024506	gestion du champ Traitement de texte (syntaxe préfixée)
<Variable Document>.DébutModification	1000024507	gestion du champ Traitement de texte (syntaxe préfixée)
<Variable Document>.Ferme	1000024508	gestion du champ Traitement de texte (syntaxe préfixée)
<Variable Document>.FinModification	1000024510	gestion du champ Traitement de texte (syntaxe préfixée)
<Variable Document>.Imprime	1000024511	gestion du champ Traitement de texte (syntaxe préfixée)
<Variable Document>.Insère	1000024513	gestion du champ Traitement de texte (syntaxe préfixée)
<Variable Document>.InsèreTableau	1000024515	gestion du champ Traitement de texte (syntaxe préfixée)
<Variable Document>.Recherche	1000024519	gestion du champ Traitement de texte (syntaxe préfixée)
<Variable Document>.Redo	1000024534	gestion du champ Traitement de texte (syntaxe préfixée)
<Variable Document>.RedoOccurrence	1000024535	gestion du champ Traitement de texte (syntaxe préfixée)
<Variable Document>.Remplace	1000024536	gestion du champ Traitement de texte (syntaxe préfixée)
<Variable Document>.Sauve	1000024537	gestion du champ Traitement de texte (syntaxe préfixée)
<Variable Document>.Undo	1000024538	gestion du champ Traitement de texte (syntaxe préfixée)
<Variable Document>.UndoOccurrence	1000024539	gestion du champ Traitement de texte (syntaxe préfixée)
<Variable Document>.UndoRedoSupprimeTout	1000024540	gestion du champ Traitement de texte (syntaxe préfixée)
<Variable Document>.VersHTML	1000024541	gestion du champ Traitement de texte (syntaxe préfixée)
<Variable Document>.VersImage	1000024542	gestion du champ Traitement de texte (syntaxe préfixée)
<Variable Document>.VersTexte	1000024543	gestion du champ Traitement de texte (syntaxe préfixée)
<Variable Email>.ChargeFichierAttaché	1000022277	gestion des emails (syntaxe préfixée)
<Variable Email>.ConstruitSource	1000022278	gestion des emails (syntaxe préfixée)
<Variable Email>.ImporteHTML	1000022287	gestion des emails (syntaxe préfixée)
<Variable Email>.ImporteSource	1000022288	gestion des emails (syntaxe préfixée)
<Variable emailAttache>.SauveFichierAttaché	1000022289	gestion des emails (syntaxe préfixée)
<Variable emailSessionIMAP>.AjouteDossier	1000022273	gestion des emails (syntaxe préfixée)
<Variable emailSessionIMAP>.ChangeDossier	1000022275	gestion des emails (syntaxe préfixée)
<Variable emailSessionIMAP>.ChangeEtat	1000022313	gestion des emails (syntaxe préfixée)
<Variable emailSessionIMAP>.Détruit	1000022279	gestion des emails (syntaxe préfixée)
<Variable emailSessionIMAP>.DossierCourant	1000022280	gestion des emails (syntaxe préfixée)
<Variable emailSessionIMAP>.FermeSession	1000022282	gestion des emails (syntaxe préfixée)
<Variable emailSessionIMAP>.ListeDossier	1000022290	gestion des emails (syntaxe préfixée)
<Variable emailSessionIMAP>.NbMessage	1000022297	gestion des emails (syntaxe préfixée)
<Variable emailSessionIMAP>.OuvreSession	1000022304	gestion des emails (syntaxe préfixée)
<Variable emailSessionIMAP>.SupprimeDossier	1000022299	gestion des emails (syntaxe préfixée)
<Variable emailSessionNotes>.FermeSession	1000022285	gestion des emails (syntaxe préfixée)
<Variable emailSessionNotes>.NbMessage	1000022295	gestion des emails (syntaxe préfixée)
<Variable EmailSessionNotes>.OuvreSession	1000022303	gestion des emails (syntaxe préfixée)
<Variable EmailSessionNotes>.RécupèreTout	1000022309	gestion des emails (syntaxe préfixée)
<Variable emailSessionOutlook>.AjouteDossier	1000022274	gestion des emails (syntaxe préfixée)
<Variable emailSessionOutlook>.ChangeDossier	1000022276	gestion des emails (syntaxe préfixée)
<Variable emailSessionOutlook>.ChangeEtat	1000022312	gestion des emails (syntaxe préfixée)
<Variable emailSessionOutlook>.DossierCourant	1000022281	gestion des emails (syntaxe préfixée)
<Variable emailSessionOutlook>.FermeSession	1000022284	gestion des emails (syntaxe préfixée)
<Variable emailSessionOutlook>.ListeDossier	1000022291	gestion des emails (syntaxe préfixée)
<Variable EmailSessionOutlook>.MiseAJour	1000022293	gestion des emails (syntaxe préfixée)
<Variable emailSessionOutlook>.NbMessage	1000022296	gestion des emails (syntaxe préfixée)
<Variable EmailSessionOutlook>.OuvreSession	1000022302	gestion des emails (syntaxe préfixée)
<Variable EmailSessionOutlook>.RécupèreTout	1000022307	gestion des emails (syntaxe préfixée)
<Variable emailSessionOutlook>.SupprimeDossier	1000022300	gestion des emails (syntaxe préfixée)
<Variable emailSessionPOP3>.FermeSession	1000022283	gestion des emails (syntaxe préfixée)
<Variable emailSessionPOP3>.NbMessage	1000022298	gestion des emails (syntaxe préfixée)
<Variable emailSessionPOP3>.OuvreSession	1000022305	gestion des emails (syntaxe préfixée)
<Variable EmailSessionPOP3>.RécupèreTout	1000022310	gestion des emails (syntaxe préfixée)
<Variable emailSessionSMTP>.FermeSession	1000022286	gestion des emails (syntaxe préfixée)
<Variable emailSessionSMTP>.OuvreSession	1000022306	gestion des emails (syntaxe préfixée)
<Variable fbSession>.Etat	1000021942	Facebook (syntaxe préfixée)
<Variable fbSession>.Ferme	1000021943	Facebook (syntaxe préfixée)
<Variable fbSession>.Ouvre	1000021944	Facebook (syntaxe préfixée)
<Variable fbSession>.RécupèreInformationUtilisateur	1000021945	Facebook (syntaxe préfixée)
<Variable fbSession>.Requête	1000021946	Facebook (syntaxe préfixée)
<Variable File>.Défile	1000019585	gestion des files, des piles et des listes (syntaxe préfixée)
<Variable File>.Enfile	1000019586	gestion des files, des piles et des listes (syntaxe préfixée)
<Variable File>.Info	1000019587	gestion des files, des piles et des listes (syntaxe préfixée)
<Variable gglConnexion>.Connecte	1000021455	
<Variable gglConnexion>.Déconnecte	1000021459	
<Variable gglConnexion>.Ecrit	1000021460	gestion des agendas Google (syntaxe préfixée)
<Variable gglConnexion>.EnvoieDocument	1000020424	gestion des documents Google (syntaxe préfixée)
<Variable gglConnexion>.ListeAgenda	1000017747	gestion des agendas Google (syntaxe préfixée)
<Variable gglConnexion>.ListeAlbum	1000018564	gestion des albums Picasa (syntaxe objet)
<Variable gglConnexion>.ListeCommentaire	1000018566	gestion des albums Picasa (syntaxe objet)
<Variable gglConnection>.ListeContact	1000017757	gestion des contacts Google (syntaxe préfixée)
<Variable gglConnection>.ListeContactParRequête	1000017758	gestion des contacts Google (syntaxe préfixée)
<Variable gglConnexion>.ListeDocument	1000020436	gestion des documents Google (syntaxe préfixée)
<Variable gglConnection>.ListeGroupeContact	1000017759	gestion des contacts Google (syntaxe préfixée)
<Variable gglConnexion>.ListePhoto	1000018567	gestion des albums Picasa (syntaxe objet)
<Variable gglConnexion>.ListeTag	1000018568	gestion des albums Picasa (syntaxe objet)
<Variable gglConnexion>.RécupèreAgenda	1000017748	gestion des agendas Google (syntaxe préfixée)
<Variable gglConnexion>.RécupèreAlbum	1000018569	gestion des albums Picasa (syntaxe objet)
<Variable gglConnexion>.RécupèreDocument	1000020437	gestion des documents Google (syntaxe préfixée)
<Variable gglConnexion>.RemplitAgenda	1000017749	gestion des agendas Google (syntaxe préfixée)
<Variable gglConnexion>.RemplitAgendaParRequête	1000017750	gestion des agendas Google (syntaxe préfixée)
<Variable gglConnexion>.RemplitAlbum	1000018571	gestion des albums Picasa (syntaxe objet)
<Variable gglConnexion>.RemplitPhoto	1000018570	gestion des albums Picasa (syntaxe objet)
<Variable gglConnexion>.Requête	1000021462	gestion des agendas Google (syntaxe préfixée)
<Variable gglConnexion>.Supprime	1000021461	gestion des agendas Google (syntaxe préfixée)
<Variable hdfsConnexion>.CopieDepuis	1000021980	HDFS (syntaxe préfixée)
<Variable hdfsConnexion>.CopieVers	1000021981	HDFS (syntaxe préfixée)
<Variable hdfsConnexion>.CréeRépertoire	1000021982	HDFS (syntaxe préfixée)
<Variable hdfsConnexion>.FermeConnexion	1000021983	HDFS (syntaxe préfixée)
<Variable hdfsConnexion>.Liste	1000021984	HDFS (syntaxe préfixée)
<Variable hdfsConnexion>.OuvreConnexion	1000021985	HDFS (syntaxe préfixée)
<Variable hdfsConnexion>.Renomme	1000021986	HDFS (syntaxe préfixée)
<Variable hdfsConnexion>.Supprime	1000021987	HDFS (syntaxe préfixée)
<Variable httpRéponse>.RécupèreCookie	1000021633	HTTP (syntaxe préfixée)
<Variable httpRequête>.EcritCookie	1000021607	HTTP (syntaxe préfixée)
<Variable httpRequête>.Envoie	1000021624	HTTP (syntaxe préfixée)
<Variable httpRequête>.GèreCookie	1000021608	HTTP (syntaxe préfixée)
<Variable httpRequête>.LitCookie	1000021621	HTTP (syntaxe préfixée)
<Variable httpRequête>.RAZCookie	1000021622	HTTP (syntaxe préfixée)
<Variable httpRequête>.RécupèreCookie	1000021627	HTTP (syntaxe préfixée)
<Variable httpRequête>.RemplaceCookie	1000021623	HTTP (syntaxe préfixée)
<Variable Icône>.SauveICO	1000024343	dessin et de traitement des images (syntaxe préfixée)
<Variable Image>.ChangeMode	1000024039	dessin et de traitement des images (syntaxe préfixée)
<Variable Image>.Copie	1000024347	dessin et de traitement des images (syntaxe préfixée)
<Variable Image>.CouleurDominanteImage	1000024348	dessin et de traitement des images (syntaxe préfixée)
<Variable Image>.DébutDessin	1000024349	dessin et de traitement des images (syntaxe préfixée)
<Variable Image>.Découpe	1000024350	dessin et de traitement des images (syntaxe préfixée)
<Variable Image>.DessineArc	1000023983	dessin et de traitement des images (syntaxe préfixée)
<Variable Image>.DessineCadre	1000024019	dessin et de traitement des images (syntaxe préfixée)
<Variable Image>.DessineCercle	1000024038	dessin et de traitement des images (syntaxe préfixée)
<Variable Image>.DessineCorde	1000024040	dessin et de traitement des images (syntaxe préfixée)
<Variable Image>.DessineHalo	1000024359	dessin et de traitement des images (syntaxe préfixée)
<Variable Image>.DessineLigne	1000024230	dessin et de traitement des images (syntaxe préfixée)
<Variable Image>.DessineOmbre	1000024361	dessin et de traitement des images (syntaxe préfixée)
<Variable Image>.DessinePoint	1000024231	dessin et de traitement des images (syntaxe préfixée)
<Variable Image>.DessinePolygone	1000024233	dessin et de traitement des images (syntaxe préfixée)
<Variable Image>.DessinePolyligne	1000024234	dessin et de traitement des images (syntaxe préfixée)
<Variable Image>.DessinePortion	1000024235	dessin et de traitement des images (syntaxe préfixée)
<Variable Image>.DessineRectangle	1000024236	dessin et de traitement des images (syntaxe préfixée)
<Variable Image>.DessineRectangleArrondi	1000024237	dessin et de traitement des images (syntaxe préfixée)
<Variable Image>.DessineRectangleDégradé	1000024238	dessin et de traitement des images (syntaxe préfixée)
<Variable Image>.DessineTexte	1000024242	dessin et de traitement des images (syntaxe préfixée)
<Variable Image>.DessineTexteRTF	1000024241	dessin et de traitement des images (syntaxe préfixée)
<Variable Image>.FinDessin	1000024351	dessin et de traitement des images (syntaxe préfixée)
<Variable Image>.Fond	1000024056	dessin et de traitement des images (syntaxe préfixée)
<Variable Image>.Fusionne	1000024352	dessin et de traitement des images (syntaxe préfixée)
<Variable Image>.IncrusteCouleur	1000024360	dessin et de traitement des images (syntaxe préfixée)
<Variable Image>.InverseCouleur	1000024353	dessin et de traitement des images (syntaxe préfixée)
<Variable Image>.ModifieLuminosité	1000024354	dessin et de traitement des images (syntaxe préfixée)
<Variable Image>.ModifieOpacité	1000024355	dessin et de traitement des images (syntaxe préfixée)
<Variable Image>.ModifieSaturation	1000024356	dessin et de traitement des images (syntaxe préfixée)
<Variable Image>.ModifieTeinte	1000024357	dessin et de traitement des images (syntaxe préfixée)
<Variable Image>.ModifieTSL	1000024358	dessin et de traitement des images (syntaxe préfixée)
<Variable Image>.PixelCouleur	1000024362	dessin et de traitement des images (syntaxe préfixée)
<Variable Image>.PixelOpacité	1000024363	dessin et de traitement des images (syntaxe préfixée)
<Variable Image>.Police	1000024232	dessin et de traitement des images (syntaxe préfixée)
<Variable Image>.Redimensionne	1000024364	dessin et de traitement des images (syntaxe préfixée)
<Variable Image>.Remplissage	1000024239	dessin et de traitement des images (syntaxe préfixée)
<Variable Image>.Rotation	1000024365	dessin et de traitement des images (syntaxe préfixée)
<Variable Image>.SauveBMP	1000024366	dessin et de traitement des images (syntaxe préfixée)
<Variable Image>.SauveGIF	1000024367	dessin et de traitement des images (syntaxe préfixée)
<Variable Image>.SauveJPEG	1000024368	dessin et de traitement des images (syntaxe préfixée)
<Variable Image>.SauvePNG	1000024369	dessin et de traitement des images (syntaxe préfixée)
<Variable Image>.Stylo	1000024240	dessin et de traitement des images (syntaxe préfixée)
<Variable Image>.SymétrieHorizontale	1000024370	dessin et de traitement des images (syntaxe préfixée)
<Variable Image>.SymétrieVerticale	1000024371	dessin et de traitement des images (syntaxe préfixée)
<Variable Liste>.Info	1000019588	gestion des files, des piles et des listes (syntaxe préfixée)
<Variable mongoBase>.CréeCollection	1000023612	MongoDB (syntaxe préfixée)
<Variable mongoBase>.ExécuteCommande	1000023636	MongoDB (syntaxe préfixée)
<Variable mongoCollection>.ExécuteCommande	1000023819	MongoDB (syntaxe préfixée)
<Variable mqttSession>.Abonne	1000023083	MQTT (syntaxe préfixée)
<Variable mqttSession>.Connecte	1000023084	MQTT (syntaxe préfixée)
<Variable mqttSession>.Déconnecte	1000023085	MQTT (syntaxe préfixée)
<Variable mqttSession>.Désabonne	1000023086	MQTT (syntaxe préfixée)
<Variable mqttSession>.DésabonneTout	1000023090	MQTT (syntaxe préfixée)
<Variable mqttSession>.Publie	1000023091	MQTT (syntaxe préfixée)
<Variable Pile>.Dépile	1000019589	gestion des files, des piles et des listes (syntaxe préfixée)
<Variable Pile>.Empile	1000019590	gestion des files, des piles et des listes (syntaxe préfixée)
<Variable Pile>.Info	1000019639	gestion des files, des piles et des listes (syntaxe préfixée)
<Variable sfConnexion>.Ajoute	1000018753	Salesforce (syntaxe préfixée)
<Variable sfConnexion>.AvanceRequête	1000018754	Salesforce (syntaxe préfixée)
<Variable sfConnexion>.Connecte	1000018756	Salesforce (syntaxe préfixée)
<Variable sfConnexion>.ConvertitPiste	1000018757	Salesforce (syntaxe préfixée)
<Variable sfConnexion>.Déconnecte	1000018760	Salesforce (syntaxe préfixée)
<Variable sfConnexion>.ExécuteRequête	1000018762	Salesforce (syntaxe préfixée)
<Variable sfConnexion>.ExécuteTraitement	1000018766	Salesforce (syntaxe préfixée)
<Variable sfConnexion>.Fusionne	1000018769	Salesforce (syntaxe préfixée)
<Variable sfConnexion>.Lit	1000018770	Salesforce (syntaxe préfixée)
<Variable sfConnexion>.Modifie	1000018771	Salesforce (syntaxe préfixée)
<Variable sfConnexion>.Recherche	1000018772	Salesforce (syntaxe préfixée)
<Variable sfConnexion>.RechercheModifié	1000018773	Salesforce (syntaxe préfixée)
<Variable sfConnexion>.RechercheSupprimé	1000018774	Salesforce (syntaxe préfixée)
<Variable sfConnexion>.Restaure	1000018775	Salesforce (syntaxe préfixée)
<Variable sfConnexion>.Supprime	1000018776	Salesforce (syntaxe préfixée)
<Variable sfConnexion>.VideCorbeille	1000018778	Salesforce (syntaxe préfixée)
<Variable SignalAutomatique>.Attend	1000024380	gestion des threads (syntaxe préfixée)
<Variable SignalAutomatique>.Ferme	1000024383	gestion des threads (syntaxe préfixée)
<Variable SignalAutomatique>.Ouvre	1000024385	gestion des threads (syntaxe préfixée)
<Variable SignalManuel>.Attend	1000024381	gestion des threads (syntaxe préfixée)
<Variable SignalManuel>.Ferme	1000024382	gestion des threads (syntaxe préfixée)
<Variable SignalManuel>.Ouvre	1000024384	gestion des threads (syntaxe préfixée)
<Variable sshSession>.ConnecteShell	1000021163	SSH (syntaxe préfixée)
<Variable sshSession>.DéconnecteShell	1000021164	SSH (syntaxe préfixée)
<Variable sshSession>.Ecrit	1000021166	SSH (syntaxe préfixée)
<Variable sshSession>.Lit	1000021167	SSH (syntaxe préfixée)
<Variable Tableau>.AjouteLigne	1000024300	gestion des tableaux (syntaxe objet)
<Variable Tableau>.AjouteTrié	1000024301	gestion des tableaux (syntaxe objet)
<Variable Tableau>.Cherche	1000024302	gestion des tableaux (syntaxe objet)
<Variable Tableau>.ChercheParProcédure	1000024303	gestion des tableaux (syntaxe objet)
<Variable Tableau>.Copie	1000024304	gestion des tableaux (syntaxe objet)
<Variable Tableau>.Déplace	1000024305	gestion des tableaux (syntaxe objet)
<Variable Tableau>.DéplaceLigne	1000024306	gestion des tableaux (syntaxe objet)
<Variable Tableau>.EchangeLigne	1000024307	gestion des tableaux (syntaxe objet)
<Variable Tableau>.Info	1000024308	gestion des tableaux (syntaxe objet)
<Variable Tableau>.Insère	1000024309	gestion des tableaux (syntaxe objet)
<Variable Tableau>.InsèreLigne	1000024310	gestion des tableaux (syntaxe objet)
<Variable Tableau>.Inverse	1000024311	gestion des tableaux (syntaxe objet)
<Variable Tableau>.Mélange	1000024312	gestion des tableaux (syntaxe objet)
<Variable Tableau>.Occurrence	1000024313	gestion des tableaux (syntaxe objet)
<Variable Tableau>.Supprime	1000024314	gestion des tableaux (syntaxe objet)
<Variable Tableau>.SupprimeDoublon	1000024315	gestion des tableaux (syntaxe objet)
<Variable Tableau>.SupprimeLigne	1000024316	gestion des tableaux (syntaxe objet)
<Variable Tableau>.SupprimeTout	1000024317	gestion des tableaux (syntaxe objet)
<Variable Tableau>.Trie	1000024318	gestion des tableaux (syntaxe objet)
<Variable Tableau/Liste>.Ajoute	1000024299	gestion des tableaux (syntaxe objet)
<Variable TâcheParallèle>.Attend	1000021604	gestion des tâches parallèles (syntaxe préfixée)
<Variable TâcheParallèle>.DemandeAnnulation	1000021605	gestion des tâches parallèles (syntaxe préfixée)
<Variable Tiff>.SauveTIFF	1000024346	dessin et de traitement des images (syntaxe préfixée)
<Variable upnpPériphérique>.MédiaArrêt	1000020979	DLNA / UPnP (syntaxe préfixée)
<Variable upnpPériphérique>.MédiaJoue	1000020985	DLNA / UPnP (syntaxe préfixée)
<Variable upnpPériphérique>.MédiaOuvre	1000020986	DLNA / UPnP (syntaxe préfixée)
<Variable upnpPériphérique>.MédiaPause	1000020987	DLNA / UPnP (syntaxe préfixée)
<Variable upnpPériphérique>.ModifieContraste	1000020989	DLNA / UPnP (syntaxe préfixée)
<Variable upnpPériphérique>.ModifieLuminosité	1000020990	DLNA / UPnP (syntaxe préfixée)
<Variable upnpPériphérique>.ModifieMuet	1000020991	DLNA / UPnP (syntaxe préfixée)
<Variable upnpPériphérique>.ModifieNetteté	1000020992	DLNA / UPnP (syntaxe préfixée)
<Variable upnpPériphérique>.ModifieVolume	1000020993	DLNA / UPnP (syntaxe préfixée)
<Variable upnpPériphérique>.RécupèreContraste	1000020994	DLNA / UPnP (syntaxe préfixée)
<Variable upnpPériphérique>.RécupèreLuminosité	1000020995	DLNA / UPnP (syntaxe préfixée)
<Variable upnpPériphérique>.RécupèreMuet	1000020996	DLNA / UPnP (syntaxe préfixée)
<Variable upnpPériphérique>.RécupèreNetteté	1000020997	DLNA / UPnP (syntaxe préfixée)
<Variable upnpPériphérique>.RécupèreVolume	1000020999	DLNA / UPnP (syntaxe préfixée)
<Variable upnpService>.ExécuteAction	1000020973	DLNA / UPnP (syntaxe préfixée)
<Variable wsRequête>.AjouteAssertionSAML	1000023948	SOAP (syntaxe préfixée)
<Variable wsRequête>.AjouteSignatureXML	1000023950	SOAP (syntaxe préfixée)
<Variable xlsDocument>.AjouteFeuille	1000021509	gestion des fichiers XLS (syntaxe préfixée)
<Variable xlsDocument>.Ferme	1000021510	gestion des fichiers XLS (syntaxe préfixée)
<Variable xlsDocument>.Sauve	1000021511	gestion des fichiers XLS (syntaxe préfixée)
<Variable xlsDocument>.SupprimeFeuille	1000021512	gestion des fichiers XLS (syntaxe préfixée)
<Variable xmlDocument>.ConstruitChaîne	1000023891	XML (syntaxe préfixée)
<Variable xmlDocument>.DocumentValide	1000023892	XML (syntaxe préfixée)
<Variable xmlDocument>.ExécuteXPath	1000023893	XML (syntaxe préfixée)
<Variable xmlDocument>.Sauve	1000023895	XML (syntaxe préfixée)
<Variable xmlNoeud>.ChercheNamespaceParNom	1000023889	XML (syntaxe préfixée)
<Variable xmlNoeud>.ChercheNamespaceParURI	1000023890	XML (syntaxe préfixée)
<Variable xmlNoeud>.NoeudValide	1000023894	XML (syntaxe préfixée)
<Variable xsdEntité>.AjouteAttribut	1000023949	SOAP (syntaxe préfixée)
<Variable zipArchive>.AjouteFichier	1000019050	archivage (gestion des ZIP, WDZ, CAB, RAR, 7z, TAR, gzip, ...) (syntaxe préfixée)
<Variable zipArchive>.AjouteListeFichier	1000019159	archivage (gestion des ZIP, WDZ, CAB, RAR, 7z, TAR, gzip, ...) (syntaxe préfixée)
<Variable zipArchive>.AjouteRépertoire	1000019078	archivage (gestion des ZIP, WDZ, CAB, RAR, 7z, TAR, gzip, ...) (syntaxe préfixée)
<Variable zipArchive>.Crée	1000019160	archivage (gestion des ZIP, WDZ, CAB, RAR, 7z, TAR, gzip, ...) (syntaxe préfixée)
<Variable zipArchive>.CréeExe	1000019079	archivage (gestion des ZIP, WDZ, CAB, RAR, 7z, TAR, gzip, ...) (syntaxe préfixée)
<Variable zipArchive>.Découpe	1000019161	archivage (gestion des ZIP, WDZ, CAB, RAR, 7z, TAR, gzip, ...) (syntaxe préfixée)
<Variable zipArchive>.EstMulti	1000019080	archivage (gestion des ZIP, WDZ, CAB, RAR, 7z, TAR, gzip, ...) (syntaxe préfixée)
<Variable zipArchive>.ExtraitChemin	1000019081	archivage (gestion des ZIP, WDZ, CAB, RAR, 7z, TAR, gzip, ...) (syntaxe préfixée)
<Variable zipArchive>.ExtraitFichier	1000019082	archivage (gestion des ZIP, WDZ, CAB, RAR, 7z, TAR, gzip, ...) (syntaxe préfixée)
<Variable zipArchive>.ExtraitListeFichier	1000019084	archivage (gestion des ZIP, WDZ, CAB, RAR, 7z, TAR, gzip, ...) (syntaxe préfixée)
<Variable zipArchive>.ExtraitTout	1000019085	archivage (gestion des ZIP, WDZ, CAB, RAR, 7z, TAR, gzip, ...) (syntaxe préfixée)
<Variable zipArchive>.Ferme	1000019086	archivage (gestion des ZIP, WDZ, CAB, RAR, 7z, TAR, gzip, ...) (syntaxe préfixée)
<Variable zipArchive>.FichierEnCours	1000019090	archivage (gestion des ZIP, WDZ, CAB, RAR, 7z, TAR, gzip, ...) (syntaxe préfixée)
<Variable zipArchive>.InfoFichier	1000019092	archivage (gestion des ZIP, WDZ, CAB, RAR, 7z, TAR, gzip, ...) (syntaxe préfixée)
<Variable zipArchive>.ListeFichier	1000019093	archivage (gestion des ZIP, WDZ, CAB, RAR, 7z, TAR, gzip, ...) (syntaxe préfixée)
<Variable zipArchive>.NbPartieNécessaire	1000019094	archivage (gestion des ZIP, WDZ, CAB, RAR, 7z, TAR, gzip, ...) (syntaxe préfixée)
<Variable zipArchive>.Ouvre	1000019097	archivage (gestion des ZIP, WDZ, CAB, RAR, 7z, TAR, gzip, ...) (syntaxe préfixée)
<Variable zipArchive>.OuvreCAB	1000019148	archivage (gestion des ZIP, WDZ, CAB, RAR, 7z, TAR, gzip, ...) (syntaxe préfixée)
<Variable zipArchive>.OuvreRAR	1000019150	archivage (gestion des ZIP, WDZ, CAB, RAR, 7z, TAR, gzip, ...) (syntaxe préfixée)
<Variable zipArchive>.Regroupe	1000019151	archivage (gestion des ZIP, WDZ, CAB, RAR, 7z, TAR, gzip, ...) (syntaxe préfixée)
<Variable zipArchive>.SupprimeFichier	1000019152	archivage (gestion des ZIP, WDZ, CAB, RAR, 7z, TAR, gzip, ...) (syntaxe préfixée)
<Variable zipArchive>.SupprimeListeFichier	1000019153	archivage (gestion des ZIP, WDZ, CAB, RAR, 7z, TAR, gzip, ...) (syntaxe préfixée)
<Variable zipArchive>.SupprimeTout	1000019154	archivage (gestion des ZIP, WDZ, CAB, RAR, 7z, TAR, gzip, ...) (syntaxe préfixée)
<Variable zipArchive>.TailleFichier	1000019155	archivage (gestion des ZIP, WDZ, CAB, RAR, 7z, TAR, gzip, ...) (syntaxe préfixée)
<Xaml>.Evénement	1000015009	Xaml (syntaxe préfixée)
<Xaml>.Propriété	1000015010	Xaml (syntaxe préfixée)
<Zone multiligne>.AjouteLigne	1000020216	gestion des champs Zone multiligne (syntaxe préfixée)
<Zone multiligne>.InsèreLigne	1000020217	gestion des champs Zone multiligne (syntaxe préfixée)
<Zone multiligne>.Supprime	1000020218	gestion des champs Zone multiligne (syntaxe préfixée)
<Zone multiligne>.SupprimeTout	1000020219	gestion des champs Zone multiligne (syntaxe préfixée)
<Zone répétée>.Affiche	1000023451	gestion des champs Zone répétée (syntaxe préfixée)
<Zone répétée>.AffichePopup	1000023481	gestion des champs Zone répétée (syntaxe préfixée)
<Zone répétée>.Ajoute	1000023469	gestion des champs Zone répétée (syntaxe préfixée)
<Zone répétée>.AjouteFI	1000023474	gestion des champs Zone répétée (syntaxe préfixée)
<Zone répétée>.AjouteLigne	1000023475	gestion des champs Zone répétée (syntaxe préfixée)
<Zone répétée>.AjoutEnCours	1000023482	gestion des champs Zone répétée (syntaxe préfixée)
<Zone répétée>.AnnuleBalayage	1000023483	gestion des champs Zone répétée (syntaxe préfixée)
<Zone répétée>.Cherche	1000023484	gestion des champs Zone répétée (syntaxe objet)
<Zone répétée>.CherchePartout	1000023485	gestion des champs Zone répétée (syntaxe préfixée)
<Zone répétée>.DébutRemplissage	1000023487	gestion des champs Zone répétée (syntaxe préfixée)
<Zone répétée>.DéplaceLigne	1000023488	gestion des champs Zone répétée (syntaxe préfixée)
<Zone répétée>.Déroule	1000023489	gestion des champs Zone répétée (syntaxe préfixée)
<Zone répétée>.DérouleTout	1000023490	gestion des champs Zone répétée (syntaxe préfixée)
<Zone répétée>.Enregistre	1000023496	gestion des champs Zone répétée (syntaxe préfixée)
<Zone répétée>.Enroule	1000023497	gestion des champs Zone répétée (syntaxe préfixée)
<Zone répétée>.EnrouleDéroule	1000023499	gestion des champs Zone répétée (syntaxe préfixée)
<Zone répétée>.EnrouleTout	1000023500	gestion des champs Zone répétée (syntaxe préfixée)
<Zone répétée>.FinRemplissage	1000023501	gestion des champs Zone répétée (syntaxe préfixée)
<Zone répétée>.IndiceRupture	1000023502	gestion des champs Zone répétée (syntaxe objet)
<Zone répétée>.InfoXY	1000023508	gestion des champs Zone répétée (syntaxe préfixée)
<Zone répétée>.Insère	1000023509	gestion des champs Zone répétée (syntaxe préfixée)
<Zone répétée>.InsèreFI	1000023510	gestion des champs Zone répétée (syntaxe préfixée)
<Zone répétée>.InsèreLigne	1000023511	gestion des champs Zone répétée (syntaxe préfixée)
<Zone répétée>.Modifie	1000023512	gestion des champs Zone répétée (syntaxe préfixée)
<Zone répétée>.ModifieFI	1000023519	gestion des champs Zone répétée (syntaxe préfixée)
<Zone répétée>.ModifieLigne	1000023520	gestion des champs Zone répétée (syntaxe préfixée)
<Zone répétée>.NumEnr	1000023521	gestion des champs Zone répétée (syntaxe préfixée)
<Zone répétée>.Occurrence	1000023522	gestion des champs Zone répétée (syntaxe préfixée)
<Zone répétée>.Position	1000023523	gestion des champs Zone répétée (syntaxe préfixée)
<Zone répétée>.RafraîchissementVisible	1000023524	gestion des champs Zone répétée (syntaxe préfixée)
<Zone répétée>.RestaurePositionEtSélection	1000023525	gestion des champs Zone répétée (syntaxe préfixée)
<Zone répétée>.SauvePositionEtSélection	1000023696	gestion des champs Zone répétée (syntaxe préfixée)
<Zone répétée>.Select	1000023697	gestion des champs Zone répétée (syntaxe préfixée)
<Zone répétée>.SelectMoins	1000023698	gestion des champs Zone répétée (syntaxe préfixée)
<Zone répétée>.SelectOccurrence	1000023699	gestion des champs Zone répétée (syntaxe préfixée)
<Zone répétée>.SelectPlus	1000023700	gestion des champs Zone répétée (syntaxe préfixée)
<Zone répétée>.Supprime	1000023701	gestion des champs Zone répétée (syntaxe préfixée)
<Zone répétée>.SupprimeSelect	1000023702	gestion des champs Zone répétée (syntaxe préfixée)
<Zone répétée>.SupprimeTout	1000023703	gestion des champs Zone répétée (syntaxe préfixée)
<Zone répétée>.Trie	1000023704	gestion des champs Zone répétée (syntaxe préfixée)
<Zone répétée>.VersExcel	1000023705	gestion des champs Zone répétée (syntaxe préfixée)
<Zone répétée>.VersWord	1000023706	gestion des champs Zone répétée (syntaxe préfixée)
<Zone répétée>.VersXML	1000023707	gestion des champs Zone répétée (syntaxe préfixée)
Abandonne	1000017024	gestion des fenêtres
Abs	3050050	Mathématiques
ActionBarRechercheVisible	1000021599	Action Bar
ActionBarSupprimeHistoriqueRecherche	1000021600	Action Bar
ActionDéclareUndo	1000022678	Action
ActionDo	1000022676	Action
ActionRedo	1000022608	Action
ActionUndo	1000022677	Action
ActiveXEvénement	3025010	gestion des champs
Age	3027034	gestion des dates et des heures
AgendaAffiche	1000019425	Agenda
AgendaAffichePériodePrécédente	1000018886	Agenda
AgendaAffichePériodeSuivante	1000018885	Agenda
AgendaAjouteRendezVous	1000018877	Agenda
AgendaChangeMode	1000019497	Agenda
AgendaChangeZoom	1000018883	Agenda
AgendaCouleurFond	1000020004	Agenda
AgendaDateVisible	1000022875	Agenda
AgendaHeureAffichée	1000018888	Agenda
AgendaHeureOuvrable	1000022530	Agenda
AgendaInfoXY	1000018887	Agenda
AgendaListeRendezVous	1000018880	Agenda
AgendaMode	1000019545	Agenda
AgendaPlageSélectionnée	1000022399	Agenda
AgendaPosition	1000018889	Agenda
AgendaSelectMoins	1000019147	Agenda
AgendaSelectPlus	1000019003	Agenda
AgendaSupprimeRendezVous	1000018881	Agenda
AgendaSupprimeTout	1000018882	Agenda
AgendaVersiCalendar	1000021919	Agenda
AgendaZoom	1000018884	Agenda
AgentAffiche	3016007	Agent
AgentBeep	3016009	Agent
AgentCache	3016001	Agent
AgentChoix	3016002	Agent
AgentConseil	3016003	Agent
AgentCrée	3016017	Agent
AgentDéplace	3016004	Agent
AgentHauteur	3016018	Agent
AgentLargeur	3016014	Agent
AgentMessage	3016016	Agent
AgentPosX	3016012	Agent
AgentPosY	3016010	Agent
AgentSaisie	3016013	Agent
AgentTermine	3016015	Agent
AJAXAnnuleAppelAsynchrone	3055110	Ajax
AJAXAppelAsynchroneEnCours	3055111	Ajax
AJAXDisponible	3055112	Ajax
AJAXExécute	3055114	Ajax
AJAXExécuteAsynchrone	3055115	Ajax
Ajoute	1000017348	Tableau
AjouteColonne	1000017350	Tableau
AjouteCommandeVocale	1000017106	Reconnaissance Vocale
AjouteFavori	3055004	gestion du navigateur
AjouteLien	1000019038	gestion des champs
AjouteLigne	1000017349	Tableau
AjouteRéférence	1000023933	Tableau
AlbumSauve	1000020191	Album
AlbumSélecteur	1000020186	Album
AnalyseurDébut	3013012	diverses WINDEV
AnalyseurFin	3013002	diverses WINDEV
AnimationActive	1000017399	Animation
AnimationChangeParamètre	3017002	Animation
AnimationChangeType	3017001	Animation
AnimationJoue	1000017387	Animation
AnimationJoueSurPropriétéChamp	1000017398	Animation
AnimationLitParamètre	3017003	Animation
AnimationMinFPS	1000017400	Animation
AnimationPrépare	1000017386	Animation
AnnéeBissextile	1000023781	gestion des dates et des heures
AnnéeEnCours	1000019394	gestion des dates et des heures
AnnuleContexteAWP	1000017170	gestion des pages
AnnuleContexteWebservice	1000019591	Webservices
AnsiVersOem	3024007	gestion des chaînes
AnsiVersUnicode	3024002	gestion des chaînes
API	3014005	diverses Windows
APIParamètre	3014026	diverses Windows
AppelDLL32	3014003	diverses Windows
Appeler une procédure/une fonction	1513007	
AppelInterface	1000017088	diverses Windows
AppliActiveVersion	1000018846	Mises à jour d'applications
AppliChangeParamètre	1000017260	Mises à jour d'applications
AppliContrôle	3013003	Mises à jour d'applications
AppliDéclencheMAJ	1000017261	Mises à jour d'applications
AppliInfoVersion	1000018844	Mises à jour d'applications
AppliInstalleVersion	1000018918	Mises à jour d'applications
AppliListeVersion	1000018843	Mises à jour d'applications
AppliMAJDisponible	1000017293	Mises à jour d'applications
AppliOuvreFiche	1000020980	Exécutables
AppliParamètre	1000017268	Mises à jour d'applications
AppliSupprimeVersion	1000018847	Mises à jour d'applications
ArbreAffiche	1000019565	Arbre
ArbreAjoute	3018012	Arbre
ArbreCherche	3018030	Arbre
ArbreCopieElément	3018006	Arbre
ArbreDéplaceElément	3018024	Arbre
ArbreDéroule	3018007	Arbre
ArbreDérouleTout	3018022	Arbre
ArbreEnroule	3018008	Arbre
ArbreEnrouleTout	3018011	Arbre
ArbreEtat	3018015	Arbre
ArbreID	3018027	Arbre
ArbreInfoXY	3018026	Arbre
ArbreInsère	3018023	Arbre
ArbreListeFils	3018016	Arbre
ArbreModifie	3018013	Arbre
ArbreOccurrence	3018009	Arbre
ArbrePosition	3018005	Arbre
ArbreRécupèreFils	3018010	Arbre
ArbreRécupèreIdentifiant	3018004	Arbre
ArbreRécupèreIndice	1000023418	Arbre
ArbreSelect	3018003	Arbre
ArbreSelectMoins	1000019636	Arbre
ArbreSelectOccurrence	1000019376	Arbre
ArbreSelectPlus	3018002	Arbre
ArbreSupprime	3018001	Arbre
ArbreSupprimeFils	3018017	Arbre
ArbreSupprimeTout	3018018	Arbre
ArbreTri	3018021	Arbre
ArbreTrie	3018020	Arbre
ArbreTypeElément	3018014	Arbre
ArcCosinus	3050067	Mathématiques
ArcSinus	3050066	Mathématiques
ArcTang2	1000019879	Mathématiques
ArcTang	3050065	Mathématiques
Arrondi	3050063	Mathématiques
ArrondiInférieur	1000019395	Mathématiques
ArrondiSupérieur	1000019396	Mathématiques
Asc	3024004	gestion des chaînes
AscenseurAffiche	3025018	gestion des champs
AscenseurEstVisible	1000021644	gestion des champs
AscenseurPosition	1000021057	gestion des champs
AscenseurPositionMax	1000021826	gestion des champs
ASPAffiche	3012003	diverses WEBDEV
ASPExécute	3012007	diverses WEBDEV
AuthIdentifie	1000022219	gestion des protocoles OAuth et OpenID
AutoLanceAjoute	3019002	Exécutables
AutoLanceSupprime	3019001	Exécutables
AutomationEvénement	3013059	diverses WINDEV
AutomationParamètre	3013014	diverses WINDEV
Avertissement	3021009	Boîtes de dialogue
awEnvoieEtRécupèreInfo	1000022116	Apple Watch
awEnvoieInfo	1000022117	Apple Watch
awProcédureRéceptionEtEnvoiInfo	1000022118	Apple Watch
awProcédureRéceptionInfo	1000022119	Apple Watch
BandeauArrêteDéfilement	1000022512	Bandeau défilant
BandeauDernier	1000022516	Bandeau défilant
BandeauLanceDéfilement	1000022511	Bandeau défilant
BandeauPrécédent	1000022515	Bandeau défilant
BandeauPremier	1000022513	Bandeau défilant
BandeauSuivant	1000022514	Bandeau défilant
BarreAttache	3020003	Barre d'outils
BarreDétache	3020001	Barre d'outils
BarrePosition	3020004	Barre d'outils
BeaconArrêteDétectionEnArrièrePlan	1000023114	Beacon
BeaconArrêteDétectionPrécise	1000023116	Beacon
BeaconDétecteEnArrièrePlan	1000023112	Beacon
BeaconDétectePrécis	1000023115	Beacon
BeaconListeDétectionEnArrièrePlan	1000023113	Beacon
BinaireCharge	3044264	Hyper File compatibles
BinaireInfo	3044275	Hyper File compatibles
BinaireSauve	3044274	Hyper File compatibles
Bip	3013004	diverses WINDEV
BTAccepteConnexion	1000017128	Bluetooth
BTActive	1000019359	Bluetooth
BTActiveService	1000017142	Bluetooth
BTChangeConnectivité	1000017130	Bluetooth
BTChangeVisibilité	1000017129	Bluetooth
BTConnectePériphérique	1000017146	Bluetooth
BTDéconnectePériphérique	1000017147	Bluetooth
BTDésactiveService	1000017143	Bluetooth
BTEstVisible	1000017127	Bluetooth
BTEtat	1000019360	Bluetooth
BTInfoPériphérique	1000017133	Bluetooth
BTInfoRadio	1000017126	Bluetooth
BTLECaractéristiqueChangementValeur	1000022071	BTLE
BTLECaractéristiqueEcritValeur	1000022070	BTLE
BTLECaractéristiqueLitValeur	1000022069	BTLE
BTLEConnecte	1000021884	BTLE
BTLEDéconnecte	1000021883	BTLE
BTLEDescripteurEcritValeur	1000022073	BTLE
BTLEDescripteurLitValeur	1000022072	BTLE
BTLEEtat	1000021885	BTLE
BTLEEtatConnexion	1000022068	BTLE
BTLEInitialise	1000022110	BTLE
BTLEListePériphérique	1000021882	BTLE
BTLERécupèreTousServices	1000022114	BTLE
BTLERécupèreToutesCaractéristiques	1000022115	BTLE
BTLERécupèreUnDescripteur	1000022112	BTLE
BTLERécupèreUneCaractéristique	1000022113	BTLE
BTLERécupèreUnService	1000022111	BTLE
BTListePériphérique	1000017132	Bluetooth
BTListeRadio	1000017125	Bluetooth
BTListeService	1000017141	Bluetooth
BTOuvrePropriétésPériphérique	1000017134	Bluetooth
BTPile	1000017229	Bluetooth
BTSélecteurPériphérique	1000017135	Bluetooth
BufferVersEntier	1000020508	gestion des chaînes
BufferVersHexa	1000019916	gestion des chaînes
BufferVersRéel	1000020509	gestion des chaînes
BulleActive	3025014	gestion des champs
BulleCouleur	3025015	gestion des champs
BulleDélai	3025051	gestion des champs
BulleLargeurMax	1000022257	gestion des champs
BulleMarge	1000021844	gestion des champs
CalendrierOuvre	1000017291	Calendrier
CalendrierPosition	1000017281	Calendrier
CalendrierSelect	1000017283	Calendrier
CalendrierSélecteur	1000017300	Calendrier
CalendrierSelectMoins	1000017340	Calendrier
CalendrierSelectOccurrence	1000017282	Calendrier
CalendrierSelectPlus	1000017339	Calendrier
CaméraAffiche	1410086595	Caméra
CaméraArrête	1410086596	Caméra
CaméraArrêteDécodage	1000022449	Caméra
CaméraCapture	1000022450	Caméra
CaméraChangeDriver	1000022451	Caméra
CaméraConfigure	1000022452	Caméra
CaméraDemandePermission	1000022453	Caméra
CaméraDémarreDécodage	1000022454	Caméra
CaméraEtat	1000022455	Caméra
CaméraGénèreMiniature	1000022456	Caméra
CaméraLanceAppli	1000022470	Caméra
CaméraListeDriver	1000022457	Caméra
CaméraListeParamètre	1000022458	Caméra
CaméraParamètre	1000022459	Caméra
CapsLockVérifie	1000020557	diverses WEBDEV
CaptchaAffiche	1000019389	Captcha
CaptchaVérifie	1000019390	Captcha
CapteurDétecteChangementAccélération	1000019362	Capteur
CapteurDétecteChangementOrientation	1000019361	Capteur
CapteurDétecteDébutSecousses	1000019363	Capteur
CapteurDétecteFinSecousses	1000019364	Capteur
CapteurRécupèreOrientation	1000019369	Capteur
CapteurTermine	1000019644	Capteur
Caract	3024003	gestion des chaînes
CaractOccurrenceType	1000019894	gestion des chaînes
CaractType	1000019895	gestion des chaînes
CaractUnicode	1000019397	gestion des chaînes
CarteAffichePosition	1000019787	Carte
CarteAjouteItinéraire	1000020383	Carte
CarteAjouteMarqueur	1000019794	Carte
CarteConfigureAPIGgl	1000021611	Carte
CarteDistanceItinéraire	1000021614	Carte
CarteExécuteJS	1000021615	Carte
CarteFinDéplacement	1000019949	Carte
CarteInfoPosition	1000019951	Carte
CarteInfoXY	1000019950	Carte
CarteLicenceBing	1000022006	Carte
CarteLicenceGgl	1000021299	Carte
CarteModifieMarqueur	1000019796	Carte
CarteRécupèreImage	1000022376	Carte
CarteRécupèreObjetJS	1000021474	Carte
CarteRécupèrePosition	1000019790	Carte
CarteSuitDéplacement	1000019953	Carte
CarteSupprimeItinéraire	1000020384	Carte
CarteSupprimeMarqueur	1000019795	Carte
CarteSupprimeTout	1000019952	Carte
CBCalculeCaractèreDeVérification	1000019909	Code-Barres
CBCapture	1000019456	Code-Barres
CBDécode	1000019633	Code-Barres
CBVersImage	1000024060	Code-Barres
cdbAjoute	3022001	manipulation d'une base CEDB
cdbAnnuleRecherche	3022010	manipulation d'une base CEDB
cdbCol	3022002	manipulation d'une base CEDB
cdbDateHeureVersEntier	3022014	manipulation d'une base CEDB
cdbEcritCol	3022003	manipulation d'une base CEDB
cdbEnDehors	3022011	manipulation d'une base CEDB
cdbEntierVersDateHeure	3022006	manipulation d'une base CEDB
cdbFerme	3022007	manipulation d'une base CEDB
cdbListeFichier	3022005	manipulation d'une base CEDB
cdbLit	3022004	manipulation d'une base CEDB
cdbLitDernier	3022009	manipulation d'une base CEDB
cdbLitPrécédent	3022022	manipulation d'une base CEDB
cdbLitPremier	3022019	manipulation d'une base CEDB
cdbLitRecherche	3022018	manipulation d'une base CEDB
cdbLitSuivant	3022016	manipulation d'une base CEDB
cdbModifie	3022017	manipulation d'une base CEDB
cdbNbCol	3022015	manipulation d'une base CEDB
cdbNbEnr	3022023	manipulation d'une base CEDB
cdbNumEnr	3022020	manipulation d'une base CEDB
cdbOuvre	3022013	manipulation d'une base CEDB
cdbRAZ	3022021	manipulation d'une base CEDB
cdbSupprime	3022008	manipulation d'une base CEDB
cdbTrouve	3022012	manipulation d'une base CEDB
CDEjecte	1000004101	gestion des CD et DVD
CDListe	1000004102	gestion des CD et DVD
ceConnecte	3023001	accès aux Terminaux Mobiles (Pocket PC)
ceCopieFichier	3023010	accès aux Terminaux Mobiles (Pocket PC)
ceCréeRaccourci	3023034	accès aux Terminaux Mobiles (Pocket PC)
ceDateFichier	3023002	accès aux Terminaux Mobiles (Pocket PC)
ceDéconnecte	3023012	accès aux Terminaux Mobiles (Pocket PC)
ceEtatAlimentation	3023006	accès aux Terminaux Mobiles (Pocket PC)
ceEtatConnexion	3023023	accès aux Terminaux Mobiles (Pocket PC)
ceFenEnumère	3023007	gestion des fenêtres
ceFenTitre	3023005	gestion des fenêtres
ceFichierExiste	3023008	accès aux Terminaux Mobiles (Pocket PC)
ceHeureFichier	3023009	accès aux Terminaux Mobiles (Pocket PC)
ceInfoOEM	3023051	accès aux Terminaux Mobiles (Pocket PC)
ceLanceAppli	3023003	accès aux Terminaux Mobiles (Pocket PC)
ceListeFichier	3023018	accès aux Terminaux Mobiles (Pocket PC)
CelluleAfficheDialogue	1000017139	gestion des pages
CelluleFermeDialogue	1000017140	gestion des pages
ceNomMachine	3023052	accès aux Terminaux Mobiles (Pocket PC)
cePlateforme	3023053	accès aux Terminaux Mobiles (Pocket PC)
ceRegistreCléSuivante	3023021	accès aux Terminaux Mobiles (Pocket PC)
ceRegistreCréeClé	3023024	accès aux Terminaux Mobiles (Pocket PC)
ceRegistreEcrit	3023014	accès aux Terminaux Mobiles (Pocket PC)
ceRegistreExiste	3023015	accès aux Terminaux Mobiles (Pocket PC)
ceRegistreListeValeur	3023016	accès aux Terminaux Mobiles (Pocket PC)
ceRegistreLit	3023022	accès aux Terminaux Mobiles (Pocket PC)
ceRegistrePremièreSousClé	3023017	accès aux Terminaux Mobiles (Pocket PC)
ceRegistreSousClé	3023011	accès aux Terminaux Mobiles (Pocket PC)
ceRegistreSupprimeClé	3023013	accès aux Terminaux Mobiles (Pocket PC)
ceRegistreSupprimeValeur	3023020	accès aux Terminaux Mobiles (Pocket PC)
ceRep	3023004	accès aux Terminaux Mobiles (Pocket PC)
ceRepCrée	3023019	accès aux Terminaux Mobiles (Pocket PC)
ceRepSupprime	3023032	accès aux Terminaux Mobiles (Pocket PC)
CertificatCharge	1000020851	gestion des certificats
CertificatClientInfo	1000019393	diverses WEBDEV
CertificatDeConfianceAjoute	1000024320	gestion des certificats
CertificatDeConfianceRAZ	1000024321	gestion des certificats
CertificatExtrait	1000019300	gestion des certificats
CertificatListe	1000019293	gestion des certificats
CertificatOuvrePropriétés	1000019301	gestion des certificats
CertificatSélecteur	1000019295	gestion des certificats
CertificatSigneChaîne	1000019296	gestion des certificats
CertificatSigneExécutable	1000020560	gestion des certificats
CertificatSigneFichier	1000019297	gestion des certificats
CertificatVérifieChaîne	1000019298	gestion des certificats
CertificatVérifieDuplicata	1000019306	gestion des certificats
CertificatVérifieFichierSignatureBuffer	1000019500	gestion des certificats
CertificatVérifieFichierSignatureFichier	1000019499	gestion des certificats
ceSupprimeFichier	3023037	accès aux Terminaux Mobiles (Pocket PC)
ceSupprimeRaccourci	3023033	accès aux Terminaux Mobiles (Pocket PC)
ceSysRep	3023031	accès aux Terminaux Mobiles (Pocket PC)
ceTailleFichier	3023038	accès aux Terminaux Mobiles (Pocket PC)
ceTypeProcesseur	3023040	accès aux Terminaux Mobiles (Pocket PC)
ceVersionWindows	3023042	accès aux Terminaux Mobiles (Pocket PC)
ceXRes	3023041	accès aux Terminaux Mobiles (Pocket PC)
ceYRes	3023044	accès aux Terminaux Mobiles (Pocket PC)
ChaîneAffiche	3012001	diverses WEBDEV
ChaîneCommencePar	1000018827	gestion des chaînes
ChaîneCompare	3024011	gestion des chaînes
ChaîneConstruit	3024006	gestion des chaînes
ChaîneDécoupe	1000022322	gestion des chaînes
ChaîneFinitPar	1000018828	gestion des chaînes
ChaîneFormate	3024019	gestion des chaînes
ChaîneIncrémente	1000020773	gestion des chaînes
ChaîneInsère	1000020477	gestion des chaînes
ChaîneInverse	1000019901	gestion des chaînes
ChaîneOccurrence	3024008	gestion des chaînes
ChaîneRécupère	3024005	gestion des chaînes
ChaîneSupprime	1000019917	gestion des chaînes
ChaîneVersDate	3027013	gestion des chaînes
ChaîneVersDurée	3027002	gestion des dates et des heures
ChaîneVersHeure	1000021339	gestion des dates et des heures
ChaîneVersJSON	1000024531	gestion des chaînes
ChaîneVersPalm	3059009	Palm Pilot
ChaîneVersTableau	1000017008	gestion des chaînes
ChaîneVersUTF8	3024042	gestion des chaînes
ChampActif	1000017377	Animation
ChampAlias	3025016	gestion des champs
ChampCauseEntréeSortie	3025013	gestion des champs
ChampClone	3025017	gestion des champs
ChampContextuel	3025012	Menu
ChampCrée	1000020876	gestion des champs
ChampEnCours	3025019	gestion des champs
ChampErreur	3025036	gestion des champs
ChampExécuteFermeture	1000023513	
ChampExécuteModification	1000022663	
ChampExiste	3025035	gestion des champs
ChampGrisé	1000017375	Animation
ChampInfoXY	1000020503	gestion des champs
ChampInvisible	1000017369	Animation
ChampPrécédent	3025033	gestion des champs
ChampPremier	3025022	gestion des champs
ChampRechercheSurligne	1000020535	recherche
ChampRechercheTextePrécédent	1000020765	recherche
ChampRechercheTextePremier	1000020763	recherche
ChampRechercheTexteSuivant	1000020764	recherche
ChampSansEspace	3025008	gestion des champs
ChampSuivant	3025020	gestion des champs
ChampSupprime	3025037	gestion des champs
ChampSurvol	3025021	gestion des champs
ChampTypeInfo	1000020520	gestion des champs
ChampVersSource	1000021384	liaison
ChampVisible	1000017338	Animation
ChangeAction	3058007	gestion des pages
ChangeAlphabet	3054001	Multilingue
ChangeClavier	3054002	Multilingue
ChangeDestination	3058005	gestion des pages
ChangeFenêtreSource	3038053	Fenêtres internes
ChangeGabarit	3013026	gestion des fenêtres
ChangeSéparateur	3054004	Multilingue
ChangeStyle	1000017171	gestion des champs
ChargeDLL	3014006	diverses Windows
ChargeErreur	3054003	Multilingue
ChargeImage	3029022	manipulation de chaînes graphiques
ChargeParamètre	3025047	gestion des champs
ChargePlancheImage	1000018826	manipulation de chaînes graphiques
ChargeProcédure	3013019	diverses WINDEV
ChargeWDL	3013020	diverses WINDEV
CheminNavigationAjouteLien	3083016	Chemin de navigation
CheminNavigationInsèreLien	3083017	Chemin de navigation
CheminNavigationModifieLien	3083018	Chemin de navigation
CheminNavigationSupprimeLien	3083019	Chemin de navigation
CheminNavigationSupprimeTout	3083020	Chemin de navigation
Cherche	1000017365	Tableau
ChercheParProcédure	1000020102	Tableau
ChercheProcédure	1000019367	
ChronoDébut	3027031	gestion des dates et des heures
ChronoFin	3027032	gestion des dates et des heures
ChronoPause	1000018829	gestion des dates et des heures
ChronoRAZ	1000020474	gestion des dates et des heures
ChronoReprend	1000018830	gestion des dates et des heures
ChronoValeur	3027033	gestion des dates et des heures
ClavierListe	3071001	gestion du clavier du Terminal Mobile (Pocket PC)
ClavierMode	3071005	gestion du clavier du Terminal Mobile (Pocket PC)
ClavierVisible	3071013	gestion du téléphone
CléCalculeCléActivation	1000018849	gestion des clés d'activation
CléCompareClé	1000018850	gestion des clés d'activation
CléGénèreCléInitiale	1000018848	gestion des clés d'activation
CléRécupèreIdentifiant	1000018851	gestion des clés d'activation
ColonneEnCours	3025006	gestion des champs
COMAppelleMéthode	1000018832	diverses Windows
CombinaisonDepuisNom	1000020771	gestion des combinaisons et des énumérations
CombinaisonDepuisValeur	1000020770	gestion des combinaisons et des énumérations
CombinaisonVérifieNom	1000020772	gestion des combinaisons et des énumérations
ComboFerme	3026001	Combos
ComboOuvre	3026003	Combos
COMCréeInstance	1000018831	diverses Windows
Compile	3013015	diverses WINDEV
Complète	3024010	gestion des chaînes
ComplèteRep	3024018	gestion des chaînes
ComposantCharge	3014023	Projets
ComposantChargeTout	1000018926	Projets
ComposantInfo	3013025	diverses WINDEV
ComposantListe	3064007	Projets
ComposantLocalise	3064009	Projets
Compresse	3024012	cryptage/compression
COMRécupèreInterface	1000019784	diverses Windows
ConfigureContexteAWP	1000017066	gestion des pages
Confirmer	3021007	Boîtes de dialogue
ConnexionOccurrence	3012004	diverses WEBDEV
ConsoleEcrit	1000024022	Console
ConsoleErreur	1000024023	Console
ConsoleLit	1000024024	Console
ConstruitEntier	3062016	diverses Windows
ConstruitTableFichier	3074002	Table
ConstruitVariantAutomation	3013062	diverses WINDEV
ContactAffiche	1000019506	Contact (Lotus Notes ou Android/iPhone/iPad)
ContactAjoute	1000006101	Contact (Lotus Notes ou Android/iPhone/iPad)
ContactCherche	1000006102	Contact (Lotus Notes ou Android/iPhone/iPad)
ContactCrée	1000019556	Contact (Lotus Notes ou Android/iPhone/iPad)
ContactDernier	1000006103	Contact (Lotus Notes ou Android/iPhone/iPad)
ContactEdite	1000019507	Contact (Lotus Notes ou Android/iPhone/iPad)
ContactListe	1000020266	Contact (Lotus Notes ou Android/iPhone/iPad)
ContactListeSource	1000020214	Contact (Lotus Notes ou Android/iPhone/iPad)
ContactLit	1000006112	Contact (Lotus Notes ou Android/iPhone/iPad)
ContactModifie	1000006104	Contact (Lotus Notes ou Android/iPhone/iPad)
ContactPrécédent	1000006105	Contact (Lotus Notes ou Android/iPhone/iPad)
ContactPremier	1000006106	Contact (Lotus Notes ou Android/iPhone/iPad)
ContactRAZ	1000006107	Contact (Lotus Notes ou Android/iPhone/iPad)
ContactSélectionne	1000019508	Contact (Lotus Notes ou Android/iPhone/iPad)
ContactSuivant	1000006108	Contact (Lotus Notes ou Android/iPhone/iPad)
ContactSupprime	1000006109	Contact (Lotus Notes ou Android/iPhone/iPad)
ContexteExiste	3058002	gestion des pages
ContexteFerme	3058003	gestion des pages
ContexteOuvre	3058004	gestion des pages
Contient	1000019893	gestion des chaînes
ContinentListe	1000024932	Pays et Continents
ContinentRécupère	1000024933	Pays et Continents
Conversion	3050069	Mathématiques
Convert	3044244	HFSQL
CookieEcrit	3012008	gestion du navigateur
CookieLit	3012009	gestion du navigateur
CoordonnéeEcranVersEditeur	1000021276	gestion des champs
CoordonnéeEditeurVersEcran	1000021277	gestion des champs
CorbeilleListeFichier	1000017162	Corbeille
CorbeilleRestaure	1000017159	Corbeille
CorbeilleSupprime	1000017158	Corbeille
CorbeilleVide	1000017157	Corbeille
Cosinus	3050062	Mathématiques
CoTang	3050013	Mathématiques
CouleurLuminosité	3029048	dessin
CouleurPalette	1000019905	diverses WEBDEV
CouleurSaturation	3029058	dessin
CouleurSélection	3025003	gestion des champs
CouleurTeinte	3029056	dessin
CréeRaccourci	3014008	diverses Windows
Crypte	3024014	cryptage/compression
CrypteAsymétrique	1000024049	cryptage/compression
CrypteAsymétriqueEnveloppé	1000024057	cryptage/compression
CrypteGénèreCléRSA	1000024052	cryptage/compression
CrypteStandard	1000021293	cryptage/compression
CSVVersTableau	1000017097	Tableau
CurseurAffiche	3071003	Souris
CurseurCapture	3071004	Souris
CurseurPos	3071006	Souris
dAffiche	1000019566	dessin
dArc	3029004	dessin
DateDifférence	3027001	gestion des dates et des heures
DateDuJour	3027016	gestion des dates et des heures
DateHeureDifférence	3027020	gestion des dates et des heures
DateHeureFuseauVersLocale	1000020976	gestion des dates et des heures
DateHeureLocaleVersFuseau	1000020977	gestion des dates et des heures
DateHeureLocaleVersUTC	3027036	gestion des dates et des heures
DateHeureParDéfaut	3027015	gestion des dates et des heures
DateHeureSys	1000019398	gestion des dates et des heures
DateHeureUTCVersLocale	3027037	gestion des dates et des heures
DateHeureValide	1000020940	gestion des dates et des heures
DateHeureVersEpoch	1000023337	gestion des dates et des heures
DateHeureVersRéel	1000021361	gestion des dates et des heures
DateSélecteur	1000020018	gestion des dates et des heures
DateSys	3027026	gestion des dates et des heures
DateValide	3027003	gestion des dates et des heures
DateVersChaîne	3027025	gestion des dates et des heures
DateVersEntier	3027014	gestion des dates et des heures
DateVersJour	3027004	gestion des dates et des heures
DateVersJourDeLaSemaine	1000024867	gestion des dates et des heures
DateVersJourEnLettre	3027010	gestion des dates et des heures
DateVersMoisEnLettre	3027012	gestion des dates et des heures
DateVersNuméroDeSemaine	3027011	gestion des dates et des heures
dbgActiveAssertion	3014021	gestion du débogage
dbgActiveAudit	1000018835	gestion du débogage
dbgActiveLog	1000017137	gestion du débogage
dbgAssertion	3014022	gestion du débogage
dbgDébutDiffMémoire	1000018840	gestion du débogage
dbgDébutEnregistrement	1000017160	gestion du débogage
dbgEcritCommentaireAudit	1000018839	gestion du débogage
dbgEcritWarningAudit	1000018838	gestion du débogage
dbgErreur	1000020526	gestion du débogage
dbgEtatAudit	1000018836	gestion du débogage
dbgEtatLog	1000017138	gestion du débogage
dbgFinDiffMémoire	1000018841	gestion du débogage
dbgFinEnregistrement	1000017161	gestion du débogage
dbgInfo	3014024	gestion du débogage
dbgOptionAudit	1000018837	gestion du débogage
dbgOptionLog	1000017136	gestion du débogage
dbgSauveDumpDébogage	1000018834	gestion du débogage
dbgSauveDumpMémoire	1000018852	gestion du débogage
dbgSortieStandard	3014020	gestion du débogage
dbgSurErreur	1000020722	gestion du débogage
dbgVérifieDifférence	1000019777	gestion du débogage
dbgVérifieEgalité	1000019776	gestion du débogage
dbgVérifieFaux	1000019781	gestion du débogage
dbgVérifieNonNull	1000019779	gestion du débogage
dbgVérifieNull	1000019778	gestion du débogage
dbgVérifieVrai	1000019780	gestion du débogage
dCadre	1000021894	dessin
dCercle	3029005	dessin
dChangeMode	3029010	dessin
dChargeImage	1000019656	dessin
dCopie	1000020799	dessin
dCopieImage	3029007	dessin
dCopieImageEcran	1000019911	dessin
dCopieImageFenêtre	1000019912	dessin
dCorde	3029008	dessin
dCouleurDominanteImage	1000022959	dessin
dDébutDessin	3029009	dessin
DDEChaîne	3028002	DDE
DDEConnecte	3028015	DDE
dDécoupe	1000019670	dessin
DDEDéconnecte	3028003	DDE
DDEDestinataire	3028001	DDE
DDEEnvoie	3028004	DDE
DDEErreur	3028006	DDE
DDEEvénement	3028009	DDE
DDEExécute	3028008	DDE
DDEFinLien	3028005	DDE
DDEItem	3028007	DDE
DDELance	3028013	DDE
DDELien	3028010	DDE
DDELienTiède	3028014	DDE
DDEModifie	3028011	DDE
DDERécupère	3028017	DDE
DDESujet	3028019	DDE
DéchargeDLL	3014009	diverses Windows
DéchargeProcédure	3013018	diverses WINDEV
DéchargeWDL	3013013	diverses WINDEV
DécimalVersSexagésimal	1000020511	Mathématiques
DéclareContexteAWP	3058028	gestion des pages
DéclareContexteWebservice	1000019460	Webservices
Procédures WLangage	1513008	
Décode	1000022259	cryptage/compression
DécomplèteRep	3024044	gestion des chaînes
Décompresse	3024009	cryptage/compression
Décrypte	3024035	cryptage/compression
DécrypteAsymétrique	1000024050	cryptage/compression
DécrypteAsymétriqueEnveloppé	1000024058	cryptage/compression
DécrypteStandard	1000021294	cryptage/compression
Défile	1000018322	gestion des files, piles, listes
DélaiAvantFermeture	3038040	gestion des fenêtres
Demain	1000023787	gestion des dates et des heures
DemandeMiseAJourIHM	1000021378	gestion des fenêtres
DemandeMiseAJourIHMParent	1000022961	gestion des fenêtres
Dépile	1000017372	gestion des files, piles, listes
Déplace	1000017358	Tableau
DéplaceColonne	1000017360	Tableau
DéplaceLigne	1000017359	Tableau
DernierJourDeLaSemaine	1000019883	gestion des dates et des heures
DernierJourDuMois	1000019399	gestion des dates et des heures
DésactiveFAA	3013061	FAA (Fonctionnalités Automatiques de l'Application)
Désérialise	3013066	gestion des chaînes
DessinDisponible	1000019483	dessin
dFinDessin	3029019	dessin
dFond	3029002	dessin
dFusionne	1000019673	dessin
dHalo	1000019671	dessin
Dialogue	3021015	Boîtes de dialogue
DictionnaireCharge	1000022958	gestion des champs
diffApplique	1000018602	diverses WINDEV
diffCrée	1000018601	diverses WINDEV
dImageVersTableau	1000019576	dessin
Dimension	3013022	diverses WINDEV
dIncrusteCouleur	1000019672	dessin
dInverseCouleur	3029001	dessin
DispositionAdapteTaille	1000023548	
dLigne	3029016	dessin
dModifieLuminosité	3029052	dessin
dModifieOpacité	1000020521	dessin
dModifieSaturation	3029053	dessin
dModifieTeinte	3029054	dessin
dModifieTSL	3029055	dessin
DnDAccepte	3030005	Drag and Drop
DnDCurseur	3030004	Drag and Drop
DnDDonne	3030001	Drag and Drop
DnDDonnéeDisponible	3030002	Drag and Drop
DnDDonneElémentTDB	1000020971	Drag and Drop
DnDEvénement	3030006	Drag and Drop
DnDImpose	3030003	Drag and Drop
DnDRécupère	3030008	Drag and Drop
DNSAjouteAdresse	1000019400	DNS
DNSListeAdresse	1000019401	DNS
DNSSupprimeAdresse	1000019402	DNS
DocAjoute	1000022919	Traitement de texte
DocChangeAltitude	1000023970	Traitement de texte
DocDébutModification	1000022620	Traitement de texte
DocEntreEdition	1000023077	Traitement de texte
DocFerme	1000022621	Traitement de texte
DocFinModification	1000022423	Traitement de texte
DocImprime	1000022640	Traitement de texte
DocInsère	1000022732	Traitement de texte
DocInsèreTableau	1000022967	Traitement de texte
DocOuvre	1000022622	Traitement de texte
DocPositionne	1000022743	Traitement de texte
DocRecherche	1000022388	Traitement de texte
DocRedo	1000022425	Traitement de texte
DocRedoOccurrence	1000022427	Traitement de texte
DocRemplace	1000022496	Traitement de texte
DocSauve	1000022387	Traitement de texte
DocSélectionne	1000022391	Traitement de texte
DocSortEdition	1000023088	Traitement de texte
DocSupprime	1000024172	Traitement de texte
DocUndo	1000022424	Traitement de texte
DocUndoOccurrence	1000022426	Traitement de texte
DocUndoRedoSupprimeTout	1000022734	Traitement de texte
DocVersHTML	1000022393	Traitement de texte
DocVersImage	1000022808	Traitement de texte
DocVersPDF	1000022531	Traitement de texte
DocVersTexte	1000022389	Traitement de texte
dOmbre	1000019674	dessin
DomoAllume	1000003101	domotique
DomoEnvoie	1000003104	domotique
DomoEtat	1000003105	domotique
DomoEteint	1000003103	domotique
DomoFerme	1000003106	domotique
DomoOuvre	1000003102	domotique
DonneCouleur	1000018912	diverses WINDEV
DonneFocus	3025001	gestion des champs
DonneGUID	1000018857	diverses WINDEV
DonneIdentifiant	3013028	Exécutables
DonneISOPays	1000023939	
DonneListePays	1000021846	
DonneNomPays	1000023938	
DonneUUID256	1000023916	diverses WINDEV
DonneUUID	1000023915	diverses WINDEV
DotNetAjouteEntête	3031009	Dotnet
DotNetDélégué	1000017052	Dotnet
DotNetDonneRésultat	3031005	Dotnet
DotNetErreur	3031004	Dotnet
DotNetExécute	3031016	Dotnet
DotNetExécuteXML	3031012	Dotnet
DotNetVersion	3031017	Dotnet
dPixelCouleur	3029014	dessin
dPixelOpacité	1000017029	dessin
dPoint	3029018	dessin
dPolice	3029020	dessin
dPolygone	3029006	dessin
dPolyligne	1000023919	dessin
dPortion	3029021	dessin
dRectangle	3029023	dessin
dRectangleArrondi	1000021773	dessin
dRectangleDégradé	1000017059	dessin
dRedimensionne	3029011	dessin
dRemplissage	3029017	dessin
Droite	3024016	gestion des chaînes
dRotation	3029024	dessin
dSauveImage	3029013	dessin
dSauveImageBMP	3029026	dessin
dSauveImageGIF	3029040	dessin
dSauveImageICO	1000020798	dessin
dSauveImageJPEG	3029038	dessin
dSauveImagePNG	3029027	dessin
dSauveImageTIFF	1000020852	dessin
dStylo	3029029	dessin
dSymétrieHorizontale	3029031	dessin
dSymétrieVerticale	3029030	dessin
dTexte	3029032	dessin
dTexteRTF	1000021280	dessin
dTransfertVersImage	1000020210	dessin
DuréeVersChaîne	3027007	gestion des dates et des heures
DynamicServingConfigure	1000021994	diverses WEBDEV
eChangeDevise	3033012	gestion de l'Euro
EchangeLigne	1000020482	Tableau
EcranPremier	3025039	gestion des champs
EcranVersFichier	3044146	liaison
EcranVersSource	1000017342	liaison
eDeviseAffParDéfaut	3033009	gestion de l'Euro
eDeviseMemParDéfaut	3033016	gestion de l'Euro
eDifférenceArrondi	3033015	gestion de l'Euro
eInitDevise	3033003	gestion de l'Euro
EmailAjouteDossier	3032129	gestion des emails
EmailChangeDossier	3032135	gestion des emails
EmailChangeEtat	1000019112	gestion des emails
EmailChangeTimeOut	3032001	gestion des emails
EmailChargeFichierAttaché	1000019126	gestion des emails
EmailCherchePremier	3032131	gestion des emails
EmailCherchePremierNotes	3032125	gestion des emails
EmailConstruitSource	1000017225	gestion des emails
EmailCopie	1000019918	gestion des emails
EmailDétruit	1000021553	gestion des emails
EmailDossierCourant	3032132	gestion des emails
EmailEnvoie	3032003	gestion des emails
EmailEnvoieMessage	3032005	gestion des emails
EmailEtat	3032009	gestion des emails
EmailFermeSession	3032006	gestion des emails
EmailImporteHTML	3032038	gestion des emails
EmailImporteSource	1000017226	gestion des emails
EmailJauge	3032017	gestion des emails
EmailLanceAppli	1000019564	gestion des emails
EmailListeDossier	3032133	gestion des emails
EmailLitDernier	3032010	gestion des emails
EmailLitEntêteDernier	3032015	gestion des emails
EmailLitEntêteMessage	3032012	gestion des emails
EmailLitEntêtePrécédent	3032019	gestion des emails
EmailLitEntêtePremier	3032013	gestion des emails
EmailLitEntêteSuivant	3032018	gestion des emails
EmailLitMessage	3032016	gestion des emails
EmailLitPrécédent	3032008	gestion des emails
EmailLitPremier	3032014	gestion des emails
EmailLitSuivant	3032004	gestion des emails
EmailLitTimeOut	3032011	gestion des emails
EmailMiseAJour	3032036	gestion des emails
EmailMsgErreur	3032026	gestion des emails
EmailNbMessage	3032024	gestion des emails
EmailOuvreMessagerie	3032021	gestion du navigateur
EmailOuvreSession	3032028	gestion des emails
EmailOuvreSessionIMAP	1000019189	gestion des emails
EmailOuvreSessionNotes	3032121	gestion des emails
EmailOuvreSessionOutlook	3032128	gestion des emails
EmailOuvreSessionPOP3	3032022	gestion des emails
EmailOuvreSessionSMTP	3032025	gestion des emails
EmailParamètre	1000022269	gestion des emails
EmailRAZ	3032023	gestion des emails
EmailRécupèreIndicateur	1000021263	gestion des emails
EmailRécupèreTout	1000018727	gestion des emails
EmailSauveFichierAttaché	3032020	gestion des emails
EmailSupprimeDossier	3032134	gestion des emails
EmailSupprimeMessage	3032027	gestion des emails
EmailTailleMessage	3032030	gestion des emails
EmailVérifieAdresse	1000017305	gestion des emails
Empile	1000017366	gestion des files, piles, listes
Encode	1000022258	cryptage/compression
Enfile	1000018323	gestion des files, piles, listes
EnMode64bits	1000019491	diverses WINDEV
EnModeAJAX	3013074	diverses WINDEV
EnModeAndroid	1000018990	diverses WINDEV
EnModeAppleWatch	1000022065	diverses WINDEV
EnModeArrièrePlan	1000023457	diverses WINDEV
EnModeAWP	3014031	diverses WINDEV
EnModeComposant	3013023	diverses WINDEV
EnModeDeviceOwner	1000024428	Kiosque
EnModeEmulateurAndroid	1000019146	diverses WINDEV
EnModeEmulateurAppleWatch	1000022067	diverses WINDEV
EnModeEmulateuriOS	1000019766	diverses WINDEV
EnModeEmulateurWindowsPhone	1000019404	diverses WINDEV
EnModeEtatsEtRequêtes	3013068	diverses WINDEV
EnModeFabrique	1000019490	diverses WINDEV
EnModeiOS	1000019765	diverses WINDEV
EnModeJava	3013058	diverses WINDEV
EnModeKiosque	1000024427	Kiosque
EnModeLinux	1000019577	diverses WINDEV
EnModeMCU	1000017027	MCU
EnModePHP	3013057	diverses WINDEV
EnModePocket	3013024	diverses WINDEV
EnModeProcédureDifférée	1000020665	diverses WINDEV
EnModeProcédureStockée	3014029	diverses WINDEV
EnModeService	1000018710	diverses WINDEV
EnModeSessionPrélancée	1000021575	diverses WINDEV
EnModeSimulateur	3014033	diverses WINDEV
EnModeSimulateurAndroid	1000019181	diverses WINDEV
EnModeSimulateurAppleWatch	1000022066	diverses WINDEV
EnModeSimulateuriOS	1000019767	diverses WINDEV
EnModeSimulateurPHP	1000018812	diverses WINDEV
EnModeSimulateurPocket	1000019182	diverses WINDEV
EnModeSimulateurUniversalWindowsApp	1000022041	diverses WINDEV
EnModeSimulateurUniversalWindowsPlatform	1000021971	diverses WINDEV
EnModeSimulateurWindowsPhone	1000019403	diverses WINDEV
EnModeSimulateurWindowsStoreApp	1000020696	diverses WINDEV
EnModeSimulateurWinRT	1000020607	diverses WINDEV
EnModeTest	3013011	diverses WINDEV
EnModeTestAutomatique	3014027	diverses WINDEV
EnModeTSE	1000017028	diverses WINDEV
EnModeUniversalWindowsApp	1000022098	diverses WINDEV
EnModeUniversalWindowsPlatform	1000021972	diverses WINDEV
EnModeVGA	1000019638	diverses WINDEV
EnModeWeb	3013042	diverses WINDEV
EnModeWebservice	1000019405	diverses WINDEV
EnModeWidget	1000020649	Widget
EnModeWindows	1000019614	diverses WINDEV
EnModeWindowsPhone	1000019407	diverses WINDEV
EnModeWindowsStoreApp	1000020695	diverses WINDEV
EnModeWinRT	1000020527	diverses WINDEV
eNomDevise	3033006	gestion de l'Euro
EntierSystèmeVersEntier	1000022256	gestion des chaînes
EntierVersDate	3027009	gestion des dates et des heures
EntierVersHeure	3027006	gestion des dates et des heures
EntierVersHexa	1000019494	gestion des chaînes
EntierVersJour	3027008	gestion des dates et des heures
EntierVersJourEnLettre	3027028	gestion des dates et des heures
EntierVersMoisEnLettre	3027005	gestion des dates et des heures
EntierVersNuméroDeSemaine	3027030	gestion des dates et des heures
EnumérationDepuisNom	1000020769	gestion des combinaisons et des énumérations
EnumérationDepuisValeur	1000020768	gestion des combinaisons et des énumérations
EnumérationVérifieNom	1000020767	gestion des combinaisons et des énumérations
EnumérationVérifieValeur	1000020866	gestion des combinaisons et des énumérations
EnumèreChamp	3025005	gestion des champs
EnumèreElément	3064001	gestion des fenêtres
EnumèreMenu	3038039	Menu
EnumèreSousElément	3064002	Menu
EnvoieTouche	3014014	diverses Windows
EpochVersDateHeure	1000023338	gestion des dates et des heures
Erreur 809 : Le caractère * ne peut pas être utilisé comme paramètre obligatoire d'une fonction	100000810	
Erreur	3021013	Boîtes de dialogue
ErreurAvecDélai	1000020529	Boîtes de dialogue
ErreurChangeParamètre	3034009	gestion des Exceptions
ErreurConstruit	1000018878	Boîtes de dialogue
ErreurDéclenche	3034011	gestion des Exceptions
ErreurInfo	3013008	gestion des Exceptions
ErreurPropage	3034015	gestion des Exceptions
ErreurRestaureParamètre	3034012	gestion des Exceptions
EspaceSignificatif	3044142	HFSQL
EstImpair	3050015	Mathématiques
EstNumérique	3013035	diverses WINDEV
EstPair	3050064	Mathématiques
EtatAlimentation	3067007	gestion du téléphone
eTauxDeChange	3033004	gestion de l'Euro
ETBinaire	3050010	gestion des valeurs Binaires
EvalueExpression	1000019782	diverses WINDEV
Evénement	3015011	Evénements Windows
eVersDevise	3033001	gestion de l'Euro
eVersEuro	3033005	gestion de l'Euro
ExceptionActive	3034002	gestion des Exceptions
ExceptionAffiche	1000019408	gestion des Exceptions
ExceptionChangeParamètre	3034007	gestion des Exceptions
ExceptionDéclenche	3034005	gestion des Exceptions
ExceptionInfo	3034006	gestion des Exceptions
ExceptionPropage	3034014	gestion des Exceptions
ExceptionRestaureParamètre	3034008	gestion des Exceptions
Exécute	3013041	diverses WINDEV
ExécuteActionPrédéfinie	3014028	diverses WINDEV
ExécuteAncêtre	3013063	diverses WINDEV
ExécuteCode	1000019783	diverses WINDEV
ExécuteFAA	3013060	FAA (Fonctionnalités Automatiques de l'Application)
ExécuteJS	1000023014	diverses WINDEV
ExécuteMiseAJourIHM	1000021379	gestion des fenêtres
ExécuteMiseAJourIHMParent	1000022962	gestion des fenêtres
ExécuteProcédureDifférée	1000020682	diverses WEBDEV
ExécuteThreadPrincipal	1000019862	gestion des threads
ExécuteTraitement	3013031	diverses WINDEV
ExeDonnePID	1000017239	Exécutables
ExeInfo	3035001	Exécutables
ExeLancé	3035003	Exécutables
ExeListeDLL	3035009	Exécutables
ExeListeProcessus	3035008	Exécutables
ExePriorité	3035010	Exécutables
ExeTermine	3035004	Exécutables
Exp	3050029	Mathématiques
ExplorerAccepte	3030015	Drag and Drop
ExplorerRécupère	3030009	Drag and Drop
ExtraitChaîne	3024017	gestion des chaînes
ExtraitChaîneEntre	1000024868	gestion des chaînes
ExtraitLigne	1000020480	gestion des chaînes
FAAActive	1000024767	FAA (Fonctionnalités Automatiques de l'Application)
FAAChangeLibellé	1000022100	FAA (Fonctionnalités Automatiques de l'Application)
FAADésactive	1000022018	FAA (Fonctionnalités Automatiques de l'Application)
FAAExécute	1000022099	FAA (Fonctionnalités Automatiques de l'Application)
FAAExporteParamètre	1000024375	FAA (Fonctionnalités Automatiques de l'Application)
FAAImporteParamètre	1000024377	FAA (Fonctionnalités Automatiques de l'Application)
FAAMenuContextuelVersChaîne	1000022467	FAA (Fonctionnalités Automatiques de l'Application)
FAAParamètre	1000022108	FAA (Fonctionnalités Automatiques de l'Application)
FAAPossible	1000022791	FAA (Fonctionnalités Automatiques de l'Application)
FAASécuritéExport	1000022481	FAA (Fonctionnalités Automatiques de l'Application)
FacteurGrandePolice	3013032	gestion des fenêtres
Factorielle	1000019409	Mathématiques
fAjouteBuffer	1000020496	gestion des fichiers externes
fAjouteTexte	1000020494	gestion des fichiers externes
fAttribut	3036010	gestion des fichiers externes
fAttributLectureSeule	3036063	gestion des fichiers externes
FaxBoîteEnvoi	3037008	Fax
FaxBoîteRéception	3037009	Fax
FaxConnecte	3037005	Fax
FaxDéconnecte	3037007	Fax
FaxEnvoie	3037006	Fax
FaxEtat	3037001	Fax
FaxRéinitialise	3037012	Fax
FaxReprend	3037013	Fax
FaxSupprime	3037014	Fax
FaxSuspend	3037015	Fax
FBEtatSession	1000021852	Facebook
FBFermeSession	1000021836	Facebook
fBloque	3036030	gestion des fichiers externes
FBOuvreSession	1000021835	Facebook
FBRécupèreInformationUtilisateur	1000021837	Facebook
FBRequête	1000021838	Facebook
fChangeTaille	3036064	gestion des fichiers externes
fChargeBuffer	1000019410	gestion des fichiers externes
fChargeRessource	1000023958	gestion des fichiers externes
fChargeTexte	3036006	gestion des fichiers externes
fCheminCourt	3036012	gestion des fichiers externes
fCheminLong	3036028	gestion des fichiers externes
fCherche	1000020498	gestion des fichiers externes
fCompacte	3036016	gestion des fichiers externes
fCompare	3036002	gestion des fichiers externes
fConstruitChemin	1000019880	gestion des fichiers externes
fCopieFichier	3036004	gestion des fichiers externes
fCopieFichierRépertoireWeb	1000020181	gestion des fichiers externes
fCrée	3036017	gestion des fichiers externes
fCréeLien	1000018876	gestion des fichiers externes
fCrypte	3036013	gestion des fichiers externes
fDate	3036019	gestion des fichiers externes
fDateHeure	3036066	gestion des fichiers externes
fDébloque	3036020	gestion des fichiers externes
fDécompacte	3036021	gestion des fichiers externes
fDécoupe	1000021019	gestion des fichiers externes
fDécrypte	3036018	gestion des fichiers externes
fDéplaceFichier	3036060	gestion des fichiers externes
fDétecteStockageAmovible	3036061	gestion des fichiers externes
fDisqueEnCours	3036023	gestion des fichiers externes
fDisqueInfo	3036024	gestion des fichiers externes
fDisquePrêt	3036047	gestion des fichiers externes
fEcrit	3036014	gestion des fichiers externes
fEcritLigne	3036025	gestion des fichiers externes
FenActiveGFI	3038056	gestion des fenêtres
FenAdapteHauteur	1000019886	gestion des fenêtres
FenAdapteLargeur	1000019920	gestion des fenêtres
FenAdapteTaille	3038049	gestion des fenêtres
FenAgencementEnCours	1000021133	gestion des fenêtres
FenAnimationFermeture	3038050	Animation
FenAnimationOuverture	3038051	Animation
FenAnimationSuivante	3038052	Animation
FenAttenteDébut	1000023416	gestion des fenêtres
FenAttenteFin	1000023417	gestion des fenêtres
FenBoutonSystème	3038024	gestion des fenêtres
FenChangeAgencement	1000021056	gestion des fenêtres
FenChangeAlias	3038028	gestion des fenêtres
FenColleFormulaire	1000018993	gestion des fenêtres
FenCopieFormulaire	1000018992	gestion des fenêtres
FenCoulissanteVisible	1000020978	gestion des fenêtres
FenDésactiveEffet	1000017172	Animation
FenDonneHauteurAdaptée	1000019888	gestion des fenêtres
FenDonneLargeurAdaptée	1000019889	gestion des fenêtres
FenEdActive	1000021843	Fenêtres manipulables par l'utilisateur final
FenEdCharge	1000021849	Fenêtres manipulables par l'utilisateur final
FenEdCréeNote	1000022270	Fenêtres manipulables par l'utilisateur final
FenEdDéclareUndo	1000021898	Fenêtres manipulables par l'utilisateur final
FenEdDésélectionneTout	1000021873	Fenêtres manipulables par l'utilisateur final
FenEdDo	1000021897	Fenêtres manipulables par l'utilisateur final
FenEdRedo	1000021905	Fenêtres manipulables par l'utilisateur final
FenEdRestaure	1000021869	Fenêtres manipulables par l'utilisateur final
FenEdSauve	1000021848	Fenêtres manipulables par l'utilisateur final
FenEdSauveNote	1000022120	Fenêtres manipulables par l'utilisateur final
FenEdSelect	1000021871	Fenêtres manipulables par l'utilisateur final
FenEdSelectMoins	1000021874	Fenêtres manipulables par l'utilisateur final
FenEdSelectOccurrence	1000021870	Fenêtres manipulables par l'utilisateur final
FenEdSelectPlus	1000021872	Fenêtres manipulables par l'utilisateur final
FenEdUndo	1000021904	Fenêtres manipulables par l'utilisateur final
FenEffetInactif	3038055	gestion des fenêtres
FenEnCours	3038033	gestion des fenêtres
FenEnExécution	3038034	gestion des fenêtres
FenEtat	3038030	gestion des fenêtres
FenExtHaut	3038032	gestion des fenêtres
FenExtLarg	3038029	gestion des fenêtres
FenExtPosX	3038027	gestion des fenêtres
FenExtPosY	3038026	gestion des fenêtres
FenForceGFI	1000019890	gestion des fenêtres
FenHauteurBarreIcone	3038025	gestion des fenêtres
FenImageFond	3038038	gestion des fenêtres
FenInitialisée	1000018919	gestion des fenêtres
FenIntHaut	3038037	gestion des fenêtres
FenIntLarg	3038031	gestion des fenêtres
FenIntPosX	3038017	gestion des fenêtres
FenIntPosY	3038011	gestion des fenêtres
FenOrientation	1000020075	gestion des fenêtres
FenPrécédente	3038014	gestion des fenêtres
FenRafraîchissementVisible	1000023419	gestion des fenêtres
FenRectangleEcran	1000017198	gestion des fenêtres
FenRepeint	3038006	gestion des fenêtres
FenTaille	3038020	gestion des fenêtres
FenTailleUtile	1000017089	Fenêtres internes
FenTauxGFI	3038057	gestion des fenêtres
Ferme	3038018	gestion des fenêtres
FermeSession	3032124	gestion des emails
fEstUneImage	1000019411	gestion des fichiers externes
fExtraitChemin	3036026	gestion des fichiers externes
fExtraitRessource	1000019509	gestion des fichiers externes
fFerme	3036027	gestion des fichiers externes
fFichierExiste	3036015	gestion des fichiers externes
fFichierTemp	3036011	gestion des fichiers externes
fFiltreImage	3036009	gestion des fichiers externes
fHeure	3036042	gestion des fichiers externes
FichierAffiche	3012005	diverses WEBDEV
FichierAide	3013029	diverses WINDEV
FichierVersEcran	3044210	liaison
FichierVersListeMémoire	3049007	Liste
FichierVersMémoire	3013071	
FichierVersPage	3044148	liaison
FichierVersPalm	3059002	Palm Pilot
FichierVersTableau	1000018833	Tableau
FichierVersTableMémoire	3074005	Table
FileInfo	1000019547	gestion des files, piles, listes
FIListeAffiche	1000020567	Fenêtres internes
FIListeAjoute	1000020558	Fenêtres internes
FIListeInsère	1000020945	Fenêtres internes
FIListeOccurrence	1000020563	Fenêtres internes
FIListePosition	1000020562	Fenêtres internes
FIListePrécédent	1000020565	Fenêtres internes
FIListeSuivant	1000020564	Fenêtres internes
FIListeSupprime	1000020559	Fenêtres internes
FIListeSupprimeTout	1000020561	Fenêtres internes
FinAmortissement	3050061	financières
FinAmortissementDégressif	3050068	financières
FinAmortissementLinéaire	3050046	financières
FinAutomatismeProcédure	3013034	diverses WINDEV
FinErreur	3050071	financières
FinEvénement	3015010	Evénements Windows
FinIntérêtPériode	3050042	financières
FinNbVersement	3050041	financières
FinProgramme	3013033	diverses WINDEV
FinService	1000018711	Service
FinTauxIntérêt	3050047	financières
FinTimer	3015007	Evénements Windows
FinTimerSys	3015009	Evénements Windows
FinValActuelle	3050055	financières
FinValActuelleNette	3050053	financières
FinValFuture	3050056	financières
FinValRemboursement	3050039	financières
FlècheDébut	3029059	dessin
FlècheFin	3029060	dessin
fListeDisque	1000019913	gestion des fichiers externes
fListeFichier	3036058	gestion des fichiers externes
fListeRépertoire	3036062	gestion des fichiers externes
fListeRessource	1000020981	gestion des fichiers externes
fLit	3036048	gestion des fichiers externes
fLitLigne	3036031	gestion des fichiers externes
fLitLigneExpressionRégulière	1000019746	gestion des fichiers externes
FluxAccepte	3039003	Flux
FluxChangeDriver	1000021613	Flux
FluxConfigure	1000021645	Flux
FluxConnecte	3039008	Flux
FluxDéconnecte	3039007	Flux
FluxInfo	3039009	Flux
FluxJoue	3039010	Flux
FluxRefuse	3039006	Flux
FluxStop	3039002	Flux
fMemAttend	1000018915	gestion des zones de mémoire partagées
fMemExiste	1000018916	gestion des zones de mémoire partagées
fMemOuvre	1000018917	gestion des zones de mémoire partagées
fNomCourt	3036032	gestion des fichiers externes
fNomFichier	1000017290	gestion des fichiers externes
fNomLong	3036033	gestion des fichiers externes
FormePolygone	1000022000	gestion des champs
fOuvre	3036036	gestion des fichiers externes
fOuvreFichierTemp	1000017289	gestion des fichiers externes
fPositionne	3036039	gestion des fichiers externes
FramesetActualise	3058014	gestion des pages
FramesetAffiche	3058006	gestion des pages
FramesetUtilise	3058012	gestion des pages
fRegroupe	1000021020	gestion des fichiers externes
fRenomme	3036038	gestion des fichiers externes
fRep	3036056	gestion des fichiers externes
fRepAttribut	3036040	gestion des fichiers externes
fRepCache	1000021819	gestion des fichiers externes
fRepCopie	3036041	gestion des fichiers externes
fRepCrée_55	3036005	gestion des fichiers externes
fRepCrée	3036043	gestion des fichiers externes
fRepDéplace	3036035	gestion des fichiers externes
fRepDonnées	3036001	gestion des fichiers externes
fRepDonnéesCommun	3036070	gestion des fichiers externes
fRepDonnéesUtilisateur	3036071	gestion des fichiers externes
fRepDroit	3036003	gestion des fichiers externes
fRepEnCours	3036022	gestion des fichiers externes
fRépertoireExiste	3036059	gestion des fichiers externes
fRépertoireTemp	3036044	gestion des fichiers externes
fRepEtatsEtRequêtes	3036065	gestion des fichiers externes
fRepExe	3036049	gestion des fichiers externes
fRepExiste	1000021899	gestion des fichiers externes
fRepGlobalCommun	3036072	gestion des fichiers externes
fRepGlobalUtilisateur	3036073	gestion des fichiers externes
fRepParent	1000018856	gestion des fichiers externes
fRepRenomme	1000024533	gestion des fichiers externes
fRepRessource	1000020166	gestion des fichiers externes
fRepSélecteur	3036050	gestion des fichiers externes
fRepSupprime	3036051	gestion des fichiers externes
fRepTaille	1000017032	gestion des fichiers externes
fRepTemp	1000021768	gestion des fichiers externes
fRepWeb	3036052	gestion des fichiers externes
fSauveBuffer	1000019412	gestion des fichiers externes
fSauveTexte	3036046	gestion des fichiers externes
fSélecteur	3036053	gestion des fichiers externes
fSélecteurImage	3036037	gestion des fichiers externes
fSep	1000019647	gestion des fichiers externes
fSéparateur	1000018861	gestion des fichiers externes
fStopCompacte	3036057	gestion des fichiers externes
fSupprime	3036029	gestion des fichiers externes
fSupprimeFichierRépertoireWeb	1000020187	gestion des fichiers externes
fSurveilleFichier	1000020522	gestion des fichiers externes
fSurveilleRépertoire	1000020523	gestion des fichiers externes
fSurveilleStop	1000020575	gestion des fichiers externes
fSurveilleStopTout	1000020576	gestion des fichiers externes
fTaille	3036055	gestion des fichiers externes
fTailleDécompacté	3036054	gestion des fichiers externes
FTPAttribut	3040006	FTP
FTPCommande	3040017	FTP
FTPConnecte	3040016	FTP
FTPDate	3040015	FTP
FTPDateHeure	1000020946	FTP
FTPDéconnecte	3040011	FTP
FTPEnvoie	3040014	FTP
FTPFichierExiste	1000020948	FTP
FTPHeure	3040013	FTP
FTPListeFichier	3040018	FTP
FTPNom	3040019	FTP
FTPParamètre	1000020947	FTP
FTPProxy	1000019366	FTP
FTPRécupère	3040002	FTP
FTPRécupèreFichier	1000024597	FTP
FTPRenommeFichier	3040005	FTP
FTPRepCrée	3040001	FTP
FTPRepEnCours	3040003	FTP
FTPRepSupprime	3040008	FTP
FTPSupprimeFichier	3040010	FTP
FTPTaille	3040007	FTP
GadgetAfficheFlyout	1000017218	gestion des gadgets Vista
GadgetChargeParamètre	1000017220	gestion des gadgets Vista
GadgetFermeFlyout	1000017219	gestion des gadgets Vista
GadgetSauveParamètre	1000017221	gestion des gadgets Vista
GalerieAffichePopup	1000023476	Zones répétées
GalerieFermePopup	1000023478	Zones répétées
GanttAjouteCongé	1000021116	Gantt
GanttAjouteLien	1000021075	Gantt
GanttAjouteTâche	1000020904	Gantt
GanttChangeMode	1000021030	Gantt
GanttHeureAffichée	1000021081	Gantt
GanttHeureOuvrable	1000021117	Gantt
GanttJourSemaineOuvré	1000021035	Gantt
GanttListeLien	1000021079	Gantt
GanttListeTâche	1000021073	Gantt
GanttOrganiseTâche	1000020890	Gantt
GanttPositionDateHeure	1000021036	Gantt
GanttRécupèreTâche	1000021026	Gantt
GanttSupprimeLien	1000021080	Gantt
GanttSupprimeTâche	1000020923	Gantt
GanttSupprimeTout	1000020924	Gantt
gARécupérer	3029025	manipulation de chaînes graphiques
Gauche	3024001	gestion des chaînes
gCadrage	3029046	manipulation de chaînes graphiques
gCercle	3029041	manipulation de chaînes graphiques
gCoord	3029034	manipulation de chaînes graphiques
GénèreMotDePasse	1000020513	diverses WINDEV
géoAzimut	1000019212	géolocalisation
géoDistance	1000019211	géolocalisation
géoLanceAppli	1000019954	géolocalisation
géoRécupèreAdresse	1000019797	géolocalisation
géoSuiviActive	1000021583	géolocalisation
géoSuiviDésactive	1000021584	géolocalisation
géoSuiviEtat	1000021592	géolocalisation
géoSuiviProcédure	1000021585	géolocalisation
GesteNbPointeur	1000019750	multi-touch
GestePointeurEncours	1000019751	multi-touch
GestePosX	1000019741	multi-touch
GestePosY	1000019745	multi-touch
GesteTypePointeur	1000023785	multi-touch
gFond	3029037	manipulation de chaînes graphiques
gFondDégradé	1000017060	manipulation de chaînes graphiques
GglAdresseVersCoordonnées	1000017568	gestion des cartes Google
gglAdWEcritCritèreExcluCampagne	1000017703	Google AdWords
gglAdWEstDiffusionOptimisée	1000017382	Google AdWords
GglAdWEstimeCampagne	1000018269	Google AdWords
GglAdWEstimeGroupeAnnonce	1000018270	Google AdWords
GglAdWEstimeMotClé	1000018271	Google AdWords
GglAdWListeAlerteMCC	1000017685	gestion des comptes AdWords
GglAdWListeAnnonce	1000017644	Google AdWords
GglAdWListeAnnonceActive	1000017643	Google AdWords
GglAdWListeCampagne	1000017533	Google AdWords
GglAdWListeCompteClient	1000017684	gestion des comptes AdWords
GglAdWListeCritère	1000017700	Google AdWords
GglAdWListeCritèreExclu	1000017701	Google AdWords
GglAdWListeEligibilitéOptimConversion	1000017383	Google AdWords
GglAdWListeEntreprise	1000017642	Google AdWords
GglAdWListeGroupeActif	1000018299	Google AdWords
GglAdWListeGroupeAnnonce	1000018300	Google AdWords
GglAdWListeInfoCompteClient	1000017683	gestion des comptes AdWords
GglAdWListeRequêteRapport	1000018272	Google AdWords
GglAdWListeSiteParCatégorie	1000018276	Google AdWords
GglAdWListeSiteParDémographie	1000018277	Google AdWords
GglAdWListeSiteParSujet	1000018278	Google AdWords
GglAdWListeSiteParURL	1000018279	Google AdWords
GglAdWListeStatistiqueAnnonce	1000017645	Google AdWords
GglAdWListeStatistiqueCampagne	1000017381	Google AdWords
GglAdWListeStatistiqueCritère	1000017702	Google AdWords
GglAdWListeStatistiqueGroupe	1000018301	Google AdWords
GglAdWListeVidéo	1000017687	Google AdWords
GglAdWModifieDiffusionOptimisée	1000017384	Google AdWords
GglAdWPlanifieRequêteRapport	1000018274	Google AdWords
GglAdWRécupèreAnnonce	1000017606	Google AdWords
GglAdWRécupèreCampagne	1000017379	Google AdWords
GglAdWRécupèreCoûtMéthode	1000017712	service "InfoService"
GglAdWRécupèreGroupeAnnonce	1000018305	Google AdWords
GglAdWRécupèreInfoCompte	1000017682	gestion des comptes AdWords
GglAdWRécupèreMotCléDepuisSite	1000018275	Google AdWords
GglAdWRécupèreNbOpération	1000017713	service "InfoService"
GglAdWRécupèreNbUnité	1000017719	service "InfoService"
GglAdWRécupèreNbUnitéDispoMoisCourant	1000017721	service "InfoService"
GglAdWRécupèreNbUnitéGratuiteMoisCourant	1000017711	service "InfoService"
GglAdWRécupèreNbUnitéParClient	1000017720	service "InfoService"
GglAdWRécupèreNbUnitéPourMéthode	1000017714	service "InfoService"
GglAdWRécupèreStatutRequêteRaport	1000018273	Google AdWords
GglAdWRécupèreURLRapport	1000018280	Google AdWords
GglAdWRécupèreURLRapportGZip	1000018281	Google AdWords
GglAdWRécupèreVariationMotClé	1000018282	Google AdWords
GglAdWRemplaceCritèreExclu	1000018302	Google AdWords
GglAdWSupprimeRapport	1000018283	Google AdWords
GglAdWValideRequêteRapport	1000018284	Google AdWords
GglAdWVérifieAnnonce	1000017704	Google AdWords
GglAdWVérifieCritère	1000017699	Google AdWords
GglAdWVérifieTraficMotClé	1000018285	Google AdWords
GglAnalyticsAjouteActionRéseauSocial	1000022358	Google Analytics
GglAnalyticsAjouteDurée	1000022359	Google Analytics
GglAnalyticsAjouteEvénement	1000022356	Google Analytics
GglAnalyticsAjouteException	1000022360	Google Analytics
GglAnalyticsAjoutePage	1000022357	Google Analytics
GglConnecte	1000017332	
GglDéconnecte	1000021451	
GglEcrit	1000017401	gestion des agendas Google
GglEnvoieDocument	1000017368	gestion des documents Google
GglImprimeDocument	1000020420	gestion des documents Google
GglListeAgenda	1000017330	gestion des agendas Google
GglListeAlbum	1000017370	gestion des albums Picasa
GglListeCommentaire	1000018389	gestion des albums Picasa
GglListeContact	1000017344	gestion des contacts Google
GglListeContactParRequête	1000017346	gestion des contacts Google
GglListeDocument	1000017367	gestion des documents Google
GglListeGroupeContact	1000017577	gestion des contacts Google
GglListePhoto	1000018385	gestion des albums Picasa
GglListeTag	1000017403	gestion des albums Picasa
GglRécupèreAgenda	1000017410	gestion des agendas Google
GglRécupèreAlbum	1000018379	gestion des albums Picasa
GglRécupèreCarte	1000017404	gestion des cartes Google
GglRécupèreDocument	1000019904	gestion des documents Google
GglRécupèreLicence	1000020815	
GglRemplitAgenda	1000017337	gestion des agendas Google
GglRemplitAgendaParRequête	1000017347	gestion des agendas Google
GglRemplitAlbum	1000017371	gestion des albums Picasa
GglRemplitPhoto	1000018380	gestion des albums Picasa
GglRequête	1000017345	gestion des agendas Google
GglSupprime	1000017402	gestion des agendas Google
gImage	3029042	manipulation de chaînes graphiques
gImageExiste	1000021860	manipulation de chaînes graphiques
gLien	3029043	manipulation de chaînes graphiques
gLienActive	3029036	manipulation de chaînes graphiques
gLienCliquable	1000021774	manipulation de chaînes graphiques
gLigne	3029044	manipulation de chaînes graphiques
gPolice	3029047	manipulation de chaînes graphiques
gPoliceBarrée	1000023596	manipulation de chaînes graphiques
gPoliceGras	3029061	manipulation de chaînes graphiques
gPoliceItalique	3029062	manipulation de chaînes graphiques
gPoliceSoulignée	3029063	manipulation de chaînes graphiques
gPoliceTaille	3029064	manipulation de chaînes graphiques
GPSArrêteDétection	1000019240	géolocalisation
GPSDernièrePosition	1000019239	géolocalisation
GPSDétectePosition	1000019209	géolocalisation
GPSEtat	1000019207	géolocalisation
GPSInfo	1000019208	géolocalisation
GPSInitParamètre	1000019204	géolocalisation
GPSRécupèrePosition	1000019205	géolocalisation
GPSSuitDéplacement	1000019206	géolocalisation
GPSTermine	1000019210	géolocalisation
gpwActiveUtilisateur	1000021096	Groupware utilisateur
gpwAjouteAuthLogin	1000023576	Groupware utilisateur
gpwAjouteUtilisateur	1000021094	Groupware utilisateur
gpwAjouteUtilisateurDansGroupe	1000024595	Groupware utilisateur
gpwAucun	1000023557	Groupware utilisateur
gpwAuthLogin	1000023597	Groupware utilisateur
gpwConnecteUtilisateur	1000021099	Groupware utilisateur
gpwCrypteMotDePasse	1000021617	Groupware utilisateur
gpwDéconnecteUtilisateur	1000021100	Groupware utilisateur
gpwDéfaut	1000023556	Groupware utilisateur
gpwEnModeLDAP	1000017056	Groupware utilisateur
gpwEnumèreChamp	1000020536	Groupware utilisateur
gpwImportUtilisateursLDAP	1000017058	Groupware utilisateur
gpwInitAnalyse	3041005	Groupware utilisateur
gpwLogin	3041001	Groupware utilisateur
gpwMode	1000020566	Groupware utilisateur
gpwModifieUtilisateur	1000021095	Groupware utilisateur
gpwMotPasseOublié	1000021097	Groupware utilisateur
gpwMotsDePasseCryptés	1000021616	Groupware utilisateur
gpwOuvre	3041002	Groupware utilisateur
gpwOuvreConfiguration	3041009	Groupware utilisateur
gpwOuvreConnexion	3041007	Groupware utilisateur
gpwOuvreSessionLDAP	1000017055	Groupware utilisateur
gpwOuvreSite	1000020821	Groupware utilisateur
gpwRechercheUtilisateur	1000021087	Groupware utilisateur
gpwRecupDroits	1000020728	Groupware utilisateur
gpwRecupInfoFichier	3041008	Groupware utilisateur
gpwRecupInfoLDAP	1000017063	Groupware utilisateur
gpwRecupInfoUtilisateur	3041004	Groupware utilisateur
gpwSuperviseur	1000023555	Groupware utilisateur
gpwUtilisateursEnregistrés	1000023559	Groupware utilisateur
gpwVérificationBiométrique	1000024596	Groupware utilisateur
gpwVérifieMotDePasse	1000021618	Groupware utilisateur
gpwVérifieUtilisateur	1000021104	Groupware utilisateur
gpwVisiteur	1000023558	Groupware utilisateur
grAjouteDonnée	3042023	gestion des graphes
grAjouteDonnéeTemporelle	1000023532	gestion des graphes
GraveurAjouteFichier	3061001	Graveur de CD et DVD
GraveurAjouteRépertoire	3061002	Graveur de CD et DVD
GraveurAnnuleGravure	3061003	Graveur de CD et DVD
GraveurChemin	3061004	Graveur de CD et DVD
GraveurEfface	3061005	Graveur de CD et DVD
GraveurEjecte	3061014	Graveur de CD et DVD
GraveurEnregistre	3061006	Graveur de CD et DVD
GraveurEtat	3061007	Graveur de CD et DVD
GraveurInfoCompilation	3061018	Graveur de CD et DVD
GraveurInfoMédia	3061008	Graveur de CD et DVD
GraveurListe	3061009	Graveur de CD et DVD
GraveurMédiaPrésent	1000019910	Graveur de CD et DVD
GraveurNomVolume	3061019	Graveur de CD et DVD
GraveurPropriété	3061011	Graveur de CD et DVD
GraveurSélectionne	3061012	Graveur de CD et DVD
GraveurTypeMédia	3061013	Graveur de CD et DVD
grAxePosition	1000022260	gestion des graphes
grAxeVisible	1000020958	gestion des graphes
grBourseAjouteDonnée	3042009	gestion des graphes
grBourseRécupèreDonnée	1000021174	gestion des graphes
grBulle	3042010	gestion des graphes
grChargeParamètre	3042064	gestion des graphes
grComparatifPositionSérie	1000024882	gestion des graphes
grCouleur	1000017169	gestion des graphes
grCouleurBarre	1000022741	gestion des graphes
grCouleurCatégorie	1000020928	gestion des graphes
grCouleurPoint	1000022740	gestion des graphes
grCouleurSérie	3042013	gestion des graphes
grCrée	3042005	gestion des graphes
grCréePolice	3042001	gestion des graphes
grDégradé	3042029	gestion des graphes
grDessine	3042026	gestion des graphes
grDestinationBMP	3042018	gestion des graphes
grDestinationChamp	3042020	gestion des graphes
grDestinationEMF	3042017	gestion des graphes
grDestinationFen	3042031	gestion des graphes
grDestinationImage	1000020952	gestion des graphes
grDestinationWMF	3042019	gestion des graphes
grDonutPourcentageTrou	1000017939	gestion des graphes
gRectangle	3029045	manipulation de chaînes graphiques
grEffaceDessin	3042021	gestion des graphes
grEpaisseurTrait	3042028	gestion des graphes
grEtiquetteCatégorie	3042015	gestion des graphes
grEtiquetteSérie	3042024	gestion des graphes
grExiste	3042025	gestion des graphes
grFenTaille	3042016	gestion des graphes
grGraduation	3042027	gestion des graphes
grHistoAgrégation	1000023015	gestion des graphes
grHistoEspacement	3042014	gestion des graphes
grHMAjouteDonnée	1000021628	gestion des graphes
grHMCouleur	1000021629	gestion des graphes
grHMLibelléX	1000021630	gestion des graphes
grHMLibelléY	1000021631	gestion des graphes
grHMRécupèreDonnée	1000021632	gestion des graphes
grHMSupprimeCouleur	1000021634	gestion des graphes
grImprime	3042058	gestion des graphes
grIncrémenteDonnée	3042030	gestion des graphes
grInfoPoint	1000017940	gestion des graphes
grInfoXY	3042070	gestion des graphes
grLégende	3042047	gestion des graphes
grLibellé	3042046	gestion des graphes
grLissage	3042033	gestion des graphes
grMAJAutomatiqueEtiquetteCatégorie	3042071	gestion des graphes
grMAJAutomatiqueSérie	3042066	gestion des graphes
grMasque	3042034	gestion des graphes
grMenu	3042035	Menu
grNiveauTemporelMasque	1000023017	gestion des graphes
grNiveauTemporelMax	1000023016	gestion des graphes
grNuage3DAjouteDonnée	1000022964	gestion des graphes
grNuage3DCouleurAltitude	1000022965	gestion des graphes
grNuage3DLibelléGraduation	1000023491	gestion des graphes
grNuage3DProjection	1000022969	gestion des graphes
grNuage3DQuadrillage	1000023493	gestion des graphes
grNuage3DReliePoint	1000022968	gestion des graphes
grNuage3DSupprimeCouleurAltitude	1000022966	gestion des graphes
grNuage3DSupprimeLibelléGraduation	1000023494	gestion des graphes
grNuageAjouteDonnéeXY	3042032	gestion des graphes
grNuageCouleurSérie	3042045	gestion des graphes
grNuageEtiquetteSérie	3042038	gestion des graphes
grNuageRécupèreDonnéeXY	1000021175	gestion des graphes
grNuageReliePoint	3042040	gestion des graphes
grNuageTaillePoint	3042041	gestion des graphes
grOpacitéSérie	1000022261	gestion des graphes
grOptionMenu	3042042	gestion des graphes
grOrientation	3042043	gestion des graphes
grOrigine	3042039	gestion des graphes
GroupeAjoute	1000008111	Groupes
GroupeDernier	1000008112	Groupes
GroupeLit	1000008121	Groupes
GroupeModifie	1000008113	Groupes
GroupePrécédent	1000008114	Groupes
GroupePremier	1000008115	Groupes
GroupeRAZ	1000008116	Groupes
GroupeSuivant	1000008117	Groupes
GroupeSupprime	1000008118	Groupes
grParamètre3DS	3042063	gestion des graphes
grParamètre	1000018337	gestion des graphes
grPoliceEtiquette	3042012	gestion des graphes
grPoliceLégende	3042037	gestion des graphes
grPoliceTitre	3042048	gestion des graphes
grPoliceTitreAxe	3042059	gestion des graphes
grQuadrillage	3042052	gestion des graphes
grRécupèreDonnée	1000021171	gestion des graphes
grRelief	3042051	gestion des graphes
grRotation	1000020426	gestion des graphes
grSauveBMP	3042050	gestion des graphes
grSauveEMF	3042049	gestion des graphes
grSauveParamètre	3042065	gestion des graphes
grSauveWMF	3042044	gestion des graphes
grSecteurAngleDépart	3042022	gestion des graphes
grSecteurPartExcentrée	3042053	gestion des graphes
grSérieAxeSecondaire	1000019188	gestion des graphes
grSMNAjouteDonnée	1000021285	gestion des graphes
grSMNAngleDépart	1000021915	gestion des graphes
grSMNCouleurPortion	1000021288	gestion des graphes
grSMNPartExcentrée	1000021916	gestion des graphes
grSMNPortionRacine	1000021298	gestion des graphes
grSMNRécupèreDonnée	1000021287	gestion des graphes
grSourceEtiquetteCatégorie	3042072	gestion des graphes
grSourceSérie	3042067	gestion des graphes
grSuperposeGraphe	3042068	gestion des graphes
grSupprimeSérie	3042054	gestion des graphes
grSupprimeTout	3042055	gestion des graphes
grSurfaceAjouteDonnée	1000020425	gestion des graphes
grSurfaceCouleurAltitude	1000020427	gestion des graphes
grSurfaceLibelléGraduation	1000020617	gestion des graphes
grSurfaceMaillage	1000020430	gestion des graphes
grSurfaceQuadrillage	1000020428	gestion des graphes
grSurfaceRécupèreDonnée	1000021179	gestion des graphes
grSurfaceSupprimeCouleurAltitude	1000020431	gestion des graphes
grSurfaceSupprimeLibelléGraduation	1000020618	gestion des graphes
grTailleImage	3042061	gestion des graphes
grTaillePoint	1000022742	gestion des graphes
grTempsRéelIntervalle	1000023531	gestion des graphes
grTitre	3042056	gestion des graphes
grTitreAxe	3042057	gestion des graphes
grType	3042062	gestion des graphes
grTypePoint	1000022272	gestion des graphes
grTypePointSérie	1000022271	gestion des graphes
grTypeSérie	1000022262	gestion des graphes
grTypeTraitSérie	1000022318	gestion des graphes
grWaterfallCouleur	1000020957	gestion des graphes
grWaterfallTypeCatégorie	1000020930	gestion des graphes
grZoom	1000021478	gestion des graphes
gStylo	3029039	manipulation de chaînes graphiques
gVersTexte	1000020524	manipulation de chaînes graphiques
HAccélèreVitesse	1000019375	HFSQL
HActiveFiltre	3044158	HFSQL
HActiveFiltreAuto	3044297	HFSQL
HActiveTrigger	3044155	HFSQL
HActiveTriggerServeur	1000017034	HFSQL Client/Serveur
HAjoute	3044147	HFSQL
HAjouteGroupe	3044280	HFSQL Client/Serveur
HAjouteLiaison	3044312	HFSQL Client/Serveur
HAjouteOptimisationPlanifiée	1000018860	HFSQL Client/Serveur
HAjoutePlanification	1000021447	HFSQL Client/Serveur
HAjouteSauvegardePlanifiée	1000018866	HFSQL Client/Serveur
HAjouteTâche	1000017091	HFSQL Client/Serveur
HAjouteUtilisateur	3044281	WLangage utilisables dans un état
HAlias_55	3044220	Hyper File compatibles
HAlias	3044176	HFSQL
HAliasExterne	3044226	Hyper File compatibles
Handle	3015005	Evénements Windows
HandleParentSuivant	1000017312	Evénements Windows
HAnnuleAlias	3044149	HFSQL
HAnnuleDéclaration	3044174	HFSQL
HAnnuleRecherche	3044157	HFSQL
HAnnuleSauvegarde	1000017082	HFSQL Client/Serveur
HArrêteServeur	3044317	HFSQL Client/Serveur
Hasard	3013037	diverses WINDEV
HasardCryptoBuffer	1000023425	diverses WINDEV
HasardCryptoEntier	1000023426	diverses WINDEV
HashChaîne	1000007111	Hash
HashFichier	1000007112	Hash
HashVérifieChaîne	1000007113	Hash
HashVérifieFichier	1000007114	Hash
Hasp	3013038	gestion des clés HASP
HaspHLConnecte	1000018891	gestion des clés HASP
HaspHLCrypte	1000018893	gestion des clés HASP
HaspHLDéconnecte	1000018892	gestion des clés HASP
HaspHLDécrypte	1000018894	gestion des clés HASP
HaspHLEcrit	1000018897	gestion des clés HASP
HaspHLInfo	1000018895	gestion des clés HASP
HaspHLLit	1000018896	gestion des clés HASP
HAssigne	3044245	Hyper File compatibles
HAttacheMémo	3044173	HFSQL
HAvance	3044154	HFSQL
hbCréeTable	1000021696	HBase
hbEcrit	1000021712	HBase
hbListeTable	1000021687	HBase
hbLit	1000021706	HBase
HBloqueFichier	3044153	HFSQL
HBloqueNumEnr	3044152	HFSQL
hbRécupèreDescriptionTable	1000021695	HBase
hbSupprime	1000021714	HBase
hbSupprimeTable	1000021713	HBase
HChangeClé	3044151	HFSQL
HChangeConnexion	3044150	HFSQL
HChangeLocalisation	3044167	HFSQL
HChangeMotDePasse	1000018781	HFSQL Client/Serveur
HChangeNom	3044141	HFSQL
HChangeRep	3044168	HFSQL
HChangeRepJnl	3044164	HFSQL
HChangeRepRpl	3044236	HFSQL
HChargeParamètre	1000017314	HFSQL Client/Serveur
HClusterAjouteNoeud	1000019061	WLangage
HClusterArrête	1000019058	WLangage
HClusterDémarre	1000019057	WLangage
HClusterEtat	1000019059	WLangage
HClusterIgnoreSynchro	1000019243	WLangage
HClusterInfoErreurSynchronisation	1000021975	WLangage
HClusterInfoNoeud	1000019060	WLangage
HClusterInfoSynchronisation	1000021974	WLangage
HClusterParamètre	1000019305	WLangage
HClusterSupprimeNoeud	1000019062	WLangage
HCompareRubrique	1000021103	HFSQL
HConnecte	3044263	HFSQL
HConnecteAccèsDistant	3044257	HFSQL
HConstruitValClé	3044258	HFSQL
HConstruitValCléANSI	3044259	HFSQL
HConvertX	3044260	HFSQL
HCopieEnreg_55	3044238	Hyper File compatibles
HCopieEnreg	3044261	HFSQL
HCopieFichier	3044282	WLangage utilisables dans un état
HCréation	3044255	HFSQL
HCréationSiInexistant	3044254	HFSQL
HCréeRéplicaAbonné	3044253	HFSQL
HCréeRéplicaMaître	3044175	HFSQL
HCréeRéplicaTransportable	3044209	HFSQL
HCréeTriggerServeur	1000018986	HFSQL Client/Serveur
HCréeVue_55	3044239	Hyper File compatibles
HCréeVue	3044159	HFSQL
HCS.TailleTrame	3044364	
HDateEnreg	3044338	HFSQL
HDBCréation	3044171	WLangage utilisables dans un état
HDBDécritFichier	3044172	HFSQL
HDBDécritIndex	3044166	HFSQL
HDBDécritRubrique	3044170	HFSQL
HDBIndex	3044165	HFSQL
HDBOuvre	3044163	HFSQL
HDBOuvreSansBloquer	3044162	HFSQL
HDBTypeTri	3044161	HFSQL
HDébloqueFichier	3044160	HFSQL
HDébloqueNumEnr	3044194	HFSQL
HDébutVerrou	3044240	Hyper File compatibles
HDéclare	3044203	HFSQL
HDéclareExterne	3044204	HFSQL
HDéclencheMiseAJourServeur	1000022521	HFSQL Client/Serveur
HDéconnecteClient	3044339	HFSQL Client/Serveur
HDécritClé	3044241	Hyper File compatibles
HDécritConnexion	3044205	HFSQL
HDécritFichier	3044206	HFSQL
HDécritIndexFullText	1000017407	HFSQL
HDécritLiaison	3044191	HFSQL
HDécritRubrique	3044233	HFSQL
HDécritTrigger_55	3044242	Hyper File compatibles
HDécritTrigger	3044074	HFSQL
HDécritTriggerServeur	1000017033	HFSQL Client/Serveur
HDéjàBloque	3044243	Hyper File compatibles
HDémarreServeur	3044318	HFSQL Client/Serveur
HDernier	3044101	HFSQL
HDésactiveFiltre	3044085	HFSQL
HDésactiveFiltreAuto	3044298	HFSQL
HDésactiveTrigger	3044089	HFSQL
HDésactiveTriggerServeur	1000017035	HFSQL Client/Serveur
HDétruitTrigger	3044090	HFSQL
HDétruitTriggerServeur	1000017036	HFSQL Client/Serveur
HDétruitVue	3044091	HFSQL
hdfsCopieDepuis	1000021678	HDFS
hdfsCopieVers	1000021679	HDFS
hdfsCréeRépertoire	1000021675	HDFS
hdfsFermeConnexion	1000021867	HDFS
hdfsListe	1000021677	HDFS
hdfsOuvreConnexion	1000021866	HDFS
hdfsRenomme	1000021676	HDFS
hdfsSupprime	1000021674	HDFS
HDoublon	3044237	Hyper File compatibles
HDupliqueBaseDeDonnées	1000022166	HFSQL Client/Serveur
HDupliqueEnregistrement	1000020538	HFSQL
HEcrit	3044092	HFSQL
HEnDehors	3044094	HFSQL
HEnregistre	1000021375	HFSQL
HEnregistrementVersJSON	1000021909	HFSQL
HEnregistrementVersXML	3044093	gestion des fichiers XML
HEnvoieMessageVersClient	3044346	HFSQL Client/Serveur
HErreur	3044088	HFSQL
HErreurBlocage	3044099	HFSQL
HErreurDoublon	3044077	HFSQL
HErreurEtatModification	3044103	HFSQL
HErreurInfo	3044071	HFSQL
HErreurIntégrité	3044086	HFSQL
HErreurModification	3044102	HFSQL
HErreurMotDePasse	3044082	HFSQL
HEtat	3044081	HFSQL
HEtatServeur	3044319	HFSQL Client/Serveur
HeureDifférence	3027018	gestion des dates et des heures
HeureSélecteur	1000020019	gestion des dates et des heures
HeureSys	3027019	gestion des dates et des heures
HeureValide	3027021	gestion des dates et des heures
HeureVersChaîne	3027023	gestion des dates et des heures
HeureVersEntier	3027017	gestion des dates et des heures
HexaVersBuffer	1000019914	gestion des chaînes
HexaVersEntier	1000019413	gestion des chaînes
HExécutePlanification	1000021453	HFSQL Client/Serveur
HExécuteProcédure	3044358	HFSQL Client/Serveur
HExécuteRequête	3044080	SQL
HExécuteRequêteSQL	3044084	SQL
HExécuteSauvegardePlanifiée	1000018937	HFSQL Client/Serveur
HExécuteVue	3044079	HFSQL
HExporteCSV	1000023935	HFSQL
HExporteJSON	1000021964	HFSQL
HExporteXLS	1000023934	HFSQL
HExporteXML	3044069	gestion des fichiers XML
HExtraitMémo	3044072	HFSQL
HFerme	3044073	HFSQL
HFermeAnalyse	3044054	HFSQL
HFermeConnexion	3044095	HFSQL
HFichierExiste	3044096	HFSQL
HFiltre	3044100	HFSQL
HFiltreCommencePar	3044098	HFSQL
HFiltreComprisEntre	3044097	HFSQL
HFiltreContient	1000020267	HFSQL
HFiltreIdentique	3044105	HFSQL
HFinInterditAccèsBaseDeDonnées	3044287	HFSQL Client/Serveur
HFinInterditModif	3044123	HFSQL
HFinVerrou	3044235	Hyper File compatibles
HForceEcriture	3044004	HFSQL
HFTListeMot	1000021580	HFSQL
HFusionneVue	3044124	HFSQL
HGèreAccèsDistant	3044056	HFSQL
HGèreCache	3044310	HFSQL Client/Serveur
HGèreDoublon	3044057	HFSQL
HGèreIntégrité	3044058	HFSQL
HGèreJournal	3044052	HFSQL
HGèreMémo	3044139	HFSQL
HGèreMiseAJourServeur	1000022635	HFSQL Client/Serveur
HGèreREP	3044061	HFSQL
HGèreRéplication	3044067	HFSQL
HGèreServeur	3044359	HFSQL Client/Serveur
HGèreTâche	1000017113	HFSQL Client/Serveur
HGèreTransaction	3044066	HFSQL
HGèreTrigger	3044065	HFSQL
HHistoriqueModification	3044344	HFSQL
Hier	1000023786	gestion des dates et des heures
HImporteHF55	3044055	HFSQL
HImporteJSON	1000021965	HFSQL
HImporteTexte_55	3044228	Hyper File compatibles
HImporteTexte	3044011	WLangage utilisables dans un état
HImporteXLS	1000021197	gestion des fichiers XLS
HImporteXML	3044007	gestion des fichiers XML
HInfoAnalyse	1000019773	HFSQL
HInfoBlocage	3044307	HFSQL Client/Serveur
HInfoDroitBaseDeDonnées	3044320	HFSQL Client/Serveur
HInfoDroitFichier	3044321	HFSQL Client/Serveur
HInfoDroitServeur	3044322	HFSQL Client/Serveur
HInfoDroitVue	1000021475	HFSQL Client/Serveur
HInfoFichier	3044311	HFSQL
HInfoGéné	3044227	Hyper File compatibles
HInfoGroupe	3044283	HFSQL Client/Serveur
HInfoLog	3044356	HFSQL Client/Serveur
HInfoMémo	3044008	HFSQL
HInfoPropriétéBaseDeDonnées	3044323	HFSQL Client/Serveur
HInfoPropriétéFichier	3044324	HFSQL Client/Serveur
HInfoPropriétéServeur	3044325	HFSQL Client/Serveur
HInfoRéplica	3044015	HFSQL
HInfoRubrique	3044212	Hyper File compatibles
HInfoSauvegarde	1000017083	HFSQL Client/Serveur
HInfoServeur	3044284	HFSQL Client/Serveur
HInfoTâche	1000017409	HFSQL Client/Serveur
HInfoUtilisateur	3044285	HFSQL Client/Serveur
HInfoVue	1000021619	HFSQL Client/Serveur
HInitAbonné	3044013	HFSQL
HInitHF55	3044010	HFSQL
HInterditAccèsBaseDeDonnées	3044286	HFSQL Client/Serveur
HInterditModif	3044053	HFSQL
HJournalInfo	3044009	HFSQL
HJournalRecrée	3044033	HFSQL
HJournalRedémarre	3044019	HFSQL
HJournalStop	3044035	HFSQL
HLibère	3044064	HFSQL
HLibèrePosition	3044062	HFSQL
HLibèreRequête	1000019374	HFSQL
HListeAnalyse	3044049	HFSQL
HListeBaseDeDonnées	3044288	HFSQL Client/Serveur
HListeClé	3044060	HFSQL
HListeConnexion	3044046	HFSQL
HListeElémentStocké	3044367	HFSQL Client/Serveur
HListeFichier	3044045	HFSQL
HListeGroupe	3044289	HFSQL Client/Serveur
HListeIndexFullText	1000017328	HFSQL
HListeLiaison	3044138	HFSQL
HListeMotVide	1000021594	HFSQL
HListeOptimisationPlanifiée	1000018863	HFSQL Client/Serveur
HListeParamètre	1000017321	HFSQL Client/Serveur
HListeParamRequête	3044078	HFSQL
HListePersoDossier	1000019775	HFSQL
HListePlanification	1000021452	HFSQL Client/Serveur
HListeProvider	3044232	HFSQL
HListeREP	3044229	HFSQL
HListeRubrique	3044230	HFSQL
HListeSauvegardePlanifiée	1000018868	HFSQL Client/Serveur
HListeServeur	1000018777	HFSQL Client/Serveur
HListeSynonyme	1000021593	HFSQL
HListeTâche	1000017092	HFSQL Client/Serveur
HListeTrigger	3044231	HFSQL
HListeTriggerServeur	1000017037	HFSQL Client/Serveur
HListeUtilisateur	3044290	HFSQL Client/Serveur
HListeUtilisateurConnecté	3044291	HFSQL Client/Serveur
HLit	3044047	HFSQL
HLitBloque	3044218	Hyper File compatibles
HLitDernier	3044140	HFSQL
HLitDernierBloque	3044213	Hyper File compatibles
HLitDernierSansBloquer	3044222	Hyper File compatibles
HLitPrécédent	3044048	HFSQL
HLitPrécédentBloque	3044223	Hyper File compatibles
HLitPrécédentSansBloquer	3044224	Hyper File compatibles
HLitPremier	3044051	HFSQL
HLitPremierBloque	3044221	Hyper File compatibles
HLitPremierSansBloquer	3044219	Hyper File compatibles
HLitRecherche	3044050	HFSQL
HLitRechercheBloque	3044217	Hyper File compatibles
HLitRechercheDernier	3044034	HFSQL
HLitRecherchePremier	3044036	HFSQL
HLitRechercheSansBloquer	3044216	Hyper File compatibles
HLitSansBloquer	3044215	Hyper File compatibles
HLitSuivant	3044037	HFSQL
HLitSuivantBloque	3044214	Hyper File compatibles
HLitSuivantSansBloquer	3044278	Hyper File compatibles
HMaintenanceServeur	1000022325	HFSQL Client/Serveur
HMigreCléComposéeReliée	3044038	WLangage utilisables dans un état
HMiseAJourCollection	3044354	HFSQL Client/Serveur
HMiseAJourRequête	3044365	HFSQL Client/Serveur
HMiseAJourVue	1000021520	HFSQL Client/Serveur
HMode	3044039	HFSQL
HModifie	3044042	HFSQL
HModifieDroitBaseDeDonnées	3044326	HFSQL Client/Serveur
HModifieDroitFichier	3044327	WLangage utilisables dans un état
HModifieDroitServeur	3044328	HFSQL Client/Serveur
HModifieDroitVue	1000021368	HFSQL Client/Serveur
HModifieGroupe	3044308	HFSQL Client/Serveur
HModifieOptimisationPlanifiée	1000018931	HFSQL Client/Serveur
HModifiePlanification	1000021450	HFSQL Client/Serveur
HModifiePropriétéBaseDeDonnées	3044329	WLangage utilisables dans un état
HModifiePropriétéFichier	3044330	HFSQL Client/Serveur
HModifiePropriétéServeur	3044331	HFSQL Client/Serveur
HModifieSauvegardePlanifiée	1000018932	HFSQL Client/Serveur
HModifieStructure	1000019439	HFSQL
HModifieTâche	1000017374	HFSQL Client/Serveur
HModifieUtilisateur	3044309	HFSQL Client/Serveur
HNbEnr	3044006	HFSQL
HNotifAjouteDestinataireCC	1000020387	HFSQL Client/Serveur
HNotifAjouteDestinataireEmail	1000020386	HFSQL Client/Serveur
HNotifConfigure	1000020390	HFSQL Client/Serveur
HNotifListeDestinataireCC	1000020391	HFSQL Client/Serveur
HNotifListeDestinataireEmail	1000020388	HFSQL Client/Serveur
HNotifSupprimeDestinataireCC	1000020398	HFSQL Client/Serveur
HNotifSupprimeDestinataireEmail	1000020399	HFSQL Client/Serveur
HNumEnr	3044063	HFSQL
HOpérationEncours	1000022480	HFSQL Client/Serveur
HOptimise	3044005	HFSQL
HOptimiseRequête	3044003	HFSQL
HOuvre	3044120	HFSQL
HOuvreAnalyse	3044106	HFSQL
HOuvreConnexion	3044107	HFSQL
HPasse	3044108	HFSQL
HPositionCourante	3044109	HFSQL
HPositionne	3044110	HFSQL
HPoste	3044111	HFSQL
HPrécédent	3044112	HFSQL
HPremier	3044113	HFSQL
HPrépareRequête	1000019028	HFSQL
HPrépareRequêteSQL	3044119	HFSQL
HPriorité	3044352	HFSQL Client/Serveur
HPrioritéClient	3044353	HFSQL Client/Serveur
HPurgeRepTravail	1000017767	HFSQL Client/Serveur
HQualitéConnexion	1000018291	HFSQL Client/Serveur
HRafraîchitVue	1000021376	HFSQL
HRaye	3044121	WLangage utilisables dans un état
HRAZ	3044118	HFSQL
HRAZClient	3044341	HFSQL Client/Serveur
HRAZGroupe	3044292	HFSQL Client/Serveur
HRAZUtilisateur	3044293	HFSQL Client/Serveur
HRecherche	3044130	HFSQL
HRechercheDernier	3044129	HFSQL
HRecherchePremier	3044125	HFSQL
HReconnecte	1000017278	HFSQL Client/Serveur
HRecréeRéplicaAbonné	3044350	HFSQL
HRecule	3044126	HFSQL
HRécupèreEnregistrement	3044127	HFSQL
HRécupèreLog	3044357	HFSQL Client/Serveur
HRécupèreRubrique	3044128	HFSQL
HRécupèreSauvegarde	1000022468	HFSQL Client/Serveur
HRégénèreFichier	3044122	HFSQL
HRéindexationEnCours	3044131	HFSQL
HRéindexe_55	3044251	Hyper File compatibles
HRéindexe	3044133	HFSQL
HRepTravailServeur	1000017768	HFSQL Client/Serveur
HRestaureSauvegarde	1000017230	HFSQL Client/Serveur
HRetourPosition	3044137	HFSQL
HRplDéclareLiaison	3044299	WLangage
HRplGestionFichier	1000017215	WLangage
HRplGestionRubrique	1000017216	WLangage
HRplPasse	3044342	WLangage
HRplProcédureFiltre	3044300	WLangage
HRSAjouteConfig	1000020492	WLangage
HRSAttendTraitementDonnées	1000023446	WLangage
HRSDéclenche	1000020556	WLangage
HRSInfo	1000020574	WLangage
HRSInit	1000020541	WLangage
HRSListeConfig	1000020497	WLangage
HRSModifieConfig	1000020495	WLangage
HRSSupprimeConfig	1000020493	WLangage
HSauvegarde	1000017081	HFSQL Client/Serveur
HSauveParamètre	1000017313	HFSQL Client/Serveur
HSauvePosition	3044136	HFSQL
HSécurité	3044135	HFSQL
HSimuleRéseau	1000018954	HFSQL Client/Serveur
HsMenu,Libelle	75130276	Objet
HStatCalcule	3044134	HFSQL
HStatDate	3044117	HFSQL
HStatHeure	3044116	HFSQL
HStatNbDoublon	3044031	HFSQL
HStatNbEnr	3044030	HFSQL
HStatNbEnrIntervalle	3044029	HFSQL
HSubstNom	3044169	Hyper File compatibles
HSubstRep	3044028	HFSQL
HSuivant	3044027	HFSQL
HSupprime	3044018	HFSQL
HSupprimeBaseDeDonnées	3044332	WLangage utilisables dans un état
HSupprimeCollection	3044355	HFSQL Client/Serveur
HSupprimeFichier	3044294	HFSQL Client/Serveur
HSupprimeGroupe	3044295	HFSQL Client/Serveur
HSupprimeLiaison	3044314	WLangage utilisables dans un état
HSupprimeOptimisationPlanifiée	1000018865	HFSQL Client/Serveur
HSupprimeParamètre	1000017315	HFSQL Client/Serveur
HSupprimePlanification	1000021448	HFSQL Client/Serveur
HSupprimeRépertoire	1000019001	HFSQL Client/Serveur
HSupprimeRequête	3044366	HFSQL Client/Serveur
HSupprimeSauvegarde	1000017373	HFSQL Client/Serveur
HSupprimeSauvegardePlanifiée	1000018870	HFSQL Client/Serveur
HSupprimeTâche	1000017093	HFSQL Client/Serveur
HSupprimeTout	1000017331	HFSQL
HSupprimeUtilisateur	3044296	HFSQL Client/Serveur
HSurAppelServeur	3044343	HFSQL Client/Serveur
HSurErreur	3044017	HFSQL
HSurveille	1000022407	HFSQL Client/Serveur
HSurveilleStop	1000022430	HFSQL Client/Serveur
HSynchroniseRéplica	3044014	HFSQL
HTMLClasseAjoute	1000021550	diverses WEBDEV
HTMLClasseBascule	1000021551	diverses WEBDEV
HTMLClasseSupprime	1000021552	diverses WEBDEV
HTMLNavigue	3025042	Affichage HTML
HTMLVersRTF	1000017040	gestion des chaînes
HTMLVersRVB	1000019414	dessin
HTMLVersTexte	1000017039	gestion des chaînes
HTransaction	1000023384	HFSQL
HTransactionAnnule	3044001	HFSQL
HTransactionDébut	3044002	HFSQL
HTransactionFin	3044032	HFSQL
HTransactionInterrompue	3044026	HFSQL
HTransactionIsolation	1000020926	HFSQL Client/Serveur
HTransactionLibère	3044016	HFSQL
HTransactionListe	3044351	HFSQL Client/Serveur
HTrieVue	3044114	HFSQL
HTrouve	3044104	HFSQL
HTTPAjouteFichier	1000017191	HTTP
HTTPAjouteParamètre	1000017189	HTTP
HTTPAnnuleFormulaire	1000017123	HTTP
HTTPCertificat	1000018898	HTTP
HTTPCookieEcrit	1000019234	HTTP
HTTPCookieGère	1000019218	HTTP
HTTPCookieLit	1000019233	HTTP
HTTPCookieRAZ	1000019232	HTTP
HTTPCookieRécupère	1000019228	HTTP
HTTPCookieRemplace	1000019231	HTTP
HTTPCréeFormulaire	1000017119	HTTP
HTTPDestination	1000017094	HTTP
HTTPDonneRésultat	3043001	HTTP
HTTPEnvoie	1000021183	HTTP
HTTPEnvoieFormulaire	1000017190	HTTP
HTTPJauge	3043009	HTTP
HTTPListeCertificat	1000018890	HTTP
HTTPParamètre	1000018985	HTTP
HTTPRAZFormulaire	1000017188	HTTP
HTTPRequête	3043007	HTTP
HTTPSimuleRéseau	1000021595	HTTP
HTTPTimeOut	3043008	HTTP
HVérifieInaltéré	1000023377	HFSQL
HVérifieIndex	3044044	HFSQL
HVérifieMémo	1000023126	HFSQL
HVérifieMiseAJourServeur	1000022520	HFSQL Client/Serveur
HVérifieStructure	3044068	HFSQL
HVersFichier	3044347	HFSQL
HVersion	3044020	HFSQL
HVersRubrique	3044025	HFSQL
HVueVersFichier	3044021	HFSQL
HVueVersTable	3044252	Hyper File compatibles
iAjoutePièceJointe	1000024059	impression
iAjouteSignet	1000020056	impression
iAperçu	3046069	WLangage utilisables dans un état
iCadre	3046044	WLangage utilisables dans un état
iCadreArrondi	3046024	WLangage utilisables dans un état
iCalendarVersAgenda	1000021918	Agenda
iCalendarVersPlanning	1000021917	Planning
iCalendarVersRendezVous	1000021827	RendezVous (Lotus Notes/Android/iOS)
iChangeSousEtatSource	1000019621	impression
iConfigure	3046072	WLangage utilisables dans un état
iConfigureEtat	3046076	impression
Iconise	3038015	gestion des fenêtres
iCréePolice	3046045	WLangage utilisables dans un état
IdentifiantContexteAWP	1000017144	gestion des pages
iDernierFichier	3046068	WLangage utilisables dans un état
iDestination	3046074	impression
iEllipse	3046009	impression
iEnchaînementAjoute	1000020059	impression
iEnchaînementAjouteDoc	1000023089	impression
iEnchaînementAjoutePDF	1000023468	impression
iEnchaînementAjouteXLS	1000023518	impression
iEnchaînementImprime	1000019903	impression
iEscape	3046054	WLangage utilisables dans un état
iFenêtreAbandon	3046042	WLangage utilisables dans un état
iFermeEtat	3046041	WLangage utilisables dans un état
iFichierEnCours	1000021859	impression
iFinEtat	3046040	WLangage utilisables dans un état
iFinImprime	3046053	impression
iForceComplément	3046046	WLangage utilisables dans un état
iGroupeAjoute	1000020580	impression
iGroupeImprime	1000020582	impression
iGroupeParamètre	1000020581	impression
iHautBasPageImbriqué	3046047	WLangage utilisables dans un état
iHauteurImage	3046057	impression
iHauteurPage	3046052	WLangage utilisables dans un état
iHauteurRestantePage	3046060	WLangage utilisables dans un état
iHauteurTexte	3046070	WLangage utilisables dans un état
iHauteurZone	3046062	WLangage utilisables dans un état
iImpressionAbandonnée	3046006	WLangage utilisables dans un état
iImpressionDemandée	3046029	WLangage utilisables dans un état
iImprime	3046031	impression
iImprimeBloc	3046030	WLangage utilisables dans un état
iImprimeCodeBarre	3046020	impression
iImprimeComplémentCorps	3046019	WLangage utilisables dans un état
iImprimeDoc	1000022390	impression
iImprimeDuplicata	1000018842	impression
iImprimeEtat	3046032	WLangage utilisables dans un état
iImprimeImage	3046017	impression
iImprimeMot	3046034	impression
iImprimePDF	1000020519	impression
iImprimeSignature	1000021690	impression
iImprimeXLS	1000023517	impression
iImprimeZone	3046027	impression
iImprimeZoneHTML	1000020346	impression
iImprimeZoneRTF	3046023	impression
iInfoImprimante	3046022	WLangage utilisables dans un état
iInitRequêteEtat	3046021	WLangage utilisables dans un état
iInitRequêteEtatConnexion	3046028	WLangage utilisables dans un état
iInitSousEtat	1000019503	impression
iLargeurImage	3046061	impression
iLargeurPage	3046036	WLangage utilisables dans un état
iLargeurTexte	3046033	WLangage utilisables dans un état
iLien	3046018	impression
iLigne	3046035	impression
iListeEtatsImbriqués	3046005	WLangage utilisables dans un état
iListeImprimante	3046063	WLangage utilisables dans un état
ImageArrêteDéfilement	1000019428	Image
ImageCalqueVisible	1000023504	Image
ImageDernier	1000019432	Image
ImageFenêtre	3038013	gestion des fenêtres
ImageInfoFerme	3091001	EXIF
ImageInfoListe	3091002	EXIF
ImageInfoModifie	3091005	EXIF
ImageInfoSauve	3091006	EXIF
ImageInfoValeur	3091003	EXIF
ImageLanceDéfilement	1000019427	Image
iMagentaTransparent	3046003	WLangage utilisables dans un état
ImageOccurrence	1000019434	Image
ImagePositionDéfilement	1000019433	Image
ImagePosX	3045003	Image
ImagePosY	3045001	Image
ImagePrécédent	1000019430	Image
ImagePremier	1000019429	Image
ImageSuivant	1000019431	Image
ImageZone	3045002	Image
iMarge	3046011	WLangage utilisables dans un état
iMMVersPica	3046004	WLangage utilisables dans un état
inAppAchèteProduit	1000020873	Achats In-App
inAppConsommeProduit	1000020880	Achats In-App
inAppListeAchat	1000020888	Achats In-App
inAppListeInfoProduit	1000020872	Achats In-App
inAppRestaureAchats	1000020879	Achats In-App
inAppVérifieAbonnement	1000022719	Achats In-App
iNationImpression	1000020968	impression
IndiceEnCours	3025040	Table
IndiceSuivant	3025030	Table
Info	3021011	Boîtes de dialogue
InfoAvecDélai	1000020528	Boîtes de dialogue
InfoBitmap	3029015	dessin
InfoConstruit	1000018879	Boîtes de dialogue
INIEcrit	3013039	diverses WINDEV
INILit	3013043	diverses WINDEV
InitFenêtre	3038019	gestion des fenêtres
InitHasard	3013030	diverses WINDEV
InitParamètre	3025044	gestion des champs
Insère	1000017351	Tableau
InsèreColonne	1000017353	Tableau
InsèreLigne	1000017352	Tableau
InsèreRéférence	1000023937	Tableau
InstalleIcone	3014016	diverses Windows
Instance	3014019	diverses Windows
InternetConnecté	3043005	HTTP
InterrupteurAjoute	1000020595	Interrupteur
InterrupteurInsère	1000020597	Interrupteur
InterrupteurOccurrence	1000021274	Interrupteur
InterrupteurSupprime	1000020596	Interrupteur
iNumColonne	1000018825	impression
iNumPage	3046013	WLangage utilisables dans un état
Inverse	3024028	gestion des chaînes
iOSExclutFichieriCloud	1000021779	gestion du téléphone
iParamètre	3046008	WLangage utilisables dans un état
iParamètreAperçu	3046001	WLangage utilisables dans un état
iParamètreDuplicata	1000018845	impression
iParamètreEtat	3046077	impression
iParamètreExport	1000017026	impression
iParamètreFiligrane	1000019939	impression
iParamètrePDF	3046007	WLangage utilisables dans un état
iParamètreVisualisateur	1000024634	impression
iParamètreXLS	1000017224	impression
iPicaVersMM	3046010	WLangage utilisables dans un état
iPolice	3046014	WLangage utilisables dans un état
iPoliceDidot	3046016	WLangage utilisables dans un état
iPosH	3046056	impression
iPosV	3046039	impression
iPosX	3046015	impression
iPosY	3046075	impression
iRAZ	3046067	WLangage utilisables dans un état
iRAZNbPages	1000021134	impression
iRepImageHTML	3046078	impression
iSauteLigne	3046071	impression
iSautePage	3046073	WLangage utilisables dans un état
iSelectPolice	3046055	WLangage utilisables dans un état
iStatusImpressionEtat	3046043	WLangage utilisables dans un état
iSubstBloc	3046048	WLangage utilisables dans un état
iTermineColonne	1000019184	impression
iTerminePage	3046038	WLangage utilisables dans un état
iTrait	3046050	impression
iTraitH	3046051	impression
iTraitV	3046066	impression
J2EEAjouteEntête	3047001	J2EE
J2EEDonneRésultat	3047003	J2EE
J2EEErreur	3047010	J2EE
J2EEExécute	3047007	J2EE
J2EEExécuteXML	3047008	J2EE
Jauge	3021008	Boîtes de dialogue
JaugeActive	1000019477	gestion des jauges
JaugeDésactive	1000019478	gestion des jauges
JaugeExécute	1000019481	gestion des jauges
JavaCharge	3048001	Java
JavaExécute	3048003	Java
JavaExécuteFonction	3048004	Java
JourFérié	1000017303	gestion des dates et des heures
JourFériéAjoute	1000017304	gestion des dates et des heures
JourFériéListe	1000017302	gestion des dates et des heures
JourFériéSupprimeTout	1000017301	gestion des dates et des heures
jQuery	1000021070	diverses WEBDEV
jQueryExécute	1000021008	diverses WEBDEV
JSEvénement	1000018924	diverses WEBDEV
JSFinEvénement	1000018925	diverses WEBDEV
JSInfoEvénement	3036067	diverses WEBDEV
JSInterruptionEvénement	1000019185	diverses WEBDEV
JSMéthode	3012002	diverses WEBDEV
JSONExécute	1000017284	diverses WEBDEV
JSONExécuteExterne	1000017286	diverses WEBDEV
JSONVersChaîne	1000024530	gestion du format JSON
JSONVersVariant	1000021052	gestion du format JSON
JSPropriété	3012019	diverses WEBDEV
KiosqueActive	1000024425	Kiosque
KiosqueDésactive	1000024426	Kiosque
LanceAppli	3035006	Exécutables
LanceAppliAssociée	3035007	Exécutables
LanceAppliDistante	1000018695	Exécutables
LanceEtatsEtRequêtes	3013067	diverses WINDEV
LancePartage	1000020620	Exécutables
LangueVersAlphabet	3054018	Multilingue
LangueVersNation	3054019	Multilingue
LangueVersNom	3054020	Multilingue
LDAPAjouteAttribut	3032110	LDAP
LDAPConnecte	3032100	LDAP
LDAPDébutAjout	3032109	LDAP
LDAPDébutModification	3032112	LDAP
LDAPDéconnecte	3032102	LDAP
LDAPListeAttribut	3032104	LDAP
LDAPListeFils	3032105	LDAP
LDAPMode	3032126	LDAP
LDAPNbValeur	3032106	LDAP
LDAPRAZ	3032103	LDAP
LDAPRecherche	3032108	LDAP
LDAPRemplaceAttribut	3032113	LDAP
LDAPRemplaceValeurAttribut	3032119	LDAP
LDAPRenommeAttribut	3032120	LDAP
LDAPSupprime	3032114	LDAP
LDAPSupprimeAttribut	3032115	LDAP
LDAPSupprimeValeurAttribut	3032116	LDAP
LDAPValeur	3032107	LDAP
LDAPValideAjout	3032111	LDAP
LDAPValideModification	3032117	LDAP
LecteurPDFFerme	1000023453	Lecteur PDF
LecteurPDFOuvre	1000023452	Lecteur PDF
LecteurPDFRecherchePrécédent	1000023411	Lecteur PDF
LecteurPDFRecherchePremier	1000023409	Lecteur PDF
LecteurPDFRechercheSuivant	1000023410	Lecteur PDF
LecteurPDFSurligne	1000023544	Lecteur PDF
LecteurPDFTournePage	1000023940	Lecteur PDF
LEDAllume	1000019446	gestion du téléphone
LEDEteint	1000019447	gestion du téléphone
LibèreContexteAWP	1000020429	gestion des pages
LienCouleur	1000022354	gestion des champs
LigneCommande	3013051	diverses WINDEV
LigneVersPosition	1000019896	gestion des chaînes
ListeAffiche	3049005	Liste
ListeAjoute	3049004	Liste
ListeCherche	3049003	Liste
ListeDéplaceLigne	1000017279	Liste
ListeDLL	3064006	Exécutables
ListeInfo	1000019548	gestion des files, piles, listes
ListeInfoXY	3049006	Liste
ListeInsère	3049002	Liste
ListeModifie	3049009	Liste
ListeOccurrence	3049014	Liste
ListePosition	3049015	Liste
ListeSelect	3049011	Liste
ListeSelectMoins	3049008	Liste
ListeSelectOccurrence	3049010	Liste
ListeSelectPlus	3049012	Liste
ListeSupprime	3049016	Liste
ListeSupprimeTout	3049013	Liste
ListeTrie	1000017022	Liste
Log	3050003	Mathématiques
LuminositéAuto	1000020182	gestion du téléphone
LuminositéModifie	1000020170	gestion du téléphone
LuminositéRécupère	1000019810	gestion du téléphone
MagnetoAction	1000014001	gestion du téléphone
MagnetoEvénement	1000014003	Magneto
MagnetoFinEvénement	1000014004	Magneto
Maintenant	3027024	gestion des dates et des heures
Majuscule	3024039	gestion des chaînes
MatAdditionne	3050049	Matrice
MatCompresse	3050043	Matrice
MatCopie	3050048	Matrice
MatCrée	3050058	Matrice
MatDéterminant	3050045	Matrice
MatEcrit	3050077	Matrice
MatErreur	3050044	Matrice
MatExiste	3050076	Matrice
MatInverse	3050075	Matrice
MatLit	3050074	Matrice
MatLitColonne	3050070	Matrice
MatLitLigne	3050032	Matrice
MatMultiplie	3050072	Matrice
MatNbColonne	3050073	Matrice
MatNbLigne	3050060	Matrice
MatRéelAdditionne	3050059	Matrice
MatRéelMultiplie	3050040	Matrice
MatRemplit	3050057	Matrice
MatSupprime	3050031	Matrice
MatTranspose	3050001	Matrice
Max	3050005	Tableau
Maximise	3038001	gestion des fenêtres
MCIArrêt	3051003	MCI
MCIDébut	3051002	MCI
MCIErr	3051011	MCI
MCIEtat	3051009	MCI
MCIExécute	3051005	MCI
MCIFerme	3051006	MCI
MCIFin	3051007	MCI
MCIFormatPosition	3051004	MCI
MCIHauteur	3051008	MCI
MCIJoue	3051001	MCI
MCILargeur	3051020	MCI
MCIMsgErr	3051021	MCI
MCINombrePiste	3051014	MCI
MCIOuvre	3051017	MCI
MCIPause	3051015	MCI
MCIPiste	3051016	MCI
MCIPosition	3051013	MCI
MCIRécupère	3051022	MCI
MCITaille	3051018	MCI
MCITailleFenêtre	3051019	MCI
MCIVolume	3051012	MCI
MCUActif	3030020	MCU
MCUOuvre	3030021	MCU
MDIActive	3052002	MDI
MDIEnumèreFille	3052001	MDI
MDIMenuFenêtre	3052004	MDI
MDIMère	3052006	MDI
MDIOuvre	3052005	MDI
MemAjoute	3053002	gestion des zones mémoires
MemcachedAffecte	1000023342	Memcached
MemcachedAffecteGroupeClé	1000023354	Memcached
MemcachedAjoute	1000023340	Memcached
MemcachedAjouteGroupeClé	1000023349	Memcached
MemcachedAjoutePréfixe	1000023343	Memcached
MemcachedAjoutePréfixeGroupeClé	1000023357	Memcached
MemcachedAjouteSuffixe	1000023344	Memcached
MemcachedAjouteSuffixeGroupeClé	1000023350	Memcached
MemcachedCAS	1000023348	Memcached
MemcachedCASGroupeClé	1000023356	Memcached
MemcachedDécrémente	1000023347	Memcached
MemcachedDécrémenteGroupeClé	1000023355	Memcached
MemcachedIncrémente	1000023346	Memcached
MemcachedIncrémenteGroupeClé	1000023352	Memcached
MemcachedModifie	1000023341	Memcached
MemcachedModifieGroupeClé	1000023351	Memcached
MemcachedRécupère	1000023363	Memcached
MemcachedRécupèreGroupeClé	1000023364	Memcached
MemcachedSupprime	1000023345	Memcached
MemcachedSupprimeGroupeClé	1000023353	Memcached
MemCrée	3053005	gestion des zones mémoires
MemDernier	3053004	gestion des zones mémoires
MemEnCours	3053008	gestion des zones mémoires
MemEnDehors	3053009	gestion des zones mémoires
MemExiste	3053006	gestion des zones mémoires
MemModifie	3053007	gestion des zones mémoires
MemOccurrence	3053010	gestion des zones mémoires
MémoireVersFichier	3013070	
MemPositionne	3053018	gestion des zones mémoires
MemPrécédent	3053011	gestion des zones mémoires
MemPremier	3053014	gestion des zones mémoires
MemRecherche	3053015	gestion des zones mémoires
MemRécupère	3053012	gestion des zones mémoires
MemSuivant	3053017	gestion des zones mémoires
MemSupprime	3053013	gestion des zones mémoires
MemSupprimeTout	3053019	gestion des zones mémoires
MemTri	3053003	gestion des zones mémoires
MemTrie	3053020	gestion des zones mémoires
MemTrouvé	3053021	gestion des zones mémoires
MemValClé	3053016	gestion des zones mémoires
MenuAjoute	3038048	Menu
MenuAjouteMenu	1000017266	Menu
MenuAjouteOption	1000017262	Menu
MenuAjouteOptionURL	1000018529	Menu
MenuAjoutePopup	1000020583	Menu
MenuAjouteSéparateur	1000017270	Menu
MenuClone	1000017257	Menu
MenuDémarque	3038002	Menu
MenuEtat	3038003	Menu
MenuExiste	1000019365	Menu
MenuInsèreMenu	1000017267	Menu
MenuInsèreOption	1000017265	Menu
MenuInsèreSéparateur	1000017271	Menu
MenuInvisible	3038022	Menu
MenuLibellé	3038009	Menu
MenuMarquage	3038008	Menu
MenuMarque	3038007	Menu
MenuSelectMoins	3038010	Menu
MenuSelectPlus	3038005	Menu
MenuSupprime	3038058	Menu
Message	3021006	Boîtes de dialogue
MessageAjouteCase	3021001	Boîtes de dialogue
MessageSupprimeCase	3021002	Boîtes de dialogue
MessTraduit	3054015	Multilingue
Milieu	3024023	gestion des chaînes
Min	3050004	Tableau
Minuscule	3024030	gestion des chaînes
mlChargeEspaceDeTravail	1000021358	accès à MATLAB
mlEcritVariable	1000021355	accès à MATLAB
mlExécute	1000021353	accès à MATLAB
mlInitialise	1000021351	accès à MATLAB
mlListeVariable	1000021357	accès à MATLAB
mlRAZEspaceDeTravail	1000021360	accès à MATLAB
mlRécupèreVariable	1000021354	accès à MATLAB
mlSauveEspaceDeTravail	1000021359	accès à MATLAB
mlSupprimeVariable	1000021356	accès à MATLAB
mlTermine	1000021352	accès à MATLAB
ModeExécution	3013048	diverses WINDEV
MoisEnCours	1000019415	gestion des dates et des heures
MongoAjoute	1000022432	MongoDB
MongoCherche	1000022433	MongoDB
MongoCrée	1000022408	MongoDB
MongoCréeCollection	1000022434	MongoDB
MongoExécuteCommande	1000022435	MongoDB
MongoGridFSEnvoieFichier	1000022436	MongoDB
MongoGridFSListeFichier	1000022438	MongoDB
MongoGridFSRécupèreFichier	1000022439	MongoDB
MongoGridFSRécupèreFichierParID	1000022595	MongoDB
MongoGridFSRécupèreInfoFichier	1000023495	MongoDB
MongoGridFSSupprimeFichier	1000022440	MongoDB
MongoGridFSSupprimeFichierParID	1000022596	MongoDB
MongoInfo	1000022441	MongoDB
MongoModifieTout	1000022603	MongoDB
MongoModifieUn	1000022443	MongoDB
MongoSupprimeBase	1000022444	MongoDB
MongoSupprimeCollection	1000022558	MongoDB
MongoSupprimeTout	1000022445	MongoDB
MongoSupprimeUn	1000022446	MongoDB
MotOccurrence	1000019897	gestion des chaînes
MotVersTableau	1000019898	gestion des chaînes
Moyenne	1000019891	Tableau
MQTTAbonne	1000023073	MQTT
MQTTConnecte	1000023021	MQTT
MQTTDéconnecte	1000023022	MQTT
MQTTDésabonne	1000023074	MQTT
MQTTDésabonneTout	1000023080	MQTT
MQTTPublie	1000023060	MQTT
MultimédiaArrêt	1000017203	Multimédia
MultimédiaContrôleVisible	1000019973	Multimédia
MultimédiaDébut	1000017204	Multimédia
MultimédiaDurée	1000017211	Multimédia
MultimédiaEtat	1000017214	Multimédia
MultimédiaFerme	1000017205	Multimédia
MultimédiaFin	1000017209	Multimédia
MultimédiaHauteur	1000017212	Multimédia
MultimédiaJoue	1000017202	Multimédia
MultimédiaLargeur	1000017213	Multimédia
MultimédiaOuvre	1000017206	Multimédia
MultimédiaPause	1000017207	Multimédia
MultimédiaPosition	1000017210	Multimédia
MultimédiaVolume	1000017208	Multimédia
Multitâche	3015004	Evénements Windows
MultitâcheRepeint	3038004	gestion des fenêtres
MutexCrée	1000019022	gestion des threads
MutexDébut	1000019023	gestion des threads
MutexDétruit	1000019025	gestion des threads
MutexFin	1000019024	gestion des threads
Nation	3054014	Multilingue
NationDroiteAGauche	1000020820	Multilingue
NationFramework	1000024376	Multilingue
NationVersLangue	3054021	Multilingue
NationVersNom	1000022324	Multilingue
NationVersSousLangue	1000022209	Multilingue
NavigateurAdresseIP	3055003	gestion du navigateur
NavigateurEstConnecté	1000019392	gestion du navigateur
NavigateurFerme	3055007	gestion du navigateur
NavigateurHauteur	1000022548	gestion du navigateur
NavigateurHistoriqueAjoute	1000023458	gestion du navigateur
NavigateurHistoriqueModifie	1000023459	gestion du navigateur
NavigateurImprime	1000024545	gestion du navigateur
NavigateurLanceAppli	1000019424	gestion du navigateur
NavigateurLargeur	1000022547	gestion du navigateur
NavigateurMobile	1000021856	gestion du navigateur
NavigateurNom	3055005	gestion du navigateur
NavigateurOS	1000021857	gestion du navigateur
NavigateurOuvre	3055006	gestion du navigateur
NavigateurPlateforme	1000019486	gestion du navigateur
NavigateurTranche	1000022546	gestion du navigateur
NavigateurType	1000019487	gestion du navigateur
NavigateurVersion	1000019488	gestion du navigateur
NetAdresseIP	3056023	Net
NetAdresseMAC	1000016006	Net
NetConnecte	3056004	Net
NetDéconnecte	3056011	Net
NetDémarreServeur	3056013	Net
NetEnvoieBuffer	3056001	Net
NetEnvoieFichier	3056005	Net
NetEnvoieMessage	3056003	Net
NetEnvoieMessageClient	3056007	Net
NetExécute	3056002	Net
NetFermeAccèsDistant	3056021	Net
NetFinServeur	3056024	Net
NetInfoAccèsDistant	3056028	Net
NetIPVersMAC	1000016005	Net
NetListeAccèsDistant	3056027	Net
NetListeAdresseIP	1000019683	Net
NetListeDisque	3056015	Net
NetListeRep	3056016	Net
NetMACVersIP	1000016004	Net
NetMessageBoxClient	3056017	Net
NetMessageBoxDistant	3056020	Net
NetMsgErreur	3056019	Net
NetNomMachine	3056014	Net
NetOptionServeur	3056022	Net
NetOuvreAccèsDistant	3056026	Net
NetRécupèreFichier	3056025	Net
NetRenommeFichier	3056006	Net
NetSupprimeFichier	3056018	Net
NFCEcritTag	1000020417	NFC
NFCEnvoieTag	1000020418	NFC
NFCEtat	1000020415	NFC
NFCLitTag	1000020416	NFC
NombreEnLettres	1000020632	gestion des chaînes
NombreFenêtre	3064005	gestion des fenêtres
NONBinaire	3050011	gestion des valeurs Binaires
NoteChargeTout	1000022397	Notes repositionnables
NoteCrée	1000022395	Notes repositionnables
NotesActiveVue	1000005118	Notes
NotesAjouteFichierAttaché	1000005119	Notes
NoteSauveTout	1000022396	Notes repositionnables
NotesChamp	1000005114	Notes
NotesDésactiveVue	1000005120	Notes
NotesDimensionChamp	1000005103	Notes
NotesDocumentCherche	1000005104	Notes
NotesDocumentDernier	1000005105	Notes
NotesDocumentIdentifiant	1000017084	Notes
NotesDocumentPrécédent	1000005106	Notes
NotesDocumentPremier	1000005107	Notes
NotesDocumentSuivant	1000005108	Notes
NotesDocumentSupprime	1000017085	Notes
NotesEnDehors	1000005109	Notes
NotesEnregistre	1000005110	Notes
NotesExtraitFichierAttaché	1000005121	Notes
NotesFermeBase	1000005111	Notes
NotesListeChamp	1000005112	Notes
NotesListeFichierAttaché	1000005122	Notes
NotesListeVue	1000005123	Notes
NotesModifieChamp	1000005113	Notes
NotesModifieFichierAttaché	1000005124	Notes
NotesNbFichierAttaché	1000005125	Notes
NotesOuvreBase	1000005101	Notes
NotesOuvreConnexion	1000005102	Notes
NotesRAZ	1000005115	Notes
NotesSupprimeChamp	1000005116	Notes
NotesSupprimeFichierAttaché	1000005126	Notes
NoteSupprime	1000022893	Notes repositionnables
NotesVueChercheDernier	1000005127	Notes
NotesVueCherchePremier	1000005128	Notes
NotesVueListeColonne	1000005129	Notes
NotifAjoute	1000019442	gestion du téléphone
NotificationAffiche	1000021021	gestion du navigateur
NotifListeCatégorie	1000023979	gestion du téléphone
NotifModifie	1000019443	gestion du téléphone
NotifPushActive	1000020816	gestion du téléphone
NotifPushDésactive	1000020817	gestion du téléphone
NotifPushEnvoie	1000020819	gestion du téléphone
NotifPushListeIdentifiantsInvalides	1000020854	gestion du téléphone
NotifPushProcédure	1000020818	gestion du téléphone
NotifSupprime	1000019444	gestion du téléphone
NotifSupprimeCatégorie	1000023980	gestion du téléphone
NumériqueVersChaîne	3024024	gestion des chaînes
NumériqueVersEcritureFinancièreChinoise	1000021282	gestion des chaînes
NuméroDeJourVersLettre	1000019906	gestion des dates et des heures
NuméroDeMoisVersLettre	1000019907	gestion des dates et des heures
NuméroDeSemaine	3027027	gestion des dates et des heures
NumHelp	3013027	diverses WINDEV
OBEXConnecte	1000017153	OBEX
OBEXDéconnecte	1000017154	OBEX
OBEXEnvoieFichier	1000017151	OBEX
OBEXEnvoieVCard	1000017155	OBEX
OBEXListeFichier	1000017148	OBEX
OBEXRécupèreFichier	1000017152	OBEX
OBEXRécupèreVCard	1000017156	OBEX
ObjetActif	3057006	OLE
Occurrence	3025009	gestion des champs
OemVersAnsi	3024021	gestion des chaînes
OKAnnuler	3021004	Boîtes de dialogue
OLECharge	3057002	OLE
OLEColle	3057003	OLE
OLECopie	3057004	OLE
OLECréeCopie	3057005	OLE
OLECréeVide	3057001	OLE
OLEEdite	3057008	OLE
OLEJoue	3057009	OLE
OLESauve	3057011	OLE
OLEServeur	3057010	OLE
OngletChargeConfiguration	1000021370	Onglet
OngletDuChamp	3025028	Onglet
OngletEtat	1000021637	Onglet
OngletFerme	1000021362	Onglet
OngletFermeTout	1000021372	Onglet
OngletOuvre	1000021369	Onglet
OngletSauveConfiguration	1000021371	Onglet
OpenIDLitIdentité	1000023573	gestion des protocoles OAuth et OpenID
OpenSSLVérifie	1000020432	diverses Windows
OrgaAffiche	1000019764	Organigramme
OrgaAjoute	1000019729	Organigramme
OrgaAjouteFils	1000019763	Organigramme
OrgaInfoXY	1000019759	Organigramme
OrgaModifie	1000019921	Organigramme
OrgaOccurrence	1000019971	Organigramme
OrgaSauveImage	1000019972	Organigramme
OrgaSelect	1000019762	Organigramme
OrgaSelectMoins	1000019761	Organigramme
OrgaSelectPlus	1000019760	Organigramme
OrgaSupprime	1000019758	Organigramme
OrgaSupprimeTout	1000019749	Organigramme
OrthoAjouteDictionnaire	1000018921	Correcteur orthographique
OrthoDisponible	1000019019	Correcteur orthographique
OrthoSuggère	1000018920	Correcteur orthographique
OrthoVérifie	1000018923	Correcteur orthographique
OUBinaire	3050038	gestion des valeurs Binaires
OUExclusifBinaire	3050023	gestion des valeurs Binaires
OuiNon	3021005	Boîtes de dialogue
OutlookListeProfil	1000019346	gestion des emails
OutlookOuvreSession	3032123	gestion des emails
OutlookProfilDéfaut	1000019347	gestion des emails
Ouvre	3038035	gestion des fenêtres
OuvreDocument	1000023709	diverses WINDEV
OuvreFenêtreMobile	1000021018	gestion des fenêtres
OuvreFille	3038021	gestion des fenêtres
OuvreMenuContextuel	3025029	Menu
OuvreMenuPrincipal	1000020347	gestion des fenêtres
OuvrePopup	3038046	gestion des fenêtres
OuvrePopupPosition	3038047	gestion des fenêtres
OuvreSoeur	3038045	gestion des fenêtres
paDésactiveAction	1000019620	Fabrique logicielle
paExécute	1000019457	Fabrique logicielle
PageActiveGFI	1000017087	gestion des pages
PageActualise	3058011	gestion des pages
PageAdresse	3058010	gestion des pages
PageAffiche	3058008	gestion des pages
PageAfficheDialogue	1000017124	gestion des pages
PageCourante	3058009	gestion des pages
PageEcritEntêteHTTP	1000021636	gestion des pages
PageExiste	3058013	gestion des pages
PageFermeDialogue	1000017166	gestion des pages
PageInitialisation	3058025	gestion des pages
PageLitEntêteHTTP	1000021635	gestion des pages
PageParamètre	3058026	gestion des pages
PagePosition	3058021	gestion des pages
PagePrécédente	3058017	gestion des pages
PageSemiDynamiqueAffiche	3058018	gestion des pages
PageTauxGFI	1000017086	gestion des pages
PageUtilise	3058016	gestion des pages
PageValide	3058020	gestion des pages
PageVersASP	3058019	gestion des pages
PageVersEmail	3058027	gestion des pages
PageVersFichier	3044022	liaison
PageVersJSP	3058022	gestion des pages
PageVersPHP	3058015	gestion des pages
PageVersSource	1000017406	liaison
PageVisible	1000021014	gestion des pages
PalmAjoute	3059016	Palm Pilot
PalmCharge	3059008	Palm Pilot
PalmDésinstalle	3059014	Palm Pilot
PalmEnDehors	3059012	Palm Pilot
PalmFerme	3059011	Palm Pilot
PalmFiltre	3059010	Palm Pilot
PalmInstalle	3059007	Palm Pilot
PalmListeCatégorie	3059019	Palm Pilot
PalmListeUtilisateurs	3059004	Palm Pilot
PalmLit	3059030	Palm Pilot
PalmLitDernier	3059015	Palm Pilot
PalmLitPrécédent	3059022	Palm Pilot
PalmLitPremier	3059020	Palm Pilot
PalmLitSuivant	3059023	Palm Pilot
PalmModifie	3059018	Palm Pilot
PalmNbEnr	3059017	Palm Pilot
PalmPositionne	3059021	Palm Pilot
PalmRafraîchit	3059025	Palm Pilot
PalmRAZ	3059026	Palm Pilot
PalmReset	3059024	Palm Pilot
PalmSupprime	3059027	Palm Pilot
PalmVersChaîne	3059028	Palm Pilot
paLog	1000019632	Fabrique logicielle
PanneauActive	1000024396	Panneau dockable
PanneauAttache	1000023990	Panneau dockable
PanneauChargeConfiguration	1000023995	Panneau dockable
PanneauCrée	1000023989	Panneau dockable
PanneauDétache	1000023991	Panneau dockable
PanneauEnumère	1000023993	Panneau dockable
PanneauPosition	1000023992	Panneau dockable
PanneauSauveConfiguration	1000023994	Panneau dockable
paNomCompletProjet	1000019640	Fabrique logicielle
Pâques	3027035	gestion des dates et des heures
Paramètres d'une procédure	1513001	
ParamètreFAA	3014032	FAA (Fonctionnalités Automatiques de l'Application)
ParamètreOrthographe	3025052	gestion des champs
ParentObjet	3025031	gestion des champs
PartieDécimale	3050002	Mathématiques
PartieEntière	3050008	Mathématiques
PaysListe	1000024930	Pays et Continents
PaysRécupère	1000024931	Pays et Continents
PDFEstProtégé	1000017491	PDF
PDFExtraitPage	1000021279	PDF
PDFFusionne	1000019712	PDF
PDFFusionneAvecMotDePasse	1000020126	PDF
PDFMotDePasse	1000024229	PDF
PDFNombreDePages	1000017480	PDF
PDFSauve	1000024864	PDF
PDFSigne	1000022241	PDF
PDFVersTexte	1000017479	PDF
Phonétique	3024026	gestion des chaînes
PhotoLanceAppli	1000021601	Album
PHPAffiche	3012021	diverses WEBDEV
PHPExécute	3012013	diverses WEBDEV
PicCrée	1000023380	Editeur d'images et variables WDPic
PicFerme	1000023382	Editeur d'images et variables WDPic
PicFusionneCalque	1000024865	Editeur d'images et variables WDPic
PicOuvre	1000023379	Editeur d'images et variables WDPic
PicRedimensionne	1000024635	Editeur d'images et variables WDPic
PicRotation	1000024633	Editeur d'images et variables WDPic
PicSauve	1000023381	Editeur d'images et variables WDPic
PileInfo	1000019546	gestion des files, piles, listes
PiloteActionBar	1000021199	Pilote
PiloteAvertissement	1000009001	Pilote
PiloteConfirmer	1000009003	Pilote
PiloteDialogue	1000009004	Pilote
PiloteErreur	1000009005	Pilote
PiloteFenêtre	1000009009	Pilote
PiloteInfo	1000009006	Pilote
PiloteInterrupteur	1000021200	Pilote
PiloteMenu	1000009010	Menu
PiloteOKAnnuler	1000009007	Pilote
PiloteOuiNon	1000009008	Pilote
PiloteSaisie	1000009012	Pilote
PiloteSélecteur	1000021201	Pilote
PiloteSimulateur	1000021151	Pilote
PiloteSouris	1000009011	Pilote
PiloteVitesse	1000022075	Pilote
PiloteVolet	1000021198	Pilote
PiloteVoletAttache	1000021582	Pilote
PiloteVoletDétache	1000021581	Pilote
Ping	3014013	diverses Windows
PlanActionExécute	1000021332	Fabrique logicielle
PlanActionInfo	1000021829	Fabrique logicielle
PlanActionParamètre	1000021598	Fabrique logicielle
PlanificateurAjouteHoraire	3089001	Planificateur Windows
PlanificateurAjouteTâche	3089003	Planificateur Windows
PlanificateurEtatTâche	3089005	Planificateur Windows
PlanificateurListeTâche	3089006	Planificateur Windows
PlanificateurModifieHoraire	3089007	Planificateur Windows
PlanificateurModifieTâche	3089008	Planificateur Windows
PlanificateurOuvrePropriétésTâche	3089009	Planificateur Windows
PlanificateurPropriétésHoraire	3089010	Planificateur Windows
PlanificateurPropriétésTâche	3089011	Planificateur Windows
PlanificateurRAZ	3089012	Planificateur Windows
PlanificateurSupprimeHoraire	3089013	Planificateur Windows
PlanificateurSupprimeTâche	3089014	Planificateur Windows
PlanningAffiche	1000019426	Planning
PlanningAffichePériodePrécédente	1000019495	Planning
PlanningAffichePériodeSuivante	1000019496	Planning
PlanningAjouteRendezVous	1000019273	Planning
PlanningAjouteRessource	1000019279	Planning
PlanningChangeMode	1000019440	Planning
PlanningCouleurFond	1000019997	Planning
PlanningDateVisible	1000022876	Planning
PlanningHeureAffichée	1000019373	Planning
PlanningHeureOuvrable	1000022404	Planning
PlanningHeureOuvrableRessource	1000022403	Planning
PlanningInfoXY	1000019553	Planning
PlanningListeRendezVous	1000019276	Planning
PlanningMode	1000019992	Planning
PlanningPlageSélectionnée	1000022550	Planning
PlanningPosition	1000019372	Planning
PlanningPositionRessource	1000019969	Planning
PlanningSelectMoins	1000019286	Planning
PlanningSelectPlus	1000019285	Planning
PlanningSupprimeRendezVous	1000019274	Planning
PlanningSupprimeRessource	1000019282	Planning
PlanningSupprimeTout	1000019275	Planning
PlanningVersiCalendar	1000021920	Planning
PleinEcran	1000022151	gestion des fenêtres
PleinEcranActive	1000021012	gestion du navigateur
PleinEcranDésactive	1000021013	gestion du navigateur
PoidsFaible	3014018	diverses Windows
PoidsFort	3014017	diverses Windows
PointDAttacheAjoute	1000021902	gestion des champs
PointDAttacheSupprimeTout	1000021903	gestion des champs
PoliceCrée	3060002	gestion des polices
PoliceListe	3060003	gestion des polices
PoliceSelect	3060004	gestion des polices
PopupAffiche	1000019788	gestion des pages
PopupAnime	1000020313	gestion des pages
PopupFerme	1000019789	gestion des pages
Position	3024027	gestion des chaînes
PositionOccurrence	3024029	gestion des chaînes
PositionVersLigne	1000019899	gestion des chaînes
PostMessage	3015001	Evénements Windows
PremierJourDeLAnnée	1000021887	gestion des dates et des heures
PremierJourDeLaSemaine	1000019882	gestion des dates et des heures
PremierJourDuMois	1000019417	gestion des dates et des heures
PressePapier	3063004	Presse-papiers
PressePapierFormat	3063002	Presse-papiers
PressePapierHauteur	3063006	Presse-papiers
PressePapierLargeur	3063007	Presse-papiers
PressePapierRTF	1000017200	Presse-papiers
PressePapierUnicode	1000018858	Presse-papiers
ProjetInfo	3064004	Projets
PropriétéExiste	1000020472	
Proxy	3043002	HTTP
Puissance	3050007	Mathématiques
Racine	3050006	Mathématiques
RAZ	3025026	gestion des champs
ReconnaissanceVocaleAjouteCommande	1000020014	Reconnaissance Vocale
ReconnaissanceVocaleDéclenche	1000020013	Reconnaissance Vocale
ReconnaissanceVocaleSupprimeCommande	1000020017	Reconnaissance Vocale
RécupèreDéfinition	1000019333	
RécupèreDéfinitionType	1000019559	
RedisAbonne	1000023552	gestion d'une base Big Data Redis
RedisConnecte	1000023530	gestion d'une base Big Data Redis
RedisDésabonne	1000023553	gestion d'une base Big Data Redis
RedisExécuteCommande	1000023541	gestion d'une base Big Data Redis
RedisPipelineAjoute	1000023542	gestion d'une base Big Data Redis
RedisPipelineRAZ	1000023549	gestion d'une base Big Data Redis
RedisPipelineRécupère	1000023543	gestion d'une base Big Data Redis
RedisPublie	1000023551	gestion d'une base Big Data Redis
RéelVersDateHeure	1000021364	gestion des dates et des heures
RegistreCherche	3065005	Base de registre
RegistreCléSuivante	3065009	Base de registre
RegistreCopieClé	1000019418	Base de registre
RegistreCréeClé	3065002	Base de registre
RegistreEcrit	3065006	Base de registre
RegistreExiste	3065007	Base de registre
RegistreListeClé	1000019881	Base de registre
RegistreListeValeur	3065013	Base de registre
RegistreLit	3065012	Base de registre
RegistrePremièreSousClé	3065008	Base de registre
RegistreRenomme	1000019419	Base de registre
RegistreSupprimeClé	3065010	Base de registre
RegistreSupprimeValeur	3065011	Base de registre
RegistreTypeValeur	1000017280	Base de registre
RelanceProgramme	1000019900	Exécutables
Remplace	3024022	gestion des chaînes
RendezVousAffiche	1000020692	RendezVous (Lotus Notes/Android/iOS)
RendezVousAjoute	1000011001	RendezVous (Lotus Notes/Android/iOS)
RendezVousCrée	1000020691	RendezVous (Lotus Notes/Android/iOS)
RendezVousDernier	1000011002	RendezVous (Lotus Notes/Android/iOS)
RendezVousListe	1000020690	RendezVous (Lotus Notes/Android/iOS)
RendezVousListeCalendrier	1000020661	RendezVous (Lotus Notes/Android/iOS)
RendezVousLit	1000011011	RendezVous (Lotus Notes/Android/iOS)
RendezVousModifie	1000011003	RendezVous (Lotus Notes/Android/iOS)
RendezVousPrécédent	1000011004	RendezVous (Lotus Notes/Android/iOS)
RendezVousPremier	1000011005	RendezVous (Lotus Notes/Android/iOS)
RendezVousRAZ	1000011006	RendezVous (Lotus Notes/Android/iOS)
RendezVousSuivant	1000011007	RendezVous (Lotus Notes/Android/iOS)
RendezVousSupprime	1000011008	RendezVous (Lotus Notes/Android/iOS)
RendezVousVersiCalendar	1000021828	RendezVous (Lotus Notes/Android/iOS)
RépertoireDonnées	3036007	diverses WEBDEV
RépertoireWeb	3012015	diverses WEBDEV
Répète	3024036	gestion des chaînes
RéplicInfo	1000017197	WLangage
RéplicInitialise	1000017195	WLangage
RéplicOuvre	1000017194	WLangage
RéplicSupprimeAbonnement	1000022268	WLangage
RéplicSynchronise	1000017196	WLangage
RepriseSaisie	3025027	gestion des champs
RéseauConnecte	3066002	Réseaux
RéseauDéconnecte	3066003	Réseaux
RéseauMobileEtat	1000020175	gestion du téléphone
RéseauMobileInfoConnexion	1000020176	gestion du téléphone
RéseauNomDomaine	1000018859	Réseaux
RéseauNomRep	3066005	Réseaux
RéseauUtilisateur	3066004	Réseaux
Restaure	3038042	gestion des fenêtres
RESTEnvoie	1000021476	HTTP
rssAffiche	1000017397	Flux RSS
rssConstruitChaîne	1000017395	Flux RSS
rssInitialise	1000017388	Flux RSS
rssSauve	1000017396	Flux RSS
RTFAjoute	3025024	RTF
RTFAjouteLien	1000021062	RTF
RTFCharge	3025041	RTF
RTFInsère	3025025	RTF
RTFRecherche	3025043	RTF
RTFRemplace	3025038	RTF
RTFSélection	3025023	RTF
RTFVersHTML	3025049	RTF
RTFVersTexte	3025032	RTF
RubanAdapteTaille	1000020761	Ruban
RubanFermeRegroupement	1000020136	Ruban
RubanFinModeDéplié	1000020378	Ruban
RubanSurligneVolet	1000020530	Ruban
RuptureAjoute	1000022737	gestion des ruptures
RuptureSupprime	1000022738	gestion des ruptures
RuptureSupprimeTout	1000022739	gestion des ruptures
RVB	3029012	dessin
RVBBleu	3029049	dessin
RVBRouge	3029050	dessin
RVBVersHTML	1000019420	dessin
RVBVert	3029051	dessin
SaaSAdminActiveLicence	1000019139	SaaS
SaaSAdminActiveService	1000019132	SaaS
SaaSAdminAjouteAbonnement	1000019134	SaaS
SaaSAdminAjouteClient	1000019113	SaaS
SaaSAdminAjouteService	1000019107	SaaS
SaaSAdminAjouteSite	1000019102	SaaS
SaaSAdminAjouteTarification	1000019127	SaaS
SaaSAdminAjouteUtilisateur	1000019120	SaaS
SaaSAdminChercheAbonnement	1000019137	SaaS
SaaSAdminChercheClient	1000019114	SaaS
SaaSAdminChercheService	1000019110	SaaS
SaaSAdminChercheSite	1000019105	SaaS
SaaSAdminChercheTarification	1000019130	SaaS
SaaSAdminChercheUtilisateur	1000019124	SaaS
SaaSAdminConfigureDevise	1000019186	SaaS
SaaSAdminConfigureSMTP	1000022592	SaaS
SaaSAdminConnecte	1000019098	SaaS
SaaSAdminConnexionClient	1000019144	SaaS
SaaSAdminConnexionSite	1000019145	SaaS
SaaSAdminCréeBaseClient	1000019141	SaaS
SaaSAdminDéconnecte	1000019099	SaaS
SaaSAdminDésactiveLicence	1000019140	SaaS
SaaSAdminDésactiveService	1000019133	SaaS
SaaSAdminEcritParamètreSite	1000019769	SaaS
SaaSAdminEstConnecté	1000019101	SaaS
SaaSAdminListeAbonnement	1000019138	SaaS
SaaSAdminListeAbonnementClient	1000019183	SaaS
SaaSAdminListeClient	1000019116	SaaS
SaaSAdminListeService	1000019111	SaaS
SaaSAdminListeSite	1000019106	SaaS
SaaSAdminListeTarification	1000019131	SaaS
SaaSAdminListeUtilisateur	1000019125	SaaS
SaaSAdminLitParamètreSite	1000019768	SaaS
SaaSAdminModifieAbonnement	1000019135	SaaS
SaaSAdminModifieClient	1000019115	SaaS
SaaSAdminModifieConnexionClient	1000019143	SaaS
SaaSAdminModifieConnexionSite	1000019142	SaaS
SaaSAdminModifieService	1000019108	SaaS
SaaSAdminModifieSite	1000019103	SaaS
SaaSAdminModifieTarification	1000019128	SaaS
SaaSAdminModifieUtilisateur	1000019122	SaaS
SaaSAdminSupprimeAbonnement	1000019136	SaaS
SaaSAdminSupprimeClient	1000019117	SaaS
SaaSAdminSupprimeService	1000019109	SaaS
SaaSAdminSupprimeSite	1000019104	SaaS
SaaSAdminSupprimeTarification	1000019129	SaaS
SaaSAdminSupprimeUtilisateur	1000019123	SaaS
SaaSChangeMotDePasse	1000019462	SaaS
SaaSConnecte	1000018959	SaaS
SaaSConnexionClient	1000019016	SaaS
SaaSDéconnecte	1000018960	SaaS
SaaSEcritParamètreSite	1000019039	SaaS
SaaSEnvoieCodeDeSécurité	1000022528	SaaS
SaaSEstConnecté	1000018962	SaaS
SaaSLitParamètreSite	1000019037	SaaS
SaaSUtilisateurConnecté	1000019461	SaaS
SaaSVérifieService	1000018961	SaaS
Sablier	3071011	Souris
SablierRéseau	1000020797	Souris
Saisie	3021016	Boîtes de dialogue
SaisieAjouteJeton	1000023953	gestion des jetons
SaisieAssistéeAjoute	1000020043	gestion de la saisie assistée
SaisieAssistéeFerme	1000020049	gestion de la saisie assistée
SaisieAssistéeOuvre	1000020048	gestion de la saisie assistée
SaisieAssistéeParamètre	1000021074	gestion de la saisie assistée
SaisieAssistéeSupprimeTout	1000020044	gestion de la saisie assistée
SaisieCurseur	1000022421	gestion des champs
SaisieInsèreJeton	1000023954	gestion des jetons
SaisieOccurrenceJeton	1000023955	gestion des jetons
SaisieSupprimeJeton	1000023956	gestion des jetons
SaisieSupprimeToutJeton	1000023957	gestion des jetons
SansAccent	3024033	gestion des chaînes
SansCaractère	1000019391	gestion des chaînes
SansCaractèreDroite	1000020479	gestion des chaînes
SansCaractèreGauche	1000020478	gestion des chaînes
SansEspace	3024034	gestion des chaînes
SAPConnecte	1000017120	SAP
SAPDéconnecte	1000017121	SAP
SAPExécute	1000017122	SAP
SauveParamètre	3025046	gestion des champs
sCalculeCrc16	3062007	Ports série et parallèle
sCalculeCrc32	3062015	Ports série et parallèle
ScriptAffiche	3012017	diverses WEBDEV
ScriptExécute	3012016	diverses WEBDEV
sDansFileEntrée	3062004	Ports série et parallèle
sDansFileSortie	3062005	Ports série et parallèle
sEchap	3062006	Ports série et parallèle
sEcrit	3062009	Ports série et parallèle
SectionCritique	1000024373	gestion des threads
SectionCritiqueDébut	3077001	gestion des threads
SectionCritiqueFin	3077005	gestion des threads
SelectCouleur	3013045	diverses WINDEV
SélecteurAjoute	1000020598	Sélecteur
SélecteurInsère	1000020599	Sélecteur
SélecteurOccurrence	1000021184	Sélecteur
SélecteurSupprime	1000020600	Sélecteur
SemaineVersDate	1000020510	gestion des dates et des heures
SémaphoreCrée	3077012	gestion des threads
SémaphoreDébut	3077008	gestion des threads
SémaphoreDétruit	3077011	gestion des threads
SémaphoreFin	3077010	gestion des threads
SendMessage	3015003	Evénements Windows
Sérialise	3013065	
ServeurAppliAjouteTâchePlanifiée	1000022347	gestion des tâches planifiées WEBDEV
ServeurAppliExécuteTâchePlanifiée	1000022350	gestion des tâches planifiées WEBDEV
ServeurAppliInfoTâchePlanifiée	1000022789	gestion des tâches planifiées WEBDEV
ServeurAppliListeTâchePlanifiée	1000022352	gestion des tâches planifiées WEBDEV
ServeurAppliModifieTâchePlanifiée	1000022348	gestion des tâches planifiées WEBDEV
ServeurAppliSupprimeTâchePlanifiée	1000022349	gestion des tâches planifiées WEBDEV
ServiceActualise	1000017107	Service
ServiceArrête	1000017111	Service
ServiceAttendEtat	1000017101	Service
ServiceContrôle	1000017108	Service
ServiceDémarre	1000017110	Service
ServiceDésinstalle	1000017098	Service
ServiceEcritEvénementJournal	1000018807	Service
ServiceEtat	1000017102	Service
ServiceExiste	1000018936	Service
ServiceInfo	1000017103	Service
ServiceInstalle	1000017099	Service
ServiceListe	1000017104	Service
ServiceModifie	1000017100	Service
ServicePause	1000017109	Service
ServiceRedémarre	1000017112	Service
ServiceRelance	1000017105	Service
ServiceTemporise	1000018712	Service
sEvénement	3062014	Ports série et parallèle
SexagésimalVersDécimal	1000020512	Mathématiques
SFAjoute	1000018463	SalesForce
SFAvanceRequête	1000018483	SalesForce
SFConnecte	1000017583	SalesForce
SFConvertitPiste	1000018498	SalesForce
SFDéconnecte	1000017585	SalesForce
sFerme	3062010	Ports série et parallèle
SFExécuteRequête	1000018438	SalesForce
SFExécuteTraitement	1000018523	SalesForce
SFFusionne	1000018509	SalesForce
sFinEvénement	3062008	Ports série et parallèle
sFixeParamètre	3062011	Ports série et parallèle
SFLit	1000018524	SalesForce
SFModifie	1000018478	SalesForce
SFRecherche	1000018555	SalesForce
SFRechercheModifié	1000018554	SalesForce
SFRechercheSupprimé	1000018475	SalesForce
SFRestaure	1000018527	SalesForce
SFSupprime	1000018465	SalesForce
SFVideCorbeille	1000018466	SalesForce
SignalAttend	3077007	gestion des threads
SignalCrée	3077009	gestion des threads
SignalDétruit	3077025	gestion des threads
SignalFerme	1000021272	gestion des threads
SignalModifie	3077017	gestion des threads
SignalOuvre	1000021271	gestion des threads
SIMEcrit	3067001	gestion des cartes SIM
SIMLit	3067006	gestion des cartes SIM
SIMNbContact	3067003	gestion des cartes SIM
SIMSupprime	3067005	gestion des cartes SIM
Sinus	3050009	Mathématiques
SiteAdresse	3058023	gestion des pages
SiteDynamiqueAffiche	3058024	gestion des pages
sLit	3062012	Ports série et parallèle
SMSEnvoie	3068002	SMS
SMSLanceAppli	1000020864	SMS
SMSNbMessage	3068009	SMS
SMSPremier	3068006	SMS
SMSRAZ	3068001	SMS
SMSSuivant	3068007	SMS
SMSSupprime	3068008	SMS
SNMPChaîneVersOID	1000017076	Protocole SNMP
SNMPChargeMIB	1000017074	Protocole SNMP
SNMPEcrit	1000017071	Protocole SNMP
SNMPFermeSession	1000017068	Protocole SNMP
SNMPLit	1000017069	Protocole SNMP
SNMPLitSuivant	1000017070	Protocole SNMP
SNMPLitTableau	1000017217	Protocole SNMP
SNMPOIDAccès	1000017077	Protocole SNMP
SNMPOIDDescription	1000017079	Protocole SNMP
SNMPOIDEtat	1000017078	Protocole SNMP
SNMPOIDType	1000017080	Protocole SNMP
SNMPOIDVersChaîne	1000017075	Protocole SNMP
SNMPOuvreSession	1000017067	Protocole SNMP
SNMPTrapActive	1000017072	Protocole SNMP
SNMPTrapDésactive	1000017073	Protocole SNMP
SOAPAjouteAssertionSAML	1000020762	SOAP
SOAPAjouteAttribut	1000019241	SOAP
SOAPAjouteEntête	3069001	SOAP
SOAPAjouteSignatureXML	1000020754	SOAP
SOAPDonneRésultat	3069002	SOAP
SOAPEncodeRésultat	3069003	SOAP
SOAPErreur	3069005	SOAP
SOAPExécute	3069013	SOAP
SOAPExécuteXML	3069014	SOAP
SOAPPrépare	1000019238	SOAP
SOAPRécupèreEntête	1000019237	SOAP
SOAPVersHTTP	1000023920	SOAP
SocketAccepte	3070004	gestion des sockets
SocketAttendConnexion	3070006	gestion des sockets
SocketChangeModeTransmission	3070005	gestion des sockets
SocketClientInfo	3070009	gestion des sockets
SocketConnecte	3070016	gestion des sockets
SocketConnecteBluetooth	1000017145	Bluetooth
SocketConnecteInfraRouge	3070018	gestion des sockets
SocketConnecteSSL	1000017042	gestion des sockets
SocketCrée	3070011	gestion des sockets
SocketCréeBluetooth	1000017167	Bluetooth
SocketCréeInfraRouge	3070012	gestion des sockets
SocketCréeSSL	1000017041	gestion des sockets
SocketCréeUDP	3070019	gestion des sockets
SocketEcrit	3070002	gestion des sockets
SocketExiste	3070013	gestion des sockets
SocketFerme	3070015	gestion des sockets
SocketLit	3070014	gestion des sockets
SocketRefuse	3070010	gestion des sockets
Somme	1000019892	Tableau
Son	3013047	diverses WINDEV
SourceVersEcran	1000017341	liaison
SourceVersPage	1000017405	liaison
SourisPosX	3071007	Souris
SourisPosY	3071008	Souris
sOuvre	3062013	Ports série et parallèle
SQLAssocie	3072004	SQL
SQLAvance	3072011	SQL
SQLBloque	3072003	SQL
SQLChangeConnexion	3072016	SQL
SQLCol	3072018	SQL
SQLColonne	3072001	SQL
SQLConnecte	3072005	SQL
SQLConnecteWS	1000021031	SQL
SQLDéconnecte	3072008	SQL
SQLDernier	3072009	SQL
SQLExec	3072007	SQL
SQLExecWDR	3072010	SQL
SQLFerme	3072015	SQL
SQLFormatColonne	3072006	SQL
SQLInfoGene	3072028	SQL
SQLListeSource	3072027	SQL
SQLListeTable	3072021	SQL
SQLLitCol	3072019	SQL
SQLLitMémo	3072020	SQL
SQLLitMémoTexte	3072012	SQL
SQLModifie	3072023	SQL
SQLPositionne	3072024	SQL
SQLPrécédent	3072022	SQL
SQLPremier	3072017	SQL
SQLReqExiste	3072026	SQL
SQLSuivant	3072030	SQL
SQLTable	3072031	SQL
SQLTransaction	3072029	SQL
SSHCommande	1000021143	SSH
SSHConnecteShell	1000021147	SSH
SSHDéconnecteShell	1000021148	SSH
SSHEcrit	1000021150	SSH
SSHLit	1000021149	SSH
SSLActive	3012014	diverses WEBDEV
StatCorrélation	3050022	Statistiques
StatCovariance	3050020	Statistiques
StatEcartMoyen	3050024	Statistiques
StatEcartType	3050025	Statistiques
StatEcartTypeP	3050026	Statistiques
StatErreur	3050019	Statistiques
StatMax	3050034	Statistiques
StatMin	3050037	Statistiques
StatMoyenne	3050036	Statistiques
StatSomme	3050035	Statistiques
StatVariance	3050033	Statistiques
StatVarianceP	3050030	Statistiques
StockageLocalAjoute	1000019382	Stockage Local
StockageLocalDisponible	1000019379	Stockage Local
StockageLocalNomValeur	1000019388	Stockage Local
StockageLocalOccurrence	1000019387	Stockage Local
StockageLocalRécupère	1000019384	Stockage Local
StockageLocalSupprime	1000019385	Stockage Local
StockageLocalSupprimeTout	1000019386	Stockage Local
StyleDessin	3014030	gestion des fenêtres
Supprime	1000017354	Tableau
SupprimeColonne	1000017356	Tableau
SupprimeCommandeVocale	1000017187	Reconnaissance Vocale
SupprimeLigne	1000017355	Tableau
SupprimeParamètre	3025048	gestion des champs
SupprimeRaccourci	3014012	diverses Windows
SupprimeTout	1000017357	Tableau
SynthèseVocaleArrête	1000020174	Synthèse Vocale
SynthèseVocaleEnCours	1000020173	Synthèse Vocale
SynthèseVocaleInitialise	1000020171	Synthèse Vocale
SynthèseVocaleLitFichier	1000020172	Synthèse Vocale
SynthèseVocaleLitTexte	1000019805	Synthèse Vocale
SysArrête	3073013	Système
SysAssocieExtension	1000021892	Système
SysCacheStockageExterne	1000021815	Système
SysChangeEnvironnement	1000017241	Système
SysChangeRésolutionEcran	1000017020	Système
SysCouleur	3073011	Système
SysCouleurRes	3073012	Système
SysDétecteSessionVerrouillée	1000021185	Système
SysDissocieExtension	1000021914	Système
SysDocRécentAjoute	1000018867	Système
SysDocRécentListe	1000018869	Système
SysDonneFocus	3073004	Système
SysEnvironnement	3073014	Système
SysEspace	3073002	Système
SysEtatCarteStockage	1000019554	Système
SysEtatStockageExterne	1000021798	Système
SysFenActive	3073005	Système
SysFenAffiche	3073003	Système
SysFenHandle	3073007	Système
SysFenTitre	3073008	Système
SysHandleValide	3073009	Système
SysIconeAfficheBulle	1000021767	Système
SysIconeAjoute	3073001	Système
SysIconeAjouteImage	1000018874	Système
SysIconeBadge	1000020796	Système
SysIconeModifie	3073027	Système
SysIconeSupprime	3073022	Système
SysIconeSupprimeImage	1000018875	Système
SysIconisé	3073017	Système
SysIdentifiant	1000020619	Système
SysIMEI	3073029	Système
SysInfoAppareil	1000023103	Système
SysInstance	3073018	Système
SysLibèreDC	3073021	Système
SysListeCarteGraphique	1000017016	Système
SysListeEcran	1000017014	Système
SysListeOrientationEcran	3073030	Système
SysListeRésolutionEcran	1000017018	Système
SysMémoireStockageExterne	1000021817	Système
SysMétrique	3073019	Système
SysMiniatureAjouteBouton	1000018871	Système
SysMiniatureModifieBouton	1000018956	Système
SysMiniatureSupprimeBouton	1000018872	Système
SysMiniatureSupprimeTout	1000018873	Système
SysMiseEnVeille	3073032	Système
SysModeErreur	3073020	Système
SysNation	1000021876	Système
SysNbStockageExterne	1000021816	Système
SysNombreEcran	1000017021	Système
SysNomEcranPrincipal	1000017017	Système
SysNomExe	3073015	Système
SysNumSérie	3073033	Système
SysOrientationEcran	3073031	Système
SysRectangleEcran	1000019421	Système
SysRécupèreAssociationExt	1000021896	Système
SysRécupèreDC	3073023	Système
SysRep	3073026	Système
SysRepCarteStockage	3073034	Système
SysRepStockageExterne	1000021793	Système
SysRésolutionEcran	1000017019	Système
SysStockageExterneAmovible	1000021818	Système
SysThème	1000019646	Système
SysVersion	3073028	Système
SysVersionAndroid	1000019785	Système
SysVersionIOS	1000020555	Système
SysVersionWindows	3073025	Système
SysXRes	3073024	Système
SysYRes	3073006	Système
TableActiveFiltre	1000017149	Table
TableAffiche	3074003	Table
TableAjoute	3074017	Table
TableAjouteColonne	1000017168	Table
TableAjouteFils	1000010004	Table hiérarchique
TableAjouteLigne	3074006	Table
TableAjouteLigneAvecAnimation	1000022402	Table
TableAjoutEnCours	1000021966	Table
TableAjouteSurEntête	1000020585	Table
TableAjuste	3074004	Table
TableauAjoute	3075003	Tableau
TableauAjouteLigne	3075013	Tableau
TableauAjouteRéférence	1000023932	Tableau
TableauAjouteTrié	1000017013	Tableau
TableauCherche	3075002	Tableau
TableauChercheParProcédure	1000020101	Tableau
TableauCopie	3075004	Tableau
TableauDéplace	3075011	Tableau
TableauDéplaceLigne	3075016	Tableau
TableauEchangeLigne	1000020483	Tableau
TableauInfo	3075005	Tableau
TableauInsère	3075009	Tableau
TableauInsèreLigne	3075014	Tableau
TableauInsèreRéférence	1000023936	Tableau
TableauInverse	1000020475	Tableau
TableauMélange	1000021017	Tableau
TableauOccurrence	3075012	Tableau
TableauSupprime	3075008	Tableau
TableauSupprimeDoublon	1000019422	Tableau
TableauSupprimeLigne	3075015	Tableau
TableauSupprimeTout	3075010	Tableau
TableauTrie	3075007	Tableau
TableauVersChaîne	1000017007	gestion des chaînes
TableauVersCSV	1000017096	Tableau
TableCelluleSelect	1000019378	Table
TableCelluleSelectOccurrence	1000019377	Table
TableCherche	3074015	Table
TableChercheFils	1000017064	Table hiérarchique
TableColonneSelect	1000019381	Table
TableColonneSelectOccurrence	1000019380	Table
TableColonnesFiltrées	1000020517	Table
TableColonnesTriées	3074010	Table
TableDébutRemplissage	1000022368	Table
TableDéplaceBranche	1000020611	Table hiérarchique
TableDéplaceColonne	3074011	Table
TableDéplaceLigne	1000017247	Table
TableDéroule	1000010007	
TableDérouleTout	1000010001	Table hiérarchique
TableDésactiveFiltre	1000017150	Table
TableDonneFocus	1000022319	Table
TableEchangeBranche	1000020505	Table hiérarchique
TableEchangeLigne	1000020627	Table
TableEnregistre	3074008	Table
TableEnroule	1000010008	Table hiérarchique
TableEnrouleDéroule	1000024474	Table
TableEnrouleTout	1000010003	Table hiérarchique
TableEnumèreColonne	3074012	Table
TableEnumèreRupture	1000022418	Table
TableEtatElément	1000010012	Table hiérarchique
TableFilsOccurrence	1000020504	Table hiérarchique
TableFin	3074013	Table
TableFinRemplissage	1000022369	Table
TableFixeColonne	3074014	Table
TableFormuleAjoute	1000022361	Table
TableFormuleSupprimeTout	1000022362	Table
TableImprime	1000017237	Table
TableIndiceColonne	3074016	Table
TableIndiceRupture	1000018758	Table
TableInfoXY	3074007	Table
TableInsère	3074025	Table
TableInsèreColonne	1000017178	Table
TableInsèreFils	1000010005	Table hiérarchique
TableInsèreLigne	3074026	Table
TableInsèreLigneAvecAnimation	1000022401	Table
TableListeFils	1000021787	Table hiérarchique
TableMode	3074001	Table
TableModifie	3074019	Table
TableModifieColonne	1000017179	Table
TableModifieLigne	3074028	Table
TableNumEnr	3074027	Table
TableOccurrence	3074021	Table
TablePosition	3074022	Table
TableRafraîchissementVisible	1000021196	Table
TableRécupèreFils	1000010009	Table hiérarchique
TableRécupèreParent	1000010011	Table hiérarchique
TableRestaurePositionEtSélection	1000017413	Table
TableSaisieEnCours	3074023	Table
TableSaisieLoupe	3074024	Table
TableSauvePositionEtSélection	1000017412	Table
TableSelect	3074020	Table
TableSelectMoins	3074029	Table
TableSelectOccurrence	3074030	Table
TableSelectPlus	3074031	Table
TableSelectVersFichier	3074038	Table
TableSupprime	3074032	Table
TableSupprimeAvecAnimation	1000022400	Table
TableSupprimeFils	1000010006	Table hiérarchique
TableSupprimeSelect	1000020506	Table
TableSupprimeTout	3074034	Table
TableTri	3074018	Table
TableTrie	3074035	Table
TableTrieFils	1000017025	Table hiérarchique
TableTypeElément	1000010010	Table hiérarchique
TableurAjouteDonnée	1000021365	Tableur
TableurAjouteFeuille	1000021642	Tableur
TableurAjouteFormule	1000021373	Tableur
TableurAjouteImage	1000023335	Tableur
TableurAjouteNom	1000022523	Tableur
TableurAutoriseProcédure	1000021473	Tableur
TableurCadreSélection	1000021480	Tableur
TableurChampFormule	1000021647	Tableur
TableurCharge	1000021340	Tableur
TableurCherche	1000021610	Tableur
TableurDébutModification	1000023460	Tableur
TableurFerme	1000021482	Tableur
TableurFige	1000022519	Tableur
TableurFinModification	1000023461	Tableur
TableurInsèreColonne	1000021518	Tableur
TableurInsèreFeuille	1000021648	Tableur
TableurInsèreLigne	1000021456	Tableur
TableurListeFeuille	1000023450	Tableur
TableurListeImage	1000023547	Tableur
TableurListeNom	1000023448	Tableur
TableurModifieNom	1000023464	Tableur
TableurPosition	1000021609	Tableur
TableurRecalculeTout	1000021457	Tableur
TableurRécupèreFormule	1000021507	Tableur
TableurRécupèreFusion	1000021740	Tableur
TableurRécupèreInfoTri	1000023462	Tableur
TableurRécupèreSélection	1000021499	Tableur
TableurRemplace	1000023436	Tableur
TableurRestaurePositionEtSélection	1000023334	Tableur
TableurSaisieFonction	1000023412	Tableur
TableurSauve	1000021341	Tableur
TableurSauvePositionEtSélection	1000023333	Tableur
TableurSelectFeuille	1000021649	Tableur
TableurSelectMoins	1000021494	Tableur
TableurSelectPlus	1000021493	Tableur
TableurStyleSélection	1000021338	Tableur
TableurSupprimeColonne	1000022406	Tableur
TableurSupprimeFeuille	1000021643	Tableur
TableurSupprimeImage	1000023546	Tableur
TableurSupprimeLigne	1000022405	Tableur
TableurSupprimeNom	1000023447	Tableur
TableurSupprimeTout	1000021495	Tableur
TableurTrieSélection	1000023463	Tableur
TableurTypeEtMasqueSélection	1000021349	Tableur
TableVersExcel	3074033	Table
TableVersPressePapier	1000017062	Table
TableVersTexte	1000017061	Table
TableVersWord	3074036	Table
TableVersXML	3074037	Table
TâcheAjoute	1000012001	Tâches
TâcheDernier	1000012002	Tâches
TâcheEnArrièrePlanAjoute	1000023454	gestion des tâches en arrière-plan
TâcheEnArrièrePlanListe	1000023456	gestion des tâches en arrière-plan
TâcheEnArrièrePlanSupprime	1000023455	gestion des tâches en arrière-plan
TâcheLit	1000012011	Tâches
TâcheModifie	1000012003	Tâches
TâcheParallèleAnnule	1000021278	gestion des tâches parallèles
TâcheParallèleAttend	1000021212	gestion des tâches parallèles
TâcheParallèleAttendToutes	1000021297	gestion des tâches parallèles
TâcheParallèleDemandeAnnulation	1000021213	gestion des tâches parallèles
TâcheParallèleExécute	1000021211	gestion des tâches parallèles
TâcheParallèleExécuteAprès	1000021214	gestion des tâches parallèles
TâcheParallèleExécuteAprèsToutes	1000021217	gestion des tâches parallèles
TâcheParallèleExécuteAprèsUne	1000021216	gestion des tâches parallèles
TâcheParallèleParamètre	1000021284	gestion des tâches parallèles
TâchePrécédent	1000012004	Tâches
TâchePremier	1000012005	Tâches
TâcheRAZ	1000012006	Tâches
TâcheSuivant	1000012007	Tâches
TâcheSupprime	1000012008	Tâches
Taille	3024031	gestion des chaînes
TailleCommune	3024045	gestion des chaînes
TailleEcran	1000022211	gestion du téléphone
TailleVersChaîne	1000017038	gestion des chaînes
Tang	3050014	Mathématiques
TCDAxeXY	1000021113	Tableau croisé dynamique
TCDCalculeMiseAJour	1000020534	Tableau croisé dynamique
TCDCalculeTout	1000020539	Tableau croisé dynamique
TCDCharge	1000020507	Tableau croisé dynamique
TCDDéroule	1000020699	Tableau croisé dynamique
TCDDérouleTout	1000020623	Tableau croisé dynamique
TCDEnroule	1000020698	Tableau croisé dynamique
TCDEnrouleTout	1000020622	Tableau croisé dynamique
TCDFiltre	1000020531	Tableau croisé dynamique
TCDInfoXY	1000020735	Tableau croisé dynamique
TCDListePositionEntête	1000020975	Tableau croisé dynamique
TCDSauve	1000020471	Tableau croisé dynamique
TCDSelect	1000021024	Tableau croisé dynamique
TCDSelectOccurrence	1000022175	Tableau croisé dynamique
TCDValeurEntête	1000021135	Tableau croisé dynamique
TCDVersExcel	1000020703	Tableau croisé dynamique
TDBAffiche	1000020970	Tableau de bord
TDBAjouteWidget	1000020953	Tableau de bord
TDBChangeTailleWidget	1000021286	Tableau de bord
TDBChargeConfiguration	1000020961	Tableau de bord
TDBConfigurationInitiale	1000021043	Tableau de bord
TDBDéplaceWidget	1000021289	Tableau de bord
TDBInfoXY	1000020974	Tableau de bord
TDBMode	1000020956	Tableau de bord
TDBOccurrence	1000021042	Tableau de bord
TDBRécupèreWidgetPosition	1000022498	Tableau de bord
TDBSauveConfiguration	1000020960	Tableau de bord
TDBSupprime	1000020955	Tableau de bord
TDBSupprimeTout	1000020954	Tableau de bord
telAppelDébut	3076006	Téléphone
telAppelEnAttente	3076033	Téléphone
telAppelEstOccupé	3076017	Téléphone
telAppelEstTerminé	3076003	Téléphone
telAppelFin	3076002	Téléphone
telAppelPasDeRéponse	3076008	Téléphone
telArrête	3076007	Téléphone
telCapacité	3076014	Téléphone
telChangeParamètrePériphérique	1000017292	Téléphone
telCompose	3076013	Téléphone
telComposeLigne	3076012	Téléphone
telDémarreDétectionAppel	3076029	Téléphone
telDialerAffiche	1000019236	gestion du téléphone
telDialerCompose	1000019235	gestion du téléphone
telDuréeAppel	3076004	Téléphone
TélémétrieActive	1000021900	Télémétrie
TélémétrieAjouteMesure	1000022168	Télémétrie
TélémétrieAjoutePassage	1000022174	Télémétrie
TélémétrieDésactive	1000021912	Télémétrie
TélémétrieEstActive	1000021911	Télémétrie
TélémétrieIdentifieUtilisateur	1000022160	Télémétrie
TélémétrieParamètre	1000021913	Télémétrie
telEnregistre	3076019	Téléphone
telErreur	3076020	Téléphone
telExécuteTransfert	3076021	Téléphone
telFinDétectionAppel	3076022	Téléphone
telJoue	3076023	Téléphone
telListePériphérique	3076024	Téléphone
telMetAppelEnAttente	3076034	Téléphone
telNuméroAppelant	3076010	Téléphone
telNuméroAppelé	3076025	Téléphone
telNumérote	3076018	Téléphone
telOrigine	3076028	Téléphone
telParamètrePériphérique	1000017245	Téléphone
telPériphérique	3076032	Téléphone
telRaccroche	3076030	Téléphone
telRépondAppel	3076026	Téléphone
telReprendAppelEnAttente	3076035	Téléphone
telToucheEnfoncée	3076027	Téléphone
telTransfertDirect	3076011	Téléphone
Temporisation	3015012	Evénements Windows
TestAjouteItération	1000017015	Test
TestEcritRésultat	1000013001	Test
TestErreur	1000023506	Test
TestSurErreur	1000023507	Test
TestVérifie	1000017023	Test
TestVérifieDifférence	1000023397	Test
TestVérifieEgalité	1000023398	Test
TestVérifieFaux	1000023399	Test
TestVérifieNonNull	1000023400	Test
TestVérifieNull	1000023401	Test
TestVérifieVrai	1000023402	Test
TexteEllipse	1000021875	gestion des champs
TexteHauteur	3025011	gestion des champs
TexteLargeur	3025004	gestion des champs
TexteVersHTML	3025050	gestion des chaînes
TexteVersRTF	1000020514	gestion des chaînes
TexteVersXML	3081006	gestion des chaînes
ThreadArrête	3077019	gestion des threads
ThreadAttend	3077020	gestion des threads
ThreadAttendSignal	3077022	gestion des threads
ThreadCourant	1000019423	gestion des threads
ThreadEnvoieSignal	3077021	gestion des threads
ThreadEtat	3077016	gestion des threads
ThreadExécute	3077024	gestion des threads
ThreadFin	1000020874	gestion des threads
ThreadMode	3077028	gestion des threads
ThreadPause	3077029	gestion des threads
ThreadPersistant	1000020584	gestion des threads
ThreadPriorité	3077027	gestion des threads
ThreadReprend	3077023	gestion des threads
ThreadSuspend	3077014	gestion des threads
TimelineAffiche	1000020683	TimeLine
TimelineAjouteEvénement	1000020400	TimeLine
TimelineAjoutePiste	1000020405	TimeLine
TimelineChangeMode	1000020397	TimeLine
TimelineListeEvénement	1000020401	TimeLine
TimelineSupprimeEvénement	1000020403	TimeLine
TimelineSupprimePiste	1000020760	TimeLine
TimelineSupprimeTout	1000020404	TimeLine
Timer	3015008	Evénements Windows
TimerSys	3015006	Evénements Windows
TitreEnCours	3038023	gestion des fenêtres
TitreSuivant	3038043	gestion des fenêtres
ToastAffiche	1000019358	gestion des toasts
ToastAfficheFI	1000024643	gestion des toasts
ToastAffichePopup	1000020625	gestion des toasts
ToastSupprimeTout	1000020336	gestion des toasts
ToucheEnfoncée	3014007	diverses Windows
Trace	3013050	diverses WINDEV
TraceConstruit	1000021683	diverses WINDEV
TraceDébut	3013052	diverses WINDEV
TraceFin	3013044	diverses WINDEV
TraceSupprimeTout	1000023914	diverses WINDEV
Transfert	3014015	diverses Windows
TreeMapAjoute	1000018814	TreeMap
TreeMapCherche	1000019739	TreeMap
TreeMapInfoXY	1000018899	TreeMap
TreeMapOccurrence	1000018928	TreeMap
TreeMapRecherche	1000018901	TreeMap
TreeMapSelectGroupe	1000018902	TreeMap
TreeMapSupprime	1000018903	TreeMap
TreeMapSupprimeTout	1000018914	TreeMap
Trie	1000017364	Tableau
Tronque	1000020476	gestion des chaînes
TSL	3029057	dessin
TuileAfficheBadge	1000020721	Tuile
TuileAjoute	1000020719	Tuile
TuileSupprimeTout	1000020720	Tuile
TwainEtat	3078002	Périphériques Twain
TwainHauteurSource	3078003	Périphériques Twain
TwainLargeurSource	3078004	Périphériques Twain
TwainListeSource	3078005	Périphériques Twain
TwainPropriété	1000021192	Périphériques Twain
TwainSelectSource	3078013	Périphériques Twain
TwainSourceEnCours	3078015	Périphériques Twain
TwainVersBMP	3078010	Périphériques Twain
TwainVersChamp	3078008	Périphériques Twain
TwainVersGIF	3078012	Périphériques Twain
TwainVersJPEG	3078009	Périphériques Twain
TwainVersPDF	1000020877	Périphériques Twain
TwainVersPressePapier	3078011	Presse-papiers
TwainVersTIFF	1000020875	Périphériques Twain
TwainZoneScan	3078014	Périphériques Twain
TypeEcran	1000022210	gestion du téléphone
TypeVar	3013056	diverses WINDEV
TypeVariable	3013055	diverses WINDEV
UnicodeVersAnsi	3024025	gestion des chaînes
UploadCopieFichier	3012023	upload
UploadFichierEnCours	1000018798	upload
UploadLance	1000018793	upload
UploadNomFichier	3012022	upload
UploadSupprime	1000018808	upload
UploadSupprimeTout	1000018809	upload
UploadTaille	1000018795	upload
UploadTailleEnvoyée	1000018794	upload
UploadTailleEnvoyéeFichierEnCours	1000018796	upload
UploadTailleFichier	1000019035	upload
UploadTailleFichierEnCours	1000018797	upload
UPNPCherchePériphérique	1000020912	DLNA/UPnP
UPNPExécuteAction	1000020918	DLNA/UPnP
UPNPListePériphérique	1000020901	DLNA/UPnP
UPNPMédiaArrêt	1000020944	DLNA/UPnP
UPNPMédiaJoue	1000020941	DLNA/UPnP
UPNPMédiaOuvre	1000020942	DLNA/UPnP
UPNPMédiaPause	1000020943	DLNA/UPnP
UPNPModifieContraste	1000020938	DLNA/UPnP
UPNPModifieLuminosité	1000020939	DLNA/UPnP
UPNPModifieMuet	1000020931	DLNA/UPnP
UPNPModifieNetteté	1000020936	DLNA/UPnP
UPNPModifieVolume	1000020937	DLNA/UPnP
UPNPRécupèreContraste	1000020933	DLNA/UPnP
UPNPRécupèreLuminosité	1000020932	DLNA/UPnP
UPNPRécupèreMuet	1000020929	DLNA/UPnP
UPNPRécupèreNetteté	1000020935	DLNA/UPnP
UPNPRécupèreVolume	1000020934	DLNA/UPnP
URIRécupèreInfo	1000024037	URI
URISélecteur	1000024026	URI
URIVersBuffer	1000024036	URI
URIVersFichier	1000024035	URI
URLDécode	3024041	gestion des chaînes
URLEncode	3024040	gestion des chaînes
URLExtraitChemin	1000020965	gestion des chaînes
USBDéconnecte	3090001	USB
USBDétecteStockageAmovible	3090007	USB
USBListePériphérique	3090002	USB
USBPropriété	3090003	USB
USBRecherche	3090004	USB
UTF8VersAnsi	1000020525	gestion des chaînes
UTF8VersChaîne	3024043	gestion des chaînes
UTF8VersUnicode	1000020481	gestion des chaînes
Utilise	3038044	gestion des fenêtres
UUDécode	1000018864	cryptage/compression
UUEncode	1000018862	cryptage/compression
Val	3024037	gestion des chaînes
ValideMotDePasse	1000017009	Verrou
< Variable Connexion>.ModifiePropriétéFichier	1000022718	
VariableRAZ	3013069	diverses WINDEV
VariantConvertit	3013054	diverses WINDEV
VariantVersJSON	1000021051	gestion des chaînes
VérifieExpressionRégulière	3024032	gestion des chaînes
VérifieIdentitéUtilisateur	1000021348	gestion du téléphone
VerrouAppliBloque	1000017011	Verrou
VerrouAppliDébloque	1000017012	Verrou
VerrouAppliDélai	1000017006	Verrou
VerrouAppliMotDePasse	1000017010	Verrou
VersionDémo	1000019645	diverses WINDEV
VersionWINDEV	3013010	diverses WINDEV
VersionWindows	3014002	diverses Windows
VersPressePapier	3063005	Presse-papiers
VersPressePapierRTF	1000017199	Presse-papiers
VibrationArrête	1000019449	gestion du téléphone
VibrationDéclenche	1000019448	gestion du téléphone
VidéoAffiche	3079004	vidéo
VidéoArrête	3079001	vidéo
VidéoArrêteDécodage	1000022164	vidéo
VidéoCapture	3079007	vidéo
VidéoChangeDriver	3079010	vidéo
VidéoConfigure	3079009	vidéo
VidéoDemandePermission	1000022355	vidéo
VidéoDémarreDécodage	1000022163	vidéo
VidéoEtat	3079006	vidéo
VidéoGénèreMiniature	1000020268	vidéo
VidéoLanceAppli	1000019368	vidéo
VidéoListeDriver	3079008	vidéo
VidéoListeParamètre	1000019695	vidéo
VidéoParamètre	1000019694	vidéo
VoletDuChamp	1000021625	Onglet
VolumeBoutonPhysique	1000020168	gestion du téléphone
VolumeModifie	1000020169	gestion du téléphone
VolumeRécupère	1000019807	gestion du téléphone
WebserviceAdresseIPClient	1000019641	Webservices
WebserviceEcritCodeHTTP	1000022785	Webservices
WebserviceEcritEntêteHTTP	1000022788	Webservices
WebserviceEcritTypeMIME	1000022681	Webservices
WebserviceLitEntêteHTTP	1000022787	Webservices
WebserviceLitTypeMIME	1000022680	gestion des Webservices
WebserviceParamètre	1000022786	Webservices
WHelp	3013053	diverses WINDEV
WidgetAffiche	1000020647	Widget
WidgetLanceAppli	1000020648	Widget
WiFiActive	1000019350	WiFi
WiFiAjouteRéseau	1000019351	WiFi
WiFiConnecte	1000019352	WiFi
WiFiDétectePointAccès	1000019353	WiFi
WiFiEtat	1000019354	WiFi
WiFiInfoConnexion	1000019355	WiFi
WiFiListeCarteRéseau	1000020693	WiFi
WiFiListeRéseau	1000019356	WiFi
WiFiSelectCarteRéseau	1000020694	WiFi
WiFiSupprimeRéseau	1000019357	WiFi
XamlDésactive	1000015004	XAML
XamlEvénement	1000015001	XAML
XamlPropriété	1000015002	XAML
xlsAjouteFeuille	1000017285	gestion des fichiers XLS
xlsCoordonnéesVersNom	1000021500	Tableur
xlsDonnée	3080021	gestion des fichiers XLS
xlsFerme	3080015	gestion des fichiers XLS
xlsFeuilleEnCours	3080022	gestion des fichiers XLS
xlsMsgErreur	3080016	gestion des fichiers XLS
xlsNbColonne	3080014	gestion des fichiers XLS
xlsNbColonnes	3080007	gestion des fichiers XLS
xlsNbFeuille	3080023	gestion des fichiers XLS
xlsNbLigne	3080011	gestion des fichiers XLS
xlsNbLignes	3080013	gestion des fichiers XLS
xlsNomVersCoordonnées	1000021501	Tableur
xlsOuvre	3080017	gestion des fichiers XLS
xlsSauve	1000018057	gestion des fichiers XLS
xlsSupprimeFeuille	1000017288	gestion des fichiers XLS
xlsTitreColonne	3080012	gestion des fichiers XLS
xlsTypeColonne	3080019	gestion des fichiers XLS
xlsVersion	3080018	gestion des fichiers XLS
XMLAjouteAttribut	3081011	gestion des fichiers XML
XMLAjouteFils	3081002	gestion des fichiers XML
XMLAnnuleRecherche	3081001	gestion des fichiers XML
XMLChercheNamespaceParNom	1000019167	gestion des fichiers XML
XMLChercheNamespaceParURI	1000019168	gestion des fichiers XML
XMLConstruitChaîne	3081016	gestion des fichiers XML
XMLDernier	3081013	gestion des fichiers XML
XMLDocument	3081008	gestion des fichiers XML
XMLDocumentValide	1000019272	gestion des fichiers XML
XMLDonnée	3081004	gestion des fichiers XML
XMLEcrit	1000017031	gestion des fichiers XML
XMLEnDehors	3081009	gestion des fichiers XML
XMLExécuteXPath	3081015	gestion des fichiers XML
XMLExtraitChaîne	3081017	gestion des fichiers XML
XMLExtraitDocument	3081010	gestion des fichiers XML
XMLFils	3081012	gestion des fichiers XML
XMLFilsExiste	3081038	gestion des fichiers XML
XMLInsèreDocument	3081014	gestion des fichiers XML
XMLInsèreElément	3081007	gestion des fichiers XML
XMLLit	1000017030	gestion des fichiers XML
XMLModifie	3081037	gestion des fichiers XML
XMLNamespace	3081039	gestion des fichiers XML
XMLNamespaceURI	3081040	gestion des fichiers XML
XMLNoeudValide	1000019280	gestion des fichiers XML
XMLNomElément	3081026	gestion des fichiers XML
XMLNomParent	3081035	gestion des fichiers XML
XMLOuvre	1000018792	gestion des fichiers XML
XMLOuvreLecteur	1000023396	gestion des fichiers XML
XMLParent	3081022	gestion des fichiers XML
XMLPosition	3081028	gestion des fichiers XML
XMLPrécédent	3081023	gestion des fichiers XML
XMLPremier	3081024	gestion des fichiers XML
XMLRacine	3081019	gestion des fichiers XML
XMLRecherche	3081025	gestion des fichiers XML
XMLRenomme	3081021	gestion des fichiers XML
XMLRésultat	3081027	gestion des fichiers XML
XMLRetourPosition	3081032	gestion des fichiers XML
XMLSauve	1000019026	gestion des fichiers XML
XMLSauvePosition	3081033	gestion des fichiers XML
XMLSigne	1000020753	gestion des fichiers XML
XMLSuivant	3081030	gestion des fichiers XML
XMLSupprime	3081036	gestion des fichiers XML
XMLTermine	3081034	gestion des fichiers XML
XMLTrouve	3081020	gestion des fichiers XML
XMLTypeElement	3081031	gestion des fichiers XML
XMLVersTexte	3081029	gestion des chaînes
zipAjouteFichier	3082008	gestion des archives
zipAjouteListeFichier	3082038	gestion des archives
zipAjouteRépertoire	3082014	gestion des archives
zipChangeChemin	3082027	gestion des archives
zipChercheFichier	3082002	gestion des archives
zipCrée	3082003	gestion des archives
zipCréeExe	3082013	gestion des archives
zipDécoupe	3082020	gestion des archives
zipEstMulti	3082021	gestion des archives
zipExiste	1000017233	gestion des archives
zipExtraitChemin	3082023	gestion des archives
zipExtraitFichier	3082019	gestion des archives
zipExtraitListeFichier	1000017234	gestion des archives
zipExtraitTout	3082011	gestion des archives
zipFerme	3082005	gestion des archives
zipFichierEnCours	3082026	gestion des archives
zipInfoFichier	3082040	gestion des archives
zipListeFichier	3082031	gestion des archives
zipMotDePasse	3082053	gestion des archives
zipMsgErreur	3082034	gestion des archives
zipNbFichier	3082035	gestion des archives
zipNbPartie	3082029	gestion des archives
zipNbPartieNécessaire	3082052	gestion des archives
zipNiveauCompression	3082054	gestion des archives
zipOuvre	3082044	gestion des archives
zipOuvreCAB	1000017250	gestion des archives
zipOuvreRAR	1000017294	gestion des archives
zipRegroupe	3082046	gestion des archives
zipSupprimeFichier	3082041	gestion des archives
zipSupprimeListeFichier	3082049	gestion des archives
zipSupprimeTout	3082051	gestion des archives
zipTaille	3082012	gestion des archives
zipTailleFichier	3082017	gestion des archives
zmlAjouteLigne	1000020199	Zone multiligne
zmlInsèreLigne	1000020207	Zone multiligne
zmlSupprime	1000020208	Zone multiligne
zmlSupprimeTout	1000020209	Zone multiligne
ZoneRépétéeAffiche	3083001	Zones répétées
ZoneRépétéeAjoute	3083006	Zones répétées
ZoneRépétéeAjouteFI	1000023439	Zones répétées
ZoneRépétéeAjouteLigne	3083004	Zones répétées
ZoneRépétéeAjoutEnCours	1000021638	Zones répétées
ZoneRépétéeAnnuleBalayage	1000021988	Zones répétées
ZoneRépétéeCherche	3083005	Zones répétées
ZoneRépétéeCherchePartout	1000021997	Zones répétées
ZoneRépétéeDébutRemplissage	1000022370	Zones répétées
ZoneRépétéeDéplaceLigne	1000017248	Zones répétées
ZoneRépétéeDéroule	1000019771	Zones répétées
ZoneRépétéeDérouleTout	1000019774	Zones répétées
ZoneRépétéeEnregistre	3083028	Zones répétées
ZoneRépétéeEnroule	1000019770	Zones répétées
ZoneRépétéeEnrouleDéroule	1000019970	Zones répétées
ZoneRépétéeEnrouleTout	1000019772	Zones répétées
ZoneRépétéeFinRemplissage	1000022371	Zones répétées
ZoneRépétéeIndiceRupture	3083029	Zones répétées
ZoneRépétéeInfoXY	3083022	Zones répétées
ZoneRépétéeInsère	3083003	Zones répétées
ZoneRépétéeInsèreFI	1000023440	Zones répétées
ZoneRépétéeInsèreLigne	3083002	Zones répétées
ZoneRépétéeModifie	3083013	Zones répétées
ZoneRépétéeModifieFI	1000023441	Zones répétées
ZoneRépétéeModifieLigne	3083015	Zones répétées
ZoneRépétéeNumEnr	3083010	Zones répétées
ZoneRépétéeOccurrence	3083014	Zones répétées
ZoneRépétéePosition	3083023	Zones répétées
ZoneRépétéeRafraîchissementVisible	1000021195	Zones répétées
ZoneRépétéeRestaurePositionEtSélection	1000021789	Zones répétées
ZoneRépétéeSauvePositionEtSélection	1000021788	Zones répétées
ZoneRépétéeSelect	3083024	Zones répétées
ZoneRépétéeSelectMoins	3083026	Zones répétées
ZoneRépétéeSelectOccurrence	3083027	Zones répétées
ZoneRépétéeSelectPlus	3083025	Zones répétées
ZoneRépétéeSupprime	3083008	Zones répétées
ZoneRépétéeSupprimeSelect	1000023336	Zones répétées
ZoneRépétéeSupprimeTout	3083012	Zones répétées
ZoneRépétéeTri	3083011	Zones répétées
ZoneRépétéeTrie	3083009	Zones répétées
ZoneRépétéeVersExcel	3083030	Zones répétées
ZoneRépétéeVersWord	3083031	Zones répétées
ZoneRépétéeVersXML	3083032	Zones répétées
