nom	id	theme	description
<AuthToken>.Déconnecte	1410090671	gestion des protocoles OAuth et OpenID (syntaxe préfixée)	Déconnecte un utilisateur précédemment authentifié via le protocole OAuth 2.0 sur un service Web quelconque.
<AuthToken>.RenouvelleToken	1000026285	gestion des protocoles OAuth et OpenID (syntaxe préfixée)	Renouvelle un token OAuth2 d'un utilisateur si ce token est expiré.
<AuthToken>.Révoque	1410090672	gestion des protocoles OAuth et OpenID (syntaxe préfixée)	Révoque un token JWT.
<Bouton segmenté>.Ajoute	1410090903	Bouton segmenté (syntaxe préfixée)	Ajoute une nouvelle option (c'est-à-dire un nouveau bouton) dans un champ Bouton segmenté.
<Bouton segmenté>.Insère	1410090904	Bouton segmenté (syntaxe préfixée)	Insère une nouvelle option dans un champ Bouton segmenté.
<Bouton segmenté>.Supprime	1410090905	Bouton segmenté (syntaxe préfixée)	Supprime une option dans un champ Bouton segmenté.
<Bouton segmenté>.SupprimeTout	1410090906	Bouton segmenté (syntaxe préfixée)	Supprime toutes les options d'un champ Bouton segmenté.
<btlePéripherique>.Initialise	1410087649	BTLE (syntaxe préfixée)	Initialise un périphérique Bluetooth Low Energy sous Windows.
<Buffer>.AnsiVersUnicode	1000026033	gestion des chaînes de caractères (syntaxe préfixée)	Convertit un buffer contenant une chaîne de caractères au format ANSI (Windows) en un buffer contenant une chaîne de caractères au format UNICODE.
<Buffer>.UTF8Valide	1410090487	gestion des chaînes de caractères (syntaxe préfixée)	Teste la validité d'un buffer au format UTF8.
<Caméra>.Photo	1410087895		
<Caméra>.VidéoArrête	1410088061		
<Caméra>.VidéoDémarre	1410088106		
<Carte>.AffichePopup	1000025799	gestion du champ Carte (syntaxe préfixée)	Ouvre la popup d'un marqueur affiché dans un champ Carte.
<Carte>.AfficheZone	1000025800	gestion du champ Carte (syntaxe préfixée)	Déplace la carte affichée dans le champ Carte pour que la zone géographique spécifiée soit entièrement visible dans le champ.
<Carte>.AjouteCalque	1410091552	gestion du champ Carte (syntaxe préfixée)	Ajoute un nouveau calque à une carte à partir de l'URL d'un serveur de tuiles (non compatible Google Maps).
<Carte>.AjouteForme	1000025801	gestion du champ Carte (syntaxe préfixée)	Ajoute une nouvelle forme (polygone, ligne, cercle) sur la carte affichée dans un champ Carte.
<Carte>.AjouteImage	1000025802	gestion du champ Carte (syntaxe préfixée)	Ajoute une nouvelle image sur la carte affichée dans un champ Carte.
<Carte>.ChangeStyle	1000025797	gestion du champ Carte (syntaxe préfixée)	Modifie le style de la carte affichée dans le champ Carte.Attention : La gestion des styles de carte a été modifiée par Google. Cette fonction n'est p
<Carte>.FermePopup	1000025803	gestion du champ Carte (syntaxe préfixée)	Ferme la popup d'un marqueur affichée dans le champ Carte.
<Carte>.IdentifiantGgl	1410091156	gestion du champ Carte (syntaxe préfixée)	Renvoie ou modifie le style de la carte affichée dans le champ Carte. Ce style correspond à un ID de carte défini dans la console Google Cloud.
<Carte>.LimiteZone	1000025804	gestion du champ Carte (syntaxe préfixée)	Limite la zone géographique affichée dans le champ Carte.
<Carte>.ModifieForme	1000025805	gestion du champ Carte (syntaxe préfixée)	Modifie une forme dessinée sur la carte affichée dans un champ Carte.
<Carte>.ModifieImage	1000025818	gestion du champ Carte (syntaxe préfixée)	Modifie une image dessinée sur la carte affichée dans un champ Carte.
<Carte>.PopupAffichée	1000025819	gestion du champ Carte (syntaxe préfixée)	Permet de savoir si la popup d'un marqueur du champ Carte est affichée.
<Carte>.RécupèreStyle	1000025798	gestion du champ Carte (syntaxe préfixée)	Renvoie le style utilisé par la carte affichée dans le champ Carte.Attention : La gestion des styles de carte a été modifiée par Google. Cette fonctio
<Carte>.SupprimeCalque	1410091626	gestion du champ Carte (syntaxe préfixée)	Supprime un calque d'une carte affichée dans un champ Carte.
<Carte>.SupprimeForme	1000025820	gestion du champ Carte (syntaxe préfixée)	Supprime une forme dessinée sur la carte affichée dans un champ Carte.
<Carte>.SupprimeImage	1000025829	gestion du champ Carte (syntaxe préfixée)	Supprime une image dessinée sur la carte affichée dans un champ Carte.
<Chaîne ANSI>.AnsiVersOem	1000024891	gestion des chaînes de caractères (syntaxe préfixée)	Convertit une chaîne de caractères au format ANSI (Windows) en une chaîne de caractères au format OEM (DOS).
<Chaîne ANSI>.AnsiVersUnicode	1000024892	gestion des chaînes de caractères (syntaxe préfixée)	Convertit une chaîne de caractères au format ANSI (Windows) en une chaîne de caractères au format Unicode.
<Chaîne ANSI>.BufferVersHexa	1000024894	gestion des chaînes de caractères (syntaxe préfixée)	Convertit une chaîne Ansi ou Unicode en une chaîne hexadécimale affichable (par exemple : "4A 5B 00").
<Chaîne ANSI>.CaractOccurrenceType	1000024895	gestion des chaînes de caractères (syntaxe préfixée)	Renvoie le nombre de caractères vérifiant les informations de type données.
<Chaîne ANSI>.CommencePar	1000024901	gestion des chaînes de caractères (syntaxe préfixée)	Vérifie si une chaîne de caractères commence : soit par une chaîne de caractères spécifique. soit par une des chaînes de caractères présentes dans un 
<Chaîne ANSI>.Complète	1410089823	gestion des chaînes de caractères (syntaxe préfixée)	Renvoie une chaîne de caractères spécifique de taille déterminée.
<Chaîne ANSI>.Contient	1410089824	gestion des chaînes de caractères (syntaxe préfixée)	Permet de savoir si une sous-chaîne est contenue dans une chaîne.
<Chaîne ANSI>.Découpe	1000024902	gestion des chaînes de caractères (syntaxe préfixée)	Extrait toutes les sous-chaînes d'une chaîne de caractères en fonction d'un ou plusieurs séparateurs de chaînes.
<Chaîne ANSI>.Droite	1410089825	gestion des chaînes de caractères (syntaxe préfixée)	Extrait la partie droite (c'est-à-dire les derniers caractères) d'une chaîne de caractères ou d'un buffer.
<Chaîne ANSI>.ExtraitChaîne	1000024876	gestion des chaînes de caractères (syntaxe préfixée)	Permet de :extraire une sous-chaîne d'une chaîne de caractères en fonction d'un séparateur de chaîne donné.effectuer un parcours de sous-chaînes dans 
<Chaîne ANSI>.FinitPar	1000024903	gestion des chaînes de caractères (syntaxe préfixée)	Vérifie si une chaîne de caractères se termine : soit par une chaîne de caractères spécifique.soit par une des chaînes de caractères présentes dans un
<Chaîne ANSI>.Formate	1000024877	gestion des chaînes de caractères (syntaxe préfixée)	Formate une chaîne de caractères selon les options choisies.
<Chaîne ANSI>.Incrémente	1000024905	gestion des chaînes de caractères (syntaxe préfixée)	Incrémente un nombre situé en fin ou début d'une chaîne de caractères.
<Chaîne ANSI>.Insère	1000024906	gestion des chaînes de caractères (syntaxe préfixée)	Insère une chaîne dans une autre chaîne de caractères à une position donnée.
<Chaîne ANSI>.Inverse	1000024908	gestion des chaînes de caractères (syntaxe préfixée)	Inverse les caractères d'une chaîne.
<Chaîne ANSI>.RegexCherche	1410090616	gestion des chaînes de caractères (syntaxe préfixée)	Cherche toutes les parties d'une chaîne de caractères qui respectent un format donné.
<Chaîne ANSI>.RegexRemplace	1410090617	gestion des chaînes de caractères (syntaxe préfixée)	Remplace toutes les parties d'une chaîne qui respectent un format donné.
<Chaîne ANSI>.RegexVérifie	1410090618	gestion des chaînes de caractères (syntaxe préfixée)	Vérifie si une chaîne respecte un format défini par une expression régulière.
<Chaîne ANSI>.Remplace	1000024890	gestion des chaînes de caractères (syntaxe préfixée)	Remplace toutes les occurrences d'un mot présent dans une chaîne par un autre mot.
<Chaîne ANSI>.SupprimeDoublon	1410087983	gestion des chaînes de caractères (syntaxe préfixée)	Supprime les doublons parmi les sous-chaînes d'une chaîne de caractères en fonction d'un ou plusieurs séparateurs.
<Chaîne ANSI>.VersNumérique	1410087984	gestion des chaînes de caractères (syntaxe préfixée)	Renvoie la valeur numérique d'une chaîne de caractères. Il est ainsi possible d'effectuer des calculs numériques sur des chaînes de caractères.
<Chaîne OEM>.OemVersAnsi	1410090334	gestion des chaînes de caractères (syntaxe préfixée)	Convertit une chaîne de caractères au format OEM (DOS) en une chaîne de caractères au format ANSI (Windows).
<Chaîne Unicode>.RegexCherche	1410090619	gestion des chaînes de caractères (syntaxe préfixée)	Cherche toutes les parties d'une chaîne de caractères qui respectent un format donné.
<Chaîne Unicode>.RegexRemplace	1410090620	gestion des chaînes de caractères (syntaxe préfixée)	Remplace toutes les parties d'une chaîne qui respectent un format donné.
<Chaîne Unicode>.RegexVérifie	1410090621	gestion des chaînes de caractères (syntaxe préfixée)	Vérifie si une chaîne respecte un format défini par une expression régulière.
<Champ>.Rectangle	1410090622		
<Champ d'affichage HTML>.DepuisEmail	1410087278	gestion des champs d'affichage HTML (syntaxe préfixée)	Importe le contenu HTML d'un email et ses images dans un champ d'affichage HTML. Les images contenues dans l'email sont également affichées dans le ch
<Champ d'affichage HTML>.ExécuteJS	1000024372		
<Champ d'affichage HTML>.ExécuteProcédureNavigateur	1000026265	gestion des champs d'affichage HTML (syntaxe préfixée)	Exécute une procédure WLangage navigateur WEBDEV dans un champ d'affichage HTML avec une page créée par WEBDEV.
<Champ d'affichage HTML>.ExécuteTraitementChamp	1000026266	gestion des champs d'affichage HTML (syntaxe préfixée)	Lance l'exécution d'un événement WLangage associé à un champ présent dans une page HTML affichée par une champ d'affichage HTML.
<Champ d'affichage HTML>.ValeurChamp	1000026268	gestion des champs d'affichage HTML (syntaxe préfixée)	Permet de connaître ou modifier un champ d'un formulaire HTML présent dans un champ d'affichage HTML.
<Champ d'affichage HTML>.ValideFormulaire	1000026311	gestion des champs d'affichage HTML (syntaxe préfixée)	Valide le formulaire d'une page HTML affichée dans un champ d'affichage HTML.
<Champ d'afichage HTML>.SurErreurJS	1000026267	gestion des champs d'affichage HTML (syntaxe préfixée)	Indique la procédure à appeler en cas d'erreur dans l'exécution du Javascript dans un champ d'affichage HTML.
<Chat IA>.AjoutLigne	1410086779	Chat IA (syntaxe préfixée)	Ajoute d'une ligne personnalisée dans la conversation d'un champ Chat IA.Attention : Cette fonction est disponible en iOS uniquement à partir de la ve
<Chat IA>.ChargeConversation	1410086776	Chat IA (syntaxe préfixée)	Charge une conversation dans un champ Chat IA.Attention : Cette fonction est disponible en iOS uniquement à partir de la version 2026 Update 2.Cette f
<Chat IA>.Demande	1410091554	Chat IA (syntaxe préfixée)	Lance une nouvelle demande dans le champ Chat IA.Attention : Cette fonction est disponible en iOS uniquement à partir de la version 2026 Update 2.Cett
<Chat IA>.RegénèreDemande	1410086775	Chat IA (syntaxe préfixée)	Lance une nouvelle demande à partir de la conversation en cours dans le champ Chat IA.Attention : Cette fonction est disponible en iOS uniquement à pa
<Chat IA>.SauveConversation	1410086774	Chat IA (syntaxe préfixée)	Sauvegarde la conversation en cours dans un champ Chat IA (en mémoire ou sous forme de fichier au format json).Attention : Cette fonction est disponib
<Chat IA>.StopDemande	1410086773		
<CodeWLangageMiseEnForme>.MetEnForme	1410090329		
<Composant>.Charge	1410089475		
<Composant>.Exécute	1410089476		
<Connexion HFSQL>.ListeHistoriqueReindexation	1410091225	gestion de HFSQL Client/Serveur (syntaxe préfixée)	Liste les différentes opérations effectuées sur les fichiers de données en cours ou celles qui ont eu lieu pendant les dernières 24 heures et sur les 
<Connexion HFSQL>.RéindexeAsynchrone	1410091221	gestion de HFSQL Client/Serveur (syntaxe préfixée)	Reconstruit l'index d'un fichier de données HFSQL Client/Serveur (fichier d'extension ".NDX"). Cette réindexation est asynchrone : elle est effectuée 
<Connexion HFSQL>.StatCalculeAsynchrone	1410091224	gestion de HFSQL Client/Serveur (syntaxe préfixée)	Réalise diverses statistiques sur les clés d'un fichier de données HFSQL Client/Serveur.
<Connexion HFSQL>.VérifieIndexAsynchrone	1410091223	gestion de HFSQL Client/Serveur (syntaxe préfixée)	Vérifie que les données contenues dans le fichier d'index (fichier .NDX) référencent correctement les données contenues dans le fichier de données HFS
<Connexion HFSQL>.VérifieMémoAsynchrone	1410091222	gestion de HFSQL Client/Serveur (syntaxe préfixée)	Vérifie l'intégrité structurelle des mémos d'un fichier de données HFSQL Client/Serveur.
<Description de TâcheParallèle>.Exécute	1000021669	gestion des tâches parallèles (syntaxe préfixée)	Déclenche l'exécution d'une tâche parallèle.
<Destination>.CopieEnreg	1000024206	gestion HFSQL (syntaxe préfixée)	Copie : le contenu de l'enregistrement en cours (chargé en mémoire) dans l'enregistrement en cours d'un fichier de données.le contenu d'une variable d
<Diagramme de Gantt>.AjouteCongé	1000021118	Gantt (syntaxe préfixée)	Déclare une nouvelle période de congés pour une ligne dans une colonne d'un champ Table (ou Table hiérarchique) de type Diagramme de Gantt.
<Diagramme de Gantt>.AjouteLien	1000021120	Gantt (syntaxe préfixée)	Crée un lien de type "Fin à Début" entre deux tâches affichées dans une colonne d'un champ Table (ou Table hiérarchique) de type Diagramme de Gantt.
<Diagramme de Gantt>.AjouteTâche	1000021121	Gantt (syntaxe préfixée)	Ajoute une tâche dans une colonne d'un champ Table (ou Table hiérarchique) de type Diagramme de Gantt.
<Diagramme de Gantt>.ChangeMode	1000021122	Gantt (syntaxe préfixée)	Modifie la période (c'est-à-dire le nombre de jours) affichée dans une colonne d'un champ Table (ou Table hiérarchique) de type Diagramme de Gantt.
<Diagramme de Gantt>.HeureAffichée	1000021123	Gantt (syntaxe préfixée)	Définit la plage horaire affichée dans une colonne d'un champ Table (ou Table hiérarchique) de type Diagramme de Gantt.
<Diagramme de Gantt>.HeureOuvrable	1000021124	Gantt (syntaxe préfixée)	Surcharge les heures ouvrables d'une ligne dans une colonne d'un champ Table (ou Table hiérarchique) de type Diagramme de Gantt.
<Diagramme de Gantt>.JourSemaineOuvré	1000021125	Gantt (syntaxe préfixée)	Indique si un jour de la semaine est ouvré dans une colonne d'un champ Table (ou Table hiérarchique) de type Diagramme de Gantt.
<Diagramme de Gantt>.ListeLien	1000021128	Gantt (syntaxe préfixée)	Liste les liens présents dans une colonne d'un champ Table (ou Table hiérarchique) de type Diagramme de Gantt.
<Diagramme de Gantt>.ListeTâche	1000021129	Gantt (syntaxe préfixée)	Renvoie : la liste des tâches comprises entre deux dates données dans une colonne de type Diagramme de Gantt, toutes les tâches d'une colonne de type 
<Diagramme de Gantt>.OrganiseTâche	1000021130	Gantt (syntaxe préfixée)	Réorganise les tâches d'un diagramme de Gantt selon les contraintes (dépendances et ressources).
<Diagramme de Gantt>.PositionDateHeure	1000021131	Gantt (syntaxe préfixée)	Paramètre le premier jour et la première heure affichés dans une colonne (d'un champ Table ou Table hiérarchique) de type Diagramme de Gantt.
<Diagramme de Gantt>.RécupèreTâche	1000021137	Gantt (syntaxe préfixée)	Récupère une tâche à partir de son identifiant dans une colonne (d'un champ Table ou Table hiérarchique) de type Diagramme de Gantt.
<Diagramme de Gantt>.SupprimeLien	1000021138	Gantt (syntaxe préfixée)	Supprime des liens dans une colonne d'un champ Table (ou Table hiérarchique) de type Diagramme de Gantt.
<Diagramme de Gantt>.SupprimeTâche	1000021139	Gantt (syntaxe préfixée)	Supprime une tâche dans une colonne d'un champ Table (ou Table hiérarchique) de type Diagramme de Gantt.
<Diagramme de Gantt>.SupprimeTout	1000021140	Gantt (syntaxe préfixée)	Supprime toutes les tâches dans une colonne d'un champ Table (ou Table hiérarchique) de type Diagramme de Gantt.
<Document>.RechercheElémentParNom	1410088861	gestion du champ Traitement de texte (syntaxe préfixée)	Recherche un élément par son nom dans l'ensemble d'un document de type Traitement de texte.
<Editeur de code>.Charge	1410090411	gestion du champ Editeur de code (syntaxe préfixée)	Charge un fichier de code WLangage dans un champ Editeur de code.
<Editeur de code>.Commente	1410090412	gestion du champ Editeur de code (syntaxe préfixée)	Commente la sélection en cours dans le champ Editeur de code. Les caractères "//" sont ajoutés devant la ligne en cours.
<Editeur de code>.Compile	1410090413	gestion du champ Editeur de code (syntaxe préfixée)	Compile le code WLangage affiché dans le champ Editeur de code et affiche les potentielles erreurs.
<Editeur de code>.Décommente	1410090414	gestion du champ Editeur de code (syntaxe préfixée)	Décommente la sélection en cours dans le champ Editeur de code. Les caractères "//" présents devant la ligne en cours sont supprimés.
<Editeur de code>.DupliqueLigne	1410090415	gestion du champ Editeur de code (syntaxe préfixée)	Duplique la ligne courante dans le champ Editeur de code.
<Editeur de code>.Exécute	1410090416	gestion du champ Editeur de code (syntaxe préfixée)	Exécute le code WLangage affiché dans le champ Editeur de code.
<Editeur de code>.Insère	1410090417	gestion du champ Editeur de code (syntaxe préfixée)	Insère une chaîne de caractères dans le champ Editeur de code.
<Editeur de code>.Recherche	1410090418	gestion du champ Editeur de code (syntaxe préfixée)	Recherche une chaîne de caractères ou une expression régulière dans le champ Editeur de code.
<Editeur de code>.RécupèreErreur	1410090419	gestion du champ Editeur de code (syntaxe préfixée)	Permet de récupérer l'erreur de compilation du code présent dans le champ Editeur de code.
<Editeur de code>.Remplace	1410090420	gestion du champ Editeur de code (syntaxe préfixée)	Recherche et remplace une chaîne de caractères dans le champ Editeur de code.
<Editeur de code>.Sauve	1410090421	gestion du champ Editeur de code (syntaxe préfixée)	Sauve le contenu d'un champ Editeur de code dans un fichier.
<Editeur de code>.SupprimeTout	1410090422	gestion du champ Editeur de code (syntaxe préfixée)	Supprime le contenu du champ Editeur de code.
<Éditeur de diagrammes>.DébutModification	1410088875	gestion des diagrammes (syntaxe préfixée)	Signale le début du regroupement d'un ensemble d'opérations sur champ Editeur de diagrammes en un seul événement (gestion du "undo/redo").
<Éditeur de diagrammes>.FinModification	1410088876	gestion des diagrammes (syntaxe préfixée)	Signale la fin du regroupement d'un ensemble d'opérations sur un champ Editeur de diagrammes en un seul événement (gestion du "undo/redo").
<Éditeur de diagrammes>.InfoXY	1410088737	gestion des diagrammes (syntaxe préfixée)	Indique la présence d'une forme à une position donnée dans le champ Editeur de diagrammes.
<Éditeur de diagrammes>.Sauve	1410088687	gestion des diagrammes (syntaxe préfixée)	Sauve un diagramme dans un fichier "diag".
<Éditeur de diagrammes>.SelectMoins	1410088688	gestion des diagrammes (syntaxe préfixée)	Désélectionne une forme dans un champ Editeur de diagrammes.
<Éditeur de diagrammes>.SelectPlus	1410088689	gestion des diagrammes (syntaxe préfixée)	Sélectionne une forme dans un champ Editeur de diagrammes.
<Editeur HTML>.DepuisEmail	1000026296	gestion du champ Editeur HTML (syntaxe préfixée)	Importe le contenu HTML d'un email et ses images dans un champ Editeur HTML. Les images contenues dans l'email sont également affichées dans le champ.
<Editeur HTML>.ExécuteJS	1000026297	gestion du champ Editeur HTML (syntaxe préfixée)	Exécute du code Javascript dans un champ Editeur HTML.
<Editeur HTML>.FormateSelection	1000026298	gestion du champ Editeur HTML (syntaxe préfixée)	Modifie le style de la sélection dans un champ Editeur HTML.
<Editeur HTML>.Insère	1000026299	gestion du champ Editeur HTML (syntaxe préfixée)	Insère du texte ou du code HTML à la position du curseur dans un champ Editeur HTML.
<Editeur HTML>.InsèreTableau	1000026300	gestion du champ Editeur HTML (syntaxe préfixée)	Insère un tableau à la position du curseur dans un champ Editeur HTML.
<Editeur HTML>.Recherche	1000026301	gestion du champ Editeur HTML (syntaxe préfixée)	Recherche une chaîne de caractères dans un champ Editeur HTML.
<Editeur HTML>.Récupère	1000026302	gestion du champ Editeur HTML (syntaxe préfixée)	Récupère en mode asynchrone la valeur d'une des propriétés d'un champ Editeur HTML.
<Editeur HTML>.RécupèreDocument	1000026304	gestion du champ Editeur HTML (syntaxe préfixée)	Récupère en mode asynchrone le document HTML en cours dans un champ Editeur HTML.
<Editeur HTML>.RécupèreSélection	1000026305	gestion du champ Editeur HTML (syntaxe préfixée)	Récupère en mode asynchrone la sélection effectuée dans un champ Editeur HTML.
<Editeur HTML>.Remplace	1000026306	gestion du champ Editeur HTML (syntaxe préfixée)	Remplace une chaîne de caractères par une autre dans un champ Editeur HTML.
<Editeur HTML>.Sélectionne	1000026307	gestion du champ Editeur HTML (syntaxe préfixée)	Sélectionne une portion de texte dans un champ Editeur HTML.
<Editeur HTML>.VersEmail	1000026308	gestion du champ Editeur HTML (syntaxe préfixée)	Exporte le contenu d'un champ Editeur HTML vers une variable de type Email (pour envoyer l'email).
<Editeur HTML>.VersPDF	1000026309	gestion du champ Editeur HTML (syntaxe préfixée)	Exporte le contenu d'un champ Editeur HTML vers un fichier PDF.
<Elément>.DemandeMiseAJourUI	1410088728	gestion des fenêtres (syntaxe préfixée)	Demande l'exécution de l'événement "Demande de mise à jour de l'affichage" de l'élément spécifié (et rend la main sans attendre l'exécution de l'événe
<Elément>.ExécuteMiseAJourUI	1410088729	gestion des fenêtres (syntaxe préfixée)	Exécute immédiatement l'événement "Demande de mise à jour de l'affichage" de l'élément spécifié.
<Etat>.InitEtatVerso	1410090633	impression (syntaxe préfixée)	Initialise les paramètres de l'état qui sera imprimé au verso d'un autre état.
<Etat>.InitRequête	1000025143	impression (syntaxe préfixée)	Initialise la requête liée à l'état (cas d'une requête paramétrée).
<Etat>.InitRequêteConnexion	1000025144	impression (syntaxe préfixée)	Initialise la requête liée à l'état.
<Etat>.InitSousEtat	1000025145	impression (syntaxe préfixée)	Initialise les paramètres d'un sous-état d'un état composite.
<Fenêtre>.ActiveGFI	1410088766	gestion des fenêtres (syntaxe préfixée)	Active ou désactive le GFI (Grisage des Fenêtres Inaccessibles) d'une fenêtre spécifique.
<Fenêtre>.AgencementEnCours	1410088841	gestion des fenêtres (syntaxe préfixée)	Renvoie l'indice de l'agencement en cours dans la fenêtre ou dans la fenêtre interne spécifiée.
<Fenêtre>.ChangeAgencement	1410088842	gestion des fenêtres (syntaxe préfixée)	Applique un agencement spécifique sur : une fenêtre. une fenêtre interne.
<Fenêtre>.DepuisFichier	1000021387	liaison (syntaxe préfixée)	Initialise automatiquement les champs d'une fenêtre (ou d'une page) avec :les valeurs des rubriques associées dans l'enregistrement en cours (chargé e
<Fenêtre>.EdActive	1000022294	manipulation de l'UI par l'utilisateur final (syntaxe préfixée)	Permet : de savoir si le mode "Modification de l'UI par l'utilisateur final" est activé dans une fenêtre (ou une fenêtre interne).d'activer ou non le 
<Fenêtre>.EdCharge	1000022292	manipulation de l'UI par l'utilisateur final (syntaxe préfixée)	Charge les modifications faites par l'utilisateur final dans une fenêtre.
<Fenêtre>.EdCréeNote	1000022301	manipulation de l'UI par l'utilisateur final (syntaxe préfixée)	Crée un champ Note repositionnable.
<Fenêtre>.EdDésélectionneTout	1000022317	manipulation de l'UI par l'utilisateur final (syntaxe préfixée)	Désélectionne tous les champs lors de la modification de l'interface par l'utilisateur final (mode "Modification de l'UI par l'utilisateur final" acti
<Fenêtre>.EdDo	1000022327	manipulation de l'UI par l'utilisateur final (syntaxe préfixée)	Exécute une action (définie par programmation) avec support du Undo/Redo.
<Fenêtre>.EdRedo	1000022328	manipulation de l'UI par l'utilisateur final (syntaxe préfixée)	Exécute la dernière action annulée lors de la modification de l'interface par l'utilisateur final (mode "Modification de l'UI par l'utilisateur final"
<Fenêtre>.EdRestaure	1000022329	manipulation de l'UI par l'utilisateur final (syntaxe préfixée)	Annule toutes les modifications effectuées par l'utilisateur final (mode "Modification de l'UI par l'utilisateur final" activé).
<Fenêtre>.EdSauve	1000022330	manipulation de l'UI par l'utilisateur final (syntaxe préfixée)	Sauve les modifications réalisées en mode "Modification de l'UI par l'utilisateur final".
<Fenêtre>.EdSelect	1000022331	manipulation de l'UI par l'utilisateur final (syntaxe préfixée)	Renvoie l'un des champs sélectionnés lors de la modification de l'interface par l'utilisateur final (mode "Modification de l'UI par l'utilisateur fina
<Fenêtre>.EdSelectMoins	1000022332	manipulation de l'UI par l'utilisateur final (syntaxe préfixée)	Dé-sélectionne un champ lors de la modification de l'interface par l'utilisateur final (mode "Modification de l'UI par l'utilisateur final" activé).
<Fenêtre>.EdSelectOccurrence	1000022333	manipulation de l'UI par l'utilisateur final (syntaxe préfixée)	Indique le nombre de champs sélectionnés lors de la modification de l'interface par l'utilisateur final (mode "Modification de l'UI par l'utilisateur 
<Fenêtre>.EdSelectPlus	1000022334	manipulation de l'UI par l'utilisateur final (syntaxe préfixée)	Sélectionne un champ lors de la modification de l'interface par l'utilisateur final (mode "Modification de l'UI par l'utilisateur final" activé).
<Fenêtre>.EdUndo	1000022335	manipulation de l'UI par l'utilisateur final (syntaxe préfixée)	Annule la dernière action effectuée lors de la modification de l'interface par l'utilisateur final (mode "Modification de l'UI par l'utilisateur final
<Fenêtre>.ExtHaut	1410088867	gestion des fenêtres (syntaxe préfixée)	Renvoie la hauteur totale d'une fenêtre.
<Fenêtre>.ExtLarg	1410090624	gestion des fenêtres (syntaxe préfixée)	Renvoie la largeur totale d'une fenêtre.
<Fenêtre>.ExtPosX	1410090628	gestion des fenêtres (syntaxe préfixée)	Renvoie la position horizontale du coin haut gauche d'une fenêtre par rapport au coin haut gauche de l'écran.
<Fenêtre>.ExtPosY	1410090625	gestion des fenêtres (syntaxe préfixée)	Renvoie la position verticale du coin haut gauche d'une fenêtre par rapport au coin haut gauche de l'écran.
<Fenêtre>.IntHaut	1410090629	gestion des fenêtres (syntaxe préfixée)	Renvoie la hauteur interne d'une fenêtre (sans la barre de titre ni le cadre).
<Fenêtre>.IntLarg	1410090626	gestion des fenêtres (syntaxe préfixée)	Renvoie la largeur interne d'une fenêtre (sans le cadre).
<Fenêtre>.IntPosX	1410088866	gestion des fenêtres (syntaxe préfixée)	Renvoie la position horizontale du coin haut gauche de la zone interne (sans le cadre ni la barre de titre) d'une fenêtre par rapport au coin haut gau
<Fenêtre>.IntPosY	1410090627	gestion des fenêtres (syntaxe préfixée)	Renvoie la position verticale du coin haut gauche de la zone interne (sans le cadre ni la barre de titre) d'une fenêtre par rapport au coin haut gauch
<Fenêtre>.Ouvre	1000023903	gestion des fenêtres (syntaxe préfixée)	Ouvre une fenêtre modale WINDEV ou WINDEV Mobile.
<Fenêtre>.OuvreAsynchrone	1410087862	gestion des fenêtres (syntaxe préfixée)	Ouvre une fenêtre dont le résultat sera récupéré via une procédure WLangage (appelée "callback").
<Fenêtre>.OuvreFille	1000023904	gestion des fenêtres (syntaxe préfixée)	Ouvre une fenêtre fille non modale.
<Fenêtre>.OuvrePopupAsynchrone	1410087873	gestion des fenêtres (syntaxe préfixée)	Ouvre une fenêtre de type popup dont le résultat sera récupéré par une procédure WLangage (également appelée "Callback").
<Fenêtre>.OuvrePopupPosition	1410087874	gestion des fenêtres (syntaxe préfixée)	Ouvre une fenêtre de type popup en précisant sa position d'ouverture et attend sa fermeture.
<Fenêtre>.OuvreSoeur	1410086669	gestion des fenêtres (syntaxe préfixée)	Ouvre une fenêtre soeur non modale.
<Fenêtre>.PaletteRécupère	1410091003	Palette (syntaxe préfixée)	Récupère la palette de la fenêtre.
<Fenêtre>.VersFichier	1000021385	liaison (syntaxe préfixée)	Initialise automatiquement :la valeur mémoire des rubriques d'un fichier de données avec la valeur des champs de la fenêtre. Les rubriques du fichier 
<Fenêtre>.VersSource	1000021386	liaison (syntaxe préfixée)	Initialise automatiquement : la valeur mémoire des rubriques d'un fichier de données avec la valeur des champs de la fenêtre.la valeur des variables W
<Fenetre interne>.ChangeFenêtreSource	1000020950		
<Graphe>.AngleDépart	1410088091	gestion des graphes (syntaxe préfixée)	Indique l'angle de départ de la première part dans un graphe de type :Secteur, Hémicycle ou Donut.Secteur multiniveau.Graphe circulaire de progrès.
<Graphe>.ComparatifPositionSérie	1000024961	gestion des graphes (syntaxe préfixée)	Fixe la position (gauche ou droite) d'une série dans un graphe de type Histogramme comparatif.
<Graphe>.CPAjouteDonnée	1410088092	gestion des graphes (syntaxe préfixée)	Ajoute une donnée à un graphe circulaire de progrès.
<Graphe>.CPSensDeRotation	1410088093	gestion des graphes (syntaxe préfixée)	Fixe le sens de rotation d'un graphe circulaire de progrès.
<Graphe>.CPValeurMaximale	1410088094	gestion des graphes (syntaxe préfixée)	Fixe la valeur maximale du graphe circulaire de progrès.
<Graphe>.HistoTypeBarre	1410090316	gestion des graphes (syntaxe préfixée)	Définit le type de barre à utiliser dans un graphe de type histogramme.
<Graphe>.PIImage	1410090894	gestion des graphes (syntaxe préfixée)	Définit l'image utilisée pour illustrer les données d'un graphe de type "Pourcentage imagé".
<Graphe>.PIValeurMaximale	1410090895	gestion des graphes (syntaxe préfixée)	Permet de spécifier la valeur maximale du graphe permettant de calculer automatiquement les pourcentages d'un graphe de type "Pourcentage imagé".
<Graphe>.PourcentageTrou	1410088090	gestion des graphes (syntaxe préfixée)	Modifie le pourcentage correspondant au rayon du trou d'un graphe de type : Beignet (Donut), Graphe circulaire de progrès.
<Graphe>.VignetteCatégorie	1410090892	gestion des graphes (syntaxe préfixée)	Initialise une image de catégorie dans les graphes de type Secteur, Beignet ou Hémicycle.
<Graphe>.WaffleTaille	1410090314	gestion des graphes (syntaxe préfixée)	Permet de définir le nombre de lignes et de colonnes d'un graphe de type Waffle.
<Graphe>.WaffleTypeCellule	1410090315	gestion des graphes (syntaxe préfixée)	Permet de définir la forme des cellules d'un graphe de type Waffle.
<Grille>.AjouteColonne	1410087389	manipulation des champs Grille (syntaxe préfixée)	Ajoute une nouvelle colonne dans un champ Grille.
<Grille>.AjouteLigne	1410087432	manipulation des champs Grille (syntaxe préfixée)	Ajoute une nouvelle ligne dans un champ Grille.
<Grille>.InsèreColonne	1410087437	manipulation des champs Grille (syntaxe préfixée)	Insère une nouvelle colonne dans un champ Grille.
<Grille>.InsèreLigne	1410087440	manipulation des champs Grille (syntaxe préfixée)	Insère une nouvelle ligne dans un champ Grille.
<Grille>.SupprimeColonne	1410087433	manipulation des champs Grille (syntaxe préfixée)	Supprime une colonne dans un champ Grille.
<Grille>.SupprimeLigne	1410087435	manipulation des champs Grille (syntaxe préfixée)	Supprime une ligne dans un champ Grille.
<Image>.AnimationChangeParamètre	3017006		
<Image>.AnimationChangeType	3017007		
<Image>.AnimationLitParamètre	3017008		
<Image>.CoordonnéeDepuisImage	1410088125		
<Image>.CoordonnéeVersImage	1410088124		
<Image>.DessineTexteMarkdown	1410089253	dessin et de traitement des images (syntaxe préfixée)	Dessine un texte au format Markdown dans un champ Image.
<Image>.Différence	1410091283	dessin et de traitement des images (syntaxe préfixée)	Calcule la différence entre deux images en renvoyant une image en niveaux de gris permettant de visualiser les différences ainsi qu'un pourcentage de 
<Image>.Efface	1410090483	dessin et de traitement des images (syntaxe préfixée)	Efface le contenu d'un champ Image avec la couleur spécifiée.
<Image>.Flou	1410089006	dessin et de traitement des images (syntaxe préfixée)	Floute la totalité d'une zone donnée dans un champ Image.
<Image>.ModifieContraste	1410089003	dessin et de traitement des images (syntaxe préfixée)	Modifie le contraste d'une image contenue dans un champ Image.
<Image>.Redresse	1410089495	dessin et de traitement des images (syntaxe préfixée)	Transforme une image en la déformant.
<Image>.TexteHauteur	1410091517	dessin et de traitement des images (syntaxe préfixée)	Calcule la hauteur d'un texte en pixels.
<Image>.TexteLargeur	1410086771	dessin et de traitement des images (syntaxe préfixée)	Calcule la largeur d'un texte en pixels.
<Kanban>.Affiche	1410089620	gestion des champs Kanban (syntaxe préfixée)	Rafraîchit l'affichage d'un champ Kanban ou d'une carte d'un champ Kanban.
<Kanban>.AjouteCarte	1410089560	gestion des champs Kanban (syntaxe préfixée)	Ajoute une carte dans une liste d'un champ Kanban.
<Kanban>.AjouteListe	1410089621	gestion des champs Kanban (syntaxe préfixée)	Ajoute une nouvelle liste dans un champ Kanban.
<Kanban>.DéplaceCarte	1410089622	gestion des champs Kanban (syntaxe préfixée)	Déplace une carte dans un champ Kanban.
<Kanban>.DéplaceListe	1410089623	gestion des champs Kanban (syntaxe préfixée)	Déplace une liste de Kanban dans un champ Kanban.
<Kanban>.Enregistre	1410089624	gestion des champs Kanban (syntaxe préfixée)	Modifie l'enregistrement associé à la carte en cours dans le champ Kanban fichier.
<Kanban>.Filtre	1410089625	gestion des champs Kanban (syntaxe préfixée)	Affiche uniquement les cartes correspondant au filtre spécifié.
<Kanban>.IndiceListe	1410089629	gestion des champs Kanban (syntaxe préfixée)	Renvoie l'indice d'une liste présente dans un champ Kanban.
<Kanban>.InsèreCarte	1410089561	gestion des champs Kanban (syntaxe préfixée)	Insère une carte dans une liste de Kanban.
<Kanban>.InsèreListe	1410089626	gestion des champs Kanban (syntaxe préfixée)	Insère une liste de Kanban dans un champ Kanban.
<Kanban>.Occurrence	1410089627	gestion des champs Kanban (syntaxe préfixée)	Renvoie le nombre de cartes ou de listes dans un champ Kanban.
<Kanban>.SupprimeCarte	1410089630	gestion des champs Kanban (syntaxe préfixée)	Supprime une carte d'un champ Kanban ou d'un champ Liste de Kanban.
<Kanban>.SupprimeListe	1410089628	gestion des champs Kanban (syntaxe préfixée)	Supprime une liste de Kanban d'un champ Kanban.
<Kanban>.SupprimeToutCarte	1410089631	gestion des champs Kanban (syntaxe préfixée)	Supprime toutes les cartes d'un champ Kanban ou d'un champ Liste de Kanban.
<Lecteur PDF>.AfficheSignet	1410089536	gestion du champ Lecteur PDF (syntaxe préfixée)	Positionne le document PDF affiché dans le champ Lecteur PDF sur le signet demandé.
<Lecteur PDF>.AjouteFiligrane	1410087870		
<Lecteur PDF>.InfoXY	1000025359	gestion du champ Lecteur PDF (syntaxe préfixée)	Renvoie pour une position donnée dans un champ Lecteur PDF (coordonnées d'un point du champ) : soit le numéro de la page pour la position indiquée, so
<Lecteur PDF>.NbSignature	1410088155		
<Lecteur PDF>.RécupèreDateSignature	1410088156		
<Lecteur PDF>.RécupèreSignature	1410088158		
<Lecteur PDF>.Sauve	1000024900	gestion du champ Lecteur PDF (syntaxe préfixée)	Sauve le contenu d'un champ Lecteur PDF dans un fichier.
<Lecteur PDF>.Surligne	1000023545	gestion du champ Lecteur PDF (syntaxe préfixée)	Cherche un texte dans le document affiché par un champ Lecteur PDF et surligne les occurrences de ce texte dans le champ.
<Libellé>.AnimationChangeParamètre	3017009		
<Libellé>.AnimationChangeType	3017010		
<Libellé>.AnimationLitParamètre	3017011		
<Liste image>.ProcédureChargeImage	1410090913	gestion des champs Liste, Liste image et Combo (syntaxe préfixée)	Permet d'indiquer la procédure appelée lors de l'affichage d'une ligne d'un champ Liste image. Il est ainsi possible d'afficher une image calculée plu
<Liste de Kanban>.AjouteCarte	1410089484	gestion des champs Kanban (syntaxe préfixée)	Ajoute une carte dans une liste d'un champ Kanban.
<Liste de Kanban>.IndiceListe	1410089485	gestion des champs Kanban (syntaxe préfixée)	Renvoie l'indice d'une liste présente dans un champ Kanban.
<Liste de Kanban>.InsèreCarte	1410089486	gestion des champs Kanban (syntaxe préfixée)	Insère une carte dans une liste de Kanban.
<Liste de Kanban>.PositionListe	1410089487	gestion des champs Kanban (syntaxe préfixée)	Permet de faire défiler une liste d'un champ Kanban afin d'afficher une carte donnée.
<Liste de Kanban>.SupprimeCarte	1410089488	gestion des champs Kanban (syntaxe préfixée)	Supprime une carte d'un champ Kanban ou d'un champ Liste de Kanban.
<Liste de Kanban>.SupprimeToutCarte	1410089489	gestion des champs Kanban (syntaxe préfixée)	Supprime toutes les cartes d'un champ Kanban ou d'un champ Liste de Kanban.
<Menu>.AjouteMenuNavigateur	1410091027	gestion des menus (syntaxe préfixée)	Ajoute un nouveau menu dans un menu existant. Ce nouveau menu peut exécuter une procédure navigateur passée en paramètre.
<Menu>.AjouteOptionNavigateur	1410091028	gestion des menus (syntaxe préfixée)	Ajoute une nouvelle option de menu à la suite de la dernière option d'un menu (déroulant ou contextuel). Cette option de menu exécute une procédure na
<modbusSession>.Déconnecte	1000025954	Modbus (syntaxe préfixée)	Ferme la session Modbus.
<modbusSession>.EcritBit	1000025967	Modbus (syntaxe préfixée)	Écrit un ou plusieurs bits à une adresse précise dans un esclave Modbus.
<modbusSession>.EcritFlottant	1000026035	Modbus (syntaxe préfixée)	Ecrit une ou plusieurs flottants simple précision à partir d'une adresse précise dans un esclave Modbus.
<modbusSession>.EcritRegistre	1000026036	Modbus (syntaxe préfixée)	Ecrit un ou plusieurs registres (valeur 16 bits) à partir d'une adresse précise dans un esclave Modbus.
<modbusSession>.EnvoieTrameBrute	1410090468	Modbus (syntaxe préfixée)	Envoie une trame brute à un esclave Modbus. Il est ainsi possible de communiquer avec des automates qui disposent de fonctionnalités non-standards.
<modbusSession>.LitBit	1000026065	Modbus (syntaxe préfixée)	Lit un ou plusieurs bits à partir d’une adresse précise sur un esclave Modbus.
<modbusSession>.LitFlottant	1000026079	Modbus (syntaxe préfixée)	Lit un ou plusieurs flottants "simple précision" à partir d'une adresse précise dans un esclave Modbus.
<modbusSession>.LitRegistre	1000026080	Modbus (syntaxe préfixée)	Lit un ou plusieurs registres à partir d'une adresse précise dans un esclave Modbus.
<Page>.AffichePopup	1410087260	gestion des pages (syntaxe préfixée)	Affiche une page WEBDEV comme une popup dans la page courante avec un effet de GFI (Grisage des Fenêtres Inaccessibles).
<Page>.FermePopup	1410087261	gestion des pages (syntaxe préfixée)	Masque une page affichée en popup affichée dans la page via la fonction <Page>.AffichePopup.
<Panneau>.Détache	1000024407		
<Panneau>.Position	1000024408		
<Panneau dockable>.Active	1000024406		
<Panneau dockable>.Attache	1000024404		
<Planning>.CouleurFond	1000022922	gestion des champs Planning (syntaxe préfixée)	Fixe une couleur de fond sur une plage horaire d'un champ Planning présent dans une fenêtre (par exemple, plage horaire correspondant au déjeuner, à u
<redisConnexion>.Abonne	1410088279	gestion d'une base Big Data Redis (syntaxe préfixée)	Souscrit un abonnement à un canal de diffusion Redis.
<redisConnexion>.Affecte	1410088245	gestion d'une base Big Data Redis (syntaxe préfixée)	Modifie la valeur d'une clé sur un serveur Redis.
<redisConnexion>.Connecte	1410088280	gestion d'une base Big Data Redis (syntaxe préfixée)	Ouvre une connexion vers un serveur Redis (ou un cluster Redis).
<redisConnexion>.Désabonne	1410088281	gestion d'une base Big Data Redis (syntaxe préfixée)	Supprime un abonnement à un canal de diffusion Redis.
<redisConnexion>.ExécuteCommande	1410088282	gestion d'une base Big Data Redis (syntaxe préfixée)	Exécute une commande sur un serveur Redis et récupère le résultat.
<redisConnexion>.PipelineAjoute	1410088283	gestion d'une base Big Data Redis (syntaxe préfixée)	Ajoute une commande Redis dans un pipeline.
<redisConnexion>.PipelineRAZ	1410088284	gestion d'une base Big Data Redis (syntaxe préfixée)	Ignore les résultats de l'exécution d'une commande Redis ayant été ajoutée par la fonction <redisConnexion>.PipelineAjoute.
<redisConnexion>.PipelineRécupère	1410088285	gestion d'une base Big Data Redis (syntaxe préfixée)	Récupère le résultat de l'exécution d'une commande Redis ayant été ajouté par <redisConnexion>.PipelineAjoute.
<redisConnexion>.Publie	1410088286	gestion d'une base Big Data Redis (syntaxe préfixée)	Publie un message sur un canal de diffusion Redis.
<redisConnexion>.Récupère	1410088278	gestion d'une base Big Data Redis (syntaxe préfixée)	Récupère la valeur d'une clé sur un serveur Redis sous forme de chaîne.
<Ruban>.FinModeDéplié	1000020784		
<Source>.ActiveFiltre	1000023969	gestion HFSQL (syntaxe préfixée)	Active le filtre précédemment créé pour le fichier de données (la vue ou la requête) spécifié.
<Source>.ActiveFiltreAuto	1000024171	gestion HFSQL (syntaxe préfixée)	Active un filtre automatique sur les fichiers reliés lors du parcours d'un fichier XML.
<Source>.Ajoute	1000024187	gestion HFSQL (syntaxe préfixée)	Ajoute : l'enregistrement présent en mémoire dans le fichier de données (la requête ou la vue). l'enregistrement présent dans une variable de type Enr
<Source>.Alias	1000024191	gestion HFSQL (syntaxe préfixée)	Crée un alias logique d'un fichier de données (ou d'une requête) ou annule tous les alias existants.
<Source>.AnnuleDéclaration	1000024192	gestion HFSQL (syntaxe préfixée)	Permet de : Supprimer une déclaration précédemment faite avec les fonctions <Source>.Déclare, <Source>.DéclareExterne, <Source>.DécritFichier. Après c
<Source>.AnnuleRecherche	1000024193	gestion HFSQL (syntaxe préfixée)	Annule le critère de recherche en cours.
<Source>.AttacheMémo	1000024194	gestion HFSQL (syntaxe préfixée)	Permet d'associer un fichier à une rubrique de type mémo binaire ou d'annuler l'attachement existant entre un fichier et une rubrique binaire.
<Source>.Avance	1000024195	gestion HFSQL (syntaxe préfixée)	Avance de plusieurs enregistrements dans le fichier de données, à partir de la position en cours, selon une rubrique spécifiée.
<Source>.BloqueFichier	1000024196	gestion HFSQL (syntaxe préfixée)	Bloque un fichier de données et restreint l'accès à ce fichier de données pour tous les autres sites ou applications.
<Source>.BloqueNumEnr	1000024197	gestion HFSQL (syntaxe préfixée)	Bloque un enregistrement et restreint l'accès à cet enregistrement pour toutes les autres applications.
<Source>.ChangeClé	1000024198	gestion HFSQL (syntaxe préfixée)	Change la rubrique de parcours.
<Source>.ChangeConnexion	1000024199	gestion HFSQL (syntaxe préfixée)	Change dynamiquement la connexion associée à un fichier de données.
<Source>.ChangeLocalisation	1000024200	gestion HFSQL (syntaxe préfixée)	Modifie le mode de recherche des fichiers de données physiques (.FIC, .NDX, ...).
<Source>.ChangeMotDePasse	1000024591	gestion de HFSQL Client/Serveur (syntaxe préfixée)	Change le mot de passe d'un fichier de données HFSQL Classic ou HFSQL Client/Serveur.
<Source>.ChangeNom	1000024201	gestion HFSQL (syntaxe préfixée)	Modifie le nom physique d'un fichier de données.
<Source>.ChangeRep	1000024202	gestion HFSQL (syntaxe préfixée)	Modifie le chemin d'accès à un fichier de données (c'est-à-dire le répertoire dans lequel le fichier sera manipulé).
<Source>.ChangeRepJnl	1000024203	gestion HFSQL (syntaxe préfixée)	Modifie l'emplacement des fichiers du journal correspondant à un fichier de données HFSQL.
<Source>.CompareRubrique	1000024204	gestion HFSQL (syntaxe préfixée)	Compare deux valeurs en les triant selon la rubrique d'index HFSQL spécifiée : toutes les options de tri spécifiées pour la rubrique sont prises en co
<Source>.ConstruitValClé	1000024205	gestion HFSQL (syntaxe préfixée)	Construit la valeur d'une clé composée pour réaliser un filtre (fonction <Source>.Filtre) ou effectuer une recherche (fonctions <Source>.LitRechercheP
<Source>.Création	1000024207	gestion HFSQL (syntaxe préfixée)	Crée à vide un fichier de données (fichier d'extension ".FIC") avec le fichier d'index, le fichier d'index full-text, le fichier d'index spatial, le f
<Source>.CréationSiInexistant	1000024208	gestion HFSQL (syntaxe préfixée)	Effectue les opérations suivantes : Si le fichier de données n'existe pas, crée à vide un fichier de données (fichier d'extension ".FIC") avec le fich
<Source>.CréeVue	1000024209	gestion HFSQL (syntaxe préfixée)	Crée une vue HFSQL. Cette fonction utilise l'ancien mécanisme des vues.
<Source>.DateEnreg	1000024210	gestion HFSQL (syntaxe préfixée)	Renvoie la date et l'heure de la dernière écriture d'un enregistrement dans un fichier de données HFSQL (Classic ou Client/Serveur).
<Source>.DébloqueFichier	1000024211	gestion HFSQL (syntaxe préfixée)	Débloque les enregistrements d'un fichier de données :précédemment bloqués avec la fonction <Source>.BloqueFichier. bloqués individuellement avec une 
<Source>.DébloqueNumEnr	1000024212	gestion HFSQL (syntaxe préfixée)	Débloque un enregistrement précédemment bloqué avec : soit la fonction <Source>.BloqueNumEnr,soit une fonction de lecture utilisée avec un paramètre b
<Source>.Déclare	1000024213	gestion HFSQL (syntaxe préfixée)	Déclare une description de fichier de données (présente dans une analyse) dans le projet en cours.
<Source>.DéclareExterne	1000024214	gestion HFSQL (syntaxe préfixée)	Importe temporairement dans l'analyse en cours la description d'un fichier de données à partir d'un fichier de données HFSQL existant.
<Source>.DécritFichier	1000024215	gestion HFSQL (syntaxe préfixée)	Décrit un fichier de données par programmation.
<Source>.DécritTrigger	1000024216	gestion HFSQL (syntaxe préfixée)	Ajoute ou modifie un trigger sur un fichier de données HFSQL.
<Source>.DepuisFenêtre	1000021403	liaison (syntaxe préfixée)	Initialise automatiquement : la valeur mémoire des rubriques d'un fichier de données avec la valeur des champs de la fenêtre.la valeur des variables W
<Source>.DepuisPage	1000021405	liaison (syntaxe préfixée)	Initialise automatiquement :la valeur mémoire des rubriques d'un fichier de données avec la valeur des champs de la page.la valeur des variables WLang
<Source>.Dernier	1000024217	gestion HFSQL (syntaxe préfixée)	Positionne sur le dernier enregistrement d'un fichier de données selon une rubrique de parcours.
<Source>.DésactiveFiltre	1000024218	gestion HFSQL (syntaxe préfixée)	Désactive temporairement un filtre sur un fichier de données (une vue ou une requête).
<Source>.DésactiveFiltreAuto	1000024219	gestion HFSQL (syntaxe préfixée)	Désactive un filtre automatique sur les fichiers reliés lors du parcours d'un fichier XML.
<Source>.DétruitTrigger	1000024220	gestion HFSQL (syntaxe préfixée)	Détruit un trigger.
<Source>.DétruitVue	1000024221	gestion HFSQL (syntaxe préfixée)	Détruit une vue précédemment créée. Cette fonction utilise l'ancien mécanisme des vues.
<Source>.DupliqueEnregistrement	1000024222	gestion HFSQL (syntaxe préfixée)	Duplique l'enregistrement lu dans un fichier de données : l'enregistrement présent en mémoire est ajouté dans le fichier de données (la requête ou la 
<Source>.Ecrit	1000024331	gestion HFSQL (syntaxe préfixée)	Écrit un enregistrement dans le fichier de données sans mettre à jour les index correspondants à toutes les clés utilisées dans le fichier.
<Source>.EnDehors	1000024605	gestion HFSQL (syntaxe préfixée)	Permet de savoir si l'enregistrement sur lequel on veut se positionner est en dehors du fichier de données, du filtre, de la vue ou de la requête.
<Source>.Enregistre	1000024606	gestion HFSQL (syntaxe préfixée)	Modifie l'enregistrement courant s'il existe, sinon ajoute un nouvel enregistrement.
<Source>.EnregistrementVersChaîne	1000026034	gestion HFSQL (syntaxe préfixée)	Convertit sous forme de chaîne le contenu de l'enregistrement en cours (dans un fichier de données, une vue HFSQL, une requête, ...).
<Source>.EnregistrementVersJSON	1000024607	gestion HFSQL (syntaxe préfixée)	Récupère la structure et la valeur de l'enregistrement en cours et les exporte dans une chaîne de caractères au format JSON.
<Source>.EnregistrementVersXML	1000024610	XML (syntaxe préfixée)	Récupère la structure et la valeur de l'enregistrement en cours et les exporte dans une chaîne de caractères au format XML.
<Source>.ErreurEtatModification	1000024941	gestion HFSQL (syntaxe préfixée)	Renvoie l'état d'un enregistrement lors d'un conflit de modification.
<Source>.ErreurModification	1000024942	gestion HFSQL (syntaxe préfixée)	Permet de renvoyer la valeur d'une rubrique d'un enregistrement lors d'un conflit de modification.
<Source>.Etat	1000024943	gestion HFSQL (syntaxe préfixée)	Permet de connaître l'état d'un enregistrement.
<Source>.ExécuteRequête	1000024944	gestion HFSQL (syntaxe préfixée)	Déclare une requête créée sous l'éditeur de requêtes au moteur HFSQL et exécute cette requête.
<Source>.ExécuteRequêteAsynchrone	1000026111	gestion HFSQL (syntaxe préfixée)	Exécute une requête de type SELECT de manière asynchrone.
<Source>.ExécuteRequêteSQL	1000024948	gestion HFSQL (syntaxe préfixée)	Initialise une requête écrite en langage SQL et déclare cette requête au moteur HFSQL.
<Source>.ExécuteRequêteSQLAsynchrone	1000026112	gestion HFSQL (syntaxe préfixée)	Exécute une requête SQL de manière asynchrone.
<Source>.ExécuteVue	1000024949	gestion HFSQL (syntaxe préfixée)	Exécute une vue créée auparavant (permet par exemple de réactualiser les données de la vue). Cette fonction utilise l'ancien mécanisme des vues.
<Source>.ExporteChaîneJSON	1410088491	gestion HFSQL (syntaxe préfixée)	Exporte les enregistrements d'un fichier de données (HFSQL ou OLE DB), d'une vue ou d'une requête dans une chaîne au format JSON.
<Source>.ExporteCSV	1000024952	gestion HFSQL (syntaxe préfixée)	Exporte les enregistrements d'un fichier de données (HFSQL ou OLE DB), d'une vue ou d'une requête dans un fichier CSV.
<Source>.ExporteJSON	1000024954	gestion HFSQL (syntaxe préfixée)	Exporte les enregistrements d'un fichier de données (HFSQL ou OLE DB), d'une vue ou d'une requête dans un fichier JSON.
<Source>.ExporteXLS	1000024955	gestion HFSQL (syntaxe préfixée)	Exporte les enregistrements d'un fichier de données (HFSQL ou OLE DB), d'une vue ou d'une requête dans un fichier Excel (XLSX).
<Source>.ExporteXML	1000024956	XML (syntaxe préfixée)	Exporte les enregistrements d'un fichier de données (HFSQL ou OLE DB), d'une vue ou d'une requête dans un fichier XML.
<Source>.ExtraitMémo	1000024957	gestion HFSQL (syntaxe préfixée)	Extrait le contenu d'une rubrique de type mémo binaire d'un fichier de données HFSQL, d'une requête ou d'une vue HFSQL dans un fichier physique (sur l
<Source>.Ferme	1000024958	gestion HFSQL (syntaxe préfixée)	Ferme soit un fichier de données, soit tous les fichiers de données ouverts par l'utilisateur en cours : tous les fichiers de données physiques corres
<Source>.FichierExiste	1000024959	gestion HFSQL (syntaxe préfixée)	Permet de savoir :si un fichier existe, c'est-à-dire s'il a été créé physiquement (fonctions <Source>.Création ou <Source>.CréationSiInexistant).si un
<Source>.Filtre	1000024960	gestion HFSQL (syntaxe préfixée)	Définit et active un filtre sur un fichier de données, une vue ou une requête.
<Source>.FiltreCommencePar	1000024976	gestion HFSQL (syntaxe préfixée)	Définit et active un filtre de type "Commence par" sur un fichier, une vue ou une requête.
<Source>.FiltreComprisEntre	1000024977	gestion HFSQL (syntaxe préfixée)	Définit et active un filtre de type "Compris entre" sur un fichier, une vue ou une requête.
<Source>.FiltreContient	1000024978	gestion HFSQL (syntaxe préfixée)	Définit et active un filtre de type "Contient" sur un fichier de données, une vue ou une requête.
<Source>.FiltreIdentique	1000024979	gestion HFSQL (syntaxe préfixée)	Définit et active un filtre permettant de rechercher la valeur exacte d'une rubrique de type chaîne.
<Source>.FinInterditModif	1000024980	gestion HFSQL (syntaxe préfixée)	Débloque un fichier qui a été bloqué par le même programme avec la fonction <Source>.InterditModif.
<Source>.ForceEcriture	1000024981	gestion HFSQL (syntaxe préfixée)	Force le système d'exploitation du poste sur lequel les fichiers de données sont présents à écrire les données directement sur le disque.
<Source>.FTListeMot	1000024982	gestion HFSQL (syntaxe préfixée)	Liste les mots de l'enregistrement courant qui seront pris en compte par l'indexation full-text.
<Source>.FusionneVue	1000024983	gestion HFSQL (syntaxe préfixée)	Crée une vue HFSQL à partir de deux vues précédemment créées (fonction <Source>.CréeVue). Cette fonction utilise l'ancien mécanisme des vues.
<Source>.GèreDoublon	1000024985	gestion HFSQL (syntaxe préfixée)	Active ou désactive la gestion des doublons sur une clé unique.
<Source>.GèreJournal	1000024986	gestion HFSQL (syntaxe préfixée)	Active ou désactive la gestion du journal d'un fichier journalé.
<Source>.GèreMémo	1000024987	gestion HFSQL (syntaxe préfixée)	Permet de modifier la gestion des rubriques de type mémo.
<Source>.GèreTransaction	1000024988	gestion HFSQL (syntaxe préfixée)	Active ou désactive la gestion des transactions sur un ou plusieurs fichiers.
<Source>.HistoriqueModification	1000024989	gestion HFSQL (syntaxe préfixée)	Renvoie les modifications apportées à une ou plusieurs rubriques d'un enregistrement donné. Le résultat peut être par exemple affiché dans une liste o
<Source>.ImporteCSV	1410090623	gestion HFSQL (syntaxe préfixée)	Importe un fichier CSV dans un fichier de données au format HFSQL Classic ou Client/Serveur (fichier de données décrit sous l'éditeur d'analyses, ou d
<Source>.ImporteHF55	1000024990	gestion HFSQL (syntaxe préfixée)	Importe un fichier Hyper File 5.5 dans un fichier au format HFSQL Classic.
<Source>.ImporteJSON	1000024991	gestion HFSQL (syntaxe préfixée)	Importe un fichier JSON dans un fichier de données au format HFSQL Classic (fichier de données décrit sous l'éditeur d'analyses ou déclaré par les fon
<Source>.ImporteTexte	1000024992	gestion HFSQL (syntaxe préfixée)	Importe un fichier Texte dans un fichier de données au format HFSQL Classic ou Client/Serveur (fichier de données décrit sous l'éditeur d'analyses, ou
<Source>.ImporteXLS	1000024993	gestion HFSQL (syntaxe préfixée)	Importe un fichier XLS dans un fichier de données au format HFSQL Classic ou Client/Serveur (fichier de données décrit sous l'éditeur d'analyses ou dé
<Source>.ImporteXML	1000024994	XML (syntaxe préfixée)	Importe un fichier XML dans un fichier de données au format HFSQL Classic ou Client/Serveur (fichier de données décrit sous l'éditeur d'analyses ou dé
<Source>.InfoBlocage	1000024995	gestion de HFSQL Client/Serveur (syntaxe préfixée)	Renvoie des informations sur le blocage d'un fichier de données, d'un enregistrement ou de tous les enregistrements d'un fichier de données.
<Source>.InfoFichier	1000024996	gestion HFSQL (syntaxe préfixée)	Renvoie les caractéristiques d'un fichier de données HFSQL Classic ou Client/Serveur.
<Source>.InfoMémo	1000024997	gestion HFSQL (syntaxe préfixée)	Renvoie les caractéristiques des mémo binaire et texte.
<Source>.InitAbonné	1000024998	gestion HFSQL (syntaxe préfixée)	Initialise la plage d'identifiants automatiques d'un fichier de description d'un réplica abonné (extension ".RPL").
<Source>.InterditModif	1000024999	gestion HFSQL (syntaxe préfixée)	Interdit toute modification sur un fichier de données (pour tous les programmes, y compris le programme qui a demandé l'interdiction).
<Source>.JournalInfo	1000025000	gestion HFSQL (syntaxe préfixée)	Ajoute des commentaires dans le journal lors de l'enregistrement de l'opération journalée.
<Source>.JournalRecrée	1000025006	gestion HFSQL (syntaxe préfixée)	Permet de re-créer un journal à vide.
<Source>.JournalRedémarre	1000025007	gestion HFSQL (syntaxe préfixée)	Redémarre la journalisation du fichier.
<Source>.JournalStop	1000025008	gestion HFSQL (syntaxe préfixée)	Arrête la journalisation du fichier.
<Source>.JSONVersEnregistrement	1000025009	gestion HFSQL (syntaxe préfixée)	Importe des données JSON vers l'enregistrement courant.
<Source>.LibèreRequête	1000025011	gestion HFSQL (syntaxe préfixée)	Libère les ressources d'une requête (suite à l'utilisation des fonctions <Source>.ExécuteRequête ou <Source>.ExécuteRequêteSQL).
<Source>.ListeClé	1000025012	gestion HFSQL (syntaxe préfixée)	Renvoie la liste des clés d'un fichier de données (d'une requête ou d'une vue) reconnu par le moteur HFSQL.
<Source>.ListeClésSpatiales	1410090489	gestion HFSQL (syntaxe préfixée)	Renvoie la liste des clés spatiales d'un fichier de données (d'une requête ou d'une vue) reconnues par le moteur HFSQL.
<Source>.ListeIndexFullText	1000025013	gestion HFSQL (syntaxe préfixée)	Renvoie la liste des index full-text d'un fichier de données (d'une requête ou d'une vue) reconnus par le moteur HFSQL.
<Source>.ListeLiaison	1000025014	gestion HFSQL (syntaxe préfixée)	Renvoie la liste des liaisons (de type Merise) présentes dans l'analyse en cours ou dans une analyse spécifique.
<Source>.ListeMotVide	1000025015	gestion HFSQL (syntaxe préfixée)	Renvoie la liste des mots vides utilisés par un index full-text.
<Source>.ListeParamRequête	1000025016	gestion HFSQL (syntaxe préfixée)	Renvoie la liste des paramètres d'une requête créée avec l'éditeur de requêtes.
<Source>.ListeRubrique	1000025017	gestion HFSQL (syntaxe préfixée)	Renvoie la liste des rubriques présentes dans un fichier de données (d'une requête ou d'une vue) reconnu par le moteur HFSQL. Les fichiers de données 
<Source>.ListeSynonyme	1000025018	gestion HFSQL (syntaxe préfixée)	Renvoie la liste des synonymes utilisés par un index full-text.
<Source>.Lit	1000025019	gestion HFSQL (syntaxe préfixée)	Lit un enregistrement dans un fichier en fonction d'un numéro d'enregistrement donné.
<Source>.LitDernier	1000025020	gestion HFSQL (syntaxe préfixée)	Positionne sur le dernier enregistrement d'un fichier selon une rubrique de parcours.
<Source>.LitPrécédent	1000025021	gestion HFSQL (syntaxe préfixée)	Positionne sur l'enregistrement précédent d'un fichier en fonction d'une rubrique de parcours.
<Source>.LitPremier	1000025022	gestion HFSQL (syntaxe préfixée)	Positionne sur le premier enregistrement d'un fichier en fonction d'une rubrique de parcours.
<Source>.LitRecherche	1000025023	gestion HFSQL (syntaxe préfixée)	Positionne sur le premier enregistrement du fichier dont la valeur d'une rubrique spécifique est supérieure ou égale à une valeur recherchée (recherch
<Source>.LitRechercheDernier	1000025024	gestion HFSQL (syntaxe préfixée)	Positionne sur le dernier enregistrement du fichier dont la valeur d'une rubrique spécifique est inférieure ou égale à une valeur recherchée (recherch
<Source>.LitRecherchePremier	1000025034	gestion HFSQL (syntaxe préfixée)	Positionne sur le premier enregistrement du fichier dont la valeur d'une rubrique spécifique est strictement égale à une valeur recherchée (recherche 
<Source>.LitSuivant	1000025035	gestion HFSQL (syntaxe préfixée)	Positionne sur l'enregistrement suivant d'un fichier de données en fonction d'une rubrique de parcours.
<Source>.MigreCléComposéeReliée	1000025036	gestion HFSQL (syntaxe préfixée)	Migre les valeurs des clés composées reliées provenant d'un fichier au format Hyper File 5.5 vers le format HFSQL Classic.
<Source>.MiseAJourLiaison	1000025025	gestion de HFSQL Client/Serveur (syntaxe préfixée)	Met à jour sur le serveur l'ensemble des liaisons impliquant un fichier de données HFSQL Client/Serveur.
<Source>.Mode	1000025037	gestion HFSQL (syntaxe préfixée)	Change le mode et la méthode de blocage des fichiers de données.
<Source>.Modifie	1000025038	gestion HFSQL (syntaxe préfixée)	Modifie l'enregistrement spécifié ou l'enregistrement présent en mémoire dans le fichier de données (la requête ou la vue).
<Source>.ModifieStructure	1000025039	gestion HFSQL (syntaxe préfixée)	Permet de mettre à jour la structure d'un fichier de données HFSQL en effectuant une modification automatique des données (également appelée Synchroni
<Source>.MotDePasse	1000025044	gestion HFSQL (syntaxe préfixée)	Fixe le mot de passe utilisé pour créer ou pour ouvrir un fichier de données.
<Source>.NbEnr	1000025040	gestion HFSQL (syntaxe préfixée)	Renvoie le nombre d'enregistrements d'un fichier, d'une requête ou d'une vue HFSQL : enregistrements actifs, rayés, supprimés, etc.
<Source>.NumEnr	1000025041	gestion HFSQL (syntaxe préfixée)	Renvoie :le numéro de l'enregistrement en cours dans le fichier de données HFSQL.le numéro de l'enregistrement en cours dans la vue HFSQL.
<Source>.Optimise	1000025042	gestion HFSQL (syntaxe préfixée)	Permet d'utiliser des temps morts dans l'utilisation d'un logiciel (période sans traitements) pour optimiser les requêtes et les parcours qui vont êtr
<Source>.Ouvre	1000025043	gestion HFSQL (syntaxe préfixée)	Ouvre un fichier de données.
<Source>.PositionCourante	1000025045	gestion HFSQL (syntaxe préfixée)	Renvoie la position approximative de l'enregistrement en cours dans le fichier de données.
<Source>.Positionne	1000025046	gestion HFSQL (syntaxe préfixée)	Positionne sur un enregistrement à partir de la position approximative d'une de ses rubriques.
<Source>.Précédent	1000025047	gestion HFSQL (syntaxe préfixée)	Positionne sur l'enregistrement précédent du fichier en fonction d'une rubrique de parcours.
<Source>.Premier	1000025048	gestion HFSQL (syntaxe préfixée)	Positionne sur le premier enregistrement d'un fichier de données en fonction de la rubrique de parcours spécifiée.
<Source>.PrépareRequête	1000025049	gestion HFSQL (syntaxe préfixée)	Initialise une requête et déclare cette requête au serveur de base de données pour optimiser les prochaines exécutions de cette requête.
<Source>.PrépareRequêteSQL	1000025050	gestion HFSQL (syntaxe préfixée)	Initialise une requête écrite en langage SQL et déclare cette requête au serveur de base de données pour optimiser les prochaines exécutions de cette 
<Source>.Raye	1000025051	gestion HFSQL (syntaxe préfixée)	Raye un enregistrement d'un fichier de données.
<Source>.RAZ	1000025052	gestion HFSQL (syntaxe préfixée)	Initialise : une ou toutes les variables des rubriques d'un fichier de données avec leurs valeurs par défaut. une ou toutes les rubriques d'une variab
<Source>.Recherche	1000025053	gestion HFSQL (syntaxe préfixée)	Positionne sur le premier enregistrement du fichier de données dont la valeur d'une rubrique spécifique est supérieure ou égale à une valeur recherché
<Source>.RechercheDernier	1000025054	gestion HFSQL (syntaxe préfixée)	Positionne sur le dernier enregistrement du fichier dont la valeur d'une rubrique spécifique est inférieure ou égale à une valeur recherchée.
<Source>.RecherchePremier	1000025055	gestion HFSQL (syntaxe préfixée)	Positionne sur le premier enregistrement du fichier dont la valeur d'une rubrique spécifique est supérieure ou égale à une valeur recherchée.
<Source>.Recule	1000025056	gestion HFSQL (syntaxe préfixée)	Recule de plusieurs enregistrements dans le fichier de données, à partir de la position en cours, selon une rubrique spécifiée.
<Source>.RécupèreEnregistrement	1000025057	gestion HFSQL (syntaxe préfixée)	Renvoie le contenu de l'enregistrement en cours (dans un fichier, une vue, une requête, ...).
<Source>.RécupèreRubrique	1000025058	gestion HFSQL (syntaxe préfixée)	Renvoie le contenu d'une rubrique de l'enregistrement en cours (dans le fichier de données, la vue, la requête, ...).
<Source>.RéindexationEnCours	1000025059	gestion HFSQL (syntaxe préfixée)	Avertit si une ré-indexation est en cours sur un fichier de données HFSQL et renvoie le pourcentage de ré-indexation effectué.
<Source>.Réindexe	1000025060	gestion HFSQL (syntaxe préfixée)	Reconstruit l'index d'un fichier de données (fichier d'extension ".NDX"). Il est également possible de ré-indexer :les index full-text (fichiers d'ext
<Source>.RequêteExécutée	1410090480	gestion HFSQL (syntaxe préfixée)	Permet de savoir si une requête a été exécutée.
<Source>.RetourPosition	1000025061	gestion HFSQL (syntaxe préfixée)	Restaure le contexte précédemment sauvegardé d'un fichier (fonction <Source>.SauvePosition) : enregistrement en cours, filtre, pointeurs de lecture.
<Source>.SauvePosition	1000025062	gestion HFSQL (syntaxe préfixée)	Mémorise le contexte en cours d'un fichier de données : enregistrement en cours, filtre, pointeurs de lecture.
<Source>.Sécurité	1000025063	gestion HFSQL (syntaxe préfixée)	Active ou désactive le mécanisme de sécurité automatique sur un ou plusieurs fichiers de données.
<Source>.SourceDeDonnéesConnue	1410090481	gestion HFSQL (syntaxe préfixée)	Permet de savoir si une source de données est initialisée.
<Source>.StatCalcule	1000025064	gestion HFSQL (syntaxe préfixée)	Réalise diverses statistiques sur les clés d'un fichier de données.
<Source>.StatDate	1000025065	gestion HFSQL (syntaxe préfixée)	Renvoie la date de la dernière mise à jour des statistiques d'index.
<Source>.StatHeure	1000025066	gestion HFSQL (syntaxe préfixée)	Renvoie l'heure de la dernière mise à jour des statistiques d'index.
<Source>.StatNbDoublon	1000025067	gestion HFSQL (syntaxe préfixée)	Renvoie le nombre de doublons pour une rubrique clé donnée.
<Source>.StatNbEnr	1000025068	gestion HFSQL (syntaxe préfixée)	Renvoie le nombre d'entrées pour une rubrique clé donnée.
<Source>.StatNbEnrIntervalle	1000025069	gestion HFSQL (syntaxe préfixée)	Renvoie une estimation majorée du nombre d'entrées pour une rubrique clé donnée dans un intervalle de valeurs donné.
<Source>.Suivant	1000025070	gestion HFSQL (syntaxe préfixée)	Positionne sur l'enregistrement suivant du fichier de données en fonction d'une rubrique de parcours.
<Source>.Supprime	1000025071	gestion HFSQL (syntaxe préfixée)	Supprime un enregistrement d'un fichier de données (d'une requête ou d'une vue).
<Source>.SupprimeTout	1000025072	gestion HFSQL (syntaxe préfixée)	Supprime tous les enregistrements d'un fichier de données, d'une vue HFSQL ou d'une requête.
<Source>.SupprimeToutRayé	1000025010	gestion HFSQL (syntaxe préfixée)	Transforme les enregistrements rayés (<Source>.Raye) d'un fichier en enregistrements supprimés.
<Source>.SurErreur	1000025073	gestion HFSQL (syntaxe préfixée)	Personnalise la gestion des erreurs HFSQL.
<Source>.Surveille	1000025029	gestion de HFSQL Client/Serveur (syntaxe préfixée)	Déclenche la surveillance des actions d'écriture (ajout, modification ou suppression) effectuées sur un fichier de données présent sur un serveur HFSQ
<Source>.SurveilleStop	1000025030	gestion de HFSQL Client/Serveur (syntaxe préfixée)	Arrête la surveillance d'un fichier de données sur un serveur HFSQL.
<Source>.TransactionLibère	1000025074	gestion HFSQL (syntaxe préfixée)	Transforme tous les enregistrements "en transaction" en enregistrements "Normaux" si ces enregistrements n'appartiennent pas à une transaction en cour
<Source>.TrieVue	1000025075	gestion HFSQL (syntaxe préfixée)	Trie une vue HFSQL en créant un index sur une rubrique de la vue. Cette fonction utilise l'ancien mécanisme des vues.
<Source>.Trouve	1000025076	gestion HFSQL (syntaxe préfixée)	Vérifie si l'enregistrement en cours correspond au filtre ou à la recherche en cours.
<Source>.VérifieInaltéré	1000025077	gestion HFSQL (syntaxe préfixée)	Vérifie qu'un ou tous les enregistrements d'un fichier de données inaltérable n'ont pas été modifiés (par exemple avec un éditeur hexadécimal).
<Source>.VérifieIndex	1000025078	gestion HFSQL (syntaxe préfixée)	Vérifie que les données contenues dans le fichier d'index (fichier .NDX) référencent correctement les données contenues dans le fichier de données (fi
<Source>.VérifieMémo	1000025079	gestion HFSQL (syntaxe préfixée)	Vérifie l'intégrité structurelle des mémos d'un fichier de données HFSQL.
<Source>.VérifieStructure	1000025080	gestion HFSQL (syntaxe préfixée)	Fixe le mode de comparaison des fichiers de données.
<Source>.VersFenêtre	1000021397	liaison (syntaxe préfixée)	Initialise automatiquement les champs d'une fenêtre avec : les valeurs des rubriques associées dans l'enregistrement en cours (chargé en mémoire) du f
<Source>.VersFichier	1000025081	gestion HFSQL (syntaxe préfixée)	Copie une source de données (fichier, requête, vue, ...) vers un fichier physique HFSQL de même description. Ce fichier n'est ni crypté, ni protégé pa
<Source>.Version	1000025082	gestion HFSQL (syntaxe préfixée)	Permet de savoir :si le contenu d'un fichier a été modifié. si le contenu d'un fichier utilisé par une requête a été modifié.
<Source>.VersPage	1000021401	liaison (syntaxe préfixée)	Initialise automatiquement les champs d'une page avec : les valeurs des rubriques associées dans l'enregistrement en cours (chargé en mémoire) du fich
<Source>.VersRubrique	1000025083	gestion HFSQL (syntaxe préfixée)	Affecte la valeur indiquée à une rubrique de l'enregistrement en cours.
<Source>.VueVersFichier	1000025084	gestion HFSQL (syntaxe préfixée)	Enregistre les modifications réalisées dans une vue HFSQL (grâce aux fonctions <Source>.Modifie, <Source>.Supprime ou <Source>.Raye) dans le fichier d
<Table>.AjouteDébut	1410090638	gestion des champs Table (syntaxe préfixée)	Ajoute une ligne au début d'un champ Table infinie. La ligne est insérée avant la première ligne du champ Table. La position de défilement du champ Ta
<Table>.CherchePartout	1410088374	gestion des champs Table (syntaxe préfixée)	Recherche une valeur dans toutes les colonnes des champs suivants : champ Table,champ Table hiérarchique,champ Table affiché dans un champ Combo.
<Table>.DepuisJSON	1410090403		
<Table>.VersExcel	1410088379	gestion des champs Table (syntaxe préfixée)	Crée un fichier Excel avec les données d'un champ Table ou Table hiérarchique.
<Table>.VersJSON	1410090402	gestion des champs Table (syntaxe préfixée)	Convertit le contenu d'un champ Table ou Table hiérarchique en une chaîne au format JSON.
<Table>.VersPressePapier	1410088375	gestion des champs Table (syntaxe préfixée)	Copie le contenu d'un champ Table ou Table hiérarchique dans le presse-papiers.
<Table>.VersTexte	1410088376	gestion des champs Table (syntaxe préfixée)	Crée une chaîne de caractères avec les données d'un champ Table ou Table hiérarchique.
<Table>.VersWord	1410088377	gestion des champs Table (syntaxe préfixée)	Crée un fichier Word (.RTF) avec les données d'un champ Table ou Table hiérarchique.
<Table>.VersXML	1410088378	gestion des champs Table (syntaxe préfixée)	Crée un fichier XML avec les données d'un champ Table ou Table hiérarchique.
<Tableau>.Agrège	1000024951	gestion des tableaux (syntaxe préfixée)	Exécute une opération d'agrégation sur chaque élément d'un tableau.
<Tableau>.Ajoute	1000024299	gestion des tableaux (syntaxe préfixée)	Ajoute un élément en dernière position :d'un tableau WLangage à une dimension.d'une propriété tableau d'un type avancé (tableau des événements de gglA
<Tableau>.AjouteLigne	1000024300	gestion des tableaux (syntaxe préfixée)	Ajoute une ligne à la fin : d'un tableau WLangage à une ou deux dimensions. d'une propriété tableau d'un type avancé à deux dimensions (xlsDocument, .
<Tableau>.AjouteRéférence	1000025416	gestion des tableaux (syntaxe préfixée)	Ajoute la référence d'un objet en dernière position dans un tableau à une dimension.
<Tableau>.AjouteTrié	1000024301	gestion des tableaux (syntaxe préfixée)	Ajoute un élément dans un tableau WLangage à une dimension en prenant en compte : le critère de tri défini par la fonction <Tableau>.Triel'opérateur d
<Tableau>.Applique	1000024969	gestion des tableaux (syntaxe préfixée)	Exécute une procédure pour chaque élément d'un tableau WLangage.
<Tableau>.Cherche	1000024302	gestion des tableaux (syntaxe préfixée)	Cherche l'indice d'un élément dans un tableau WLangage.
<Tableau>.ChercheParProcédure	1000024303	gestion des tableaux (syntaxe préfixée)	Recherche un élément dans un tableau WLangage à une dimension en utilisant une procédure de comparaison.
<Tableau>.Copie	1000024304	gestion des tableaux (syntaxe préfixée)	Copie le contenu d'un tableau dans un autre.
<Tableau>.Déplace	1000024305	gestion des tableaux (syntaxe préfixée)	Permet :de déplacer un élément dans un tableau WLangage à une dimension ou dans une propriété tableau d'un type avancé (tableau des événements de gglA
<Tableau>.DéplaceLigne	1000024306	gestion des tableaux (syntaxe préfixée)	Permet :soit de déplacer une ligne dans un tableau à deux dimensions ou dans une propriété tableau d'un type avancé. Les autres lignes du tableau sont
<Tableau>.Distinct	1000025406	gestion des tableaux (syntaxe préfixée)	Renvoie un tableau sans doublons.
<Tableau>.EchangeLigne	1000024307	gestion des tableaux (syntaxe préfixée)	Permet d'échanger deux lignes dans un tableau à deux dimensions ou dans une propriété tableau d'un type avancé.
<Tableau>.Filtre	1000024968	gestion des tableaux (syntaxe préfixée)	Renvoie un tableau contenant les éléments d'un tableau source pour lesquels une procédure renvoie Vrai.
<Tableau>.Info	1000024308	gestion des tableaux (syntaxe préfixée)	Renvoie les caractéristiques d'un tableau : type des éléments, nombre de dimensions, dimensions, ...
<Tableau>.Insère	1000024309	gestion des tableaux (syntaxe préfixée)	Insère un élément à une position donnée :dans un tableau à une dimension.dans un tableau associatif.dans une propriété tableau d'un type avancé (table
<Tableau>.InsèreLigne	1000024310	gestion des tableaux (syntaxe préfixée)	Insère une ligne à une position donnée : dans un tableau WLangage à deux dimensions.dans une propriété tableau d'un type avancé à deux dimensions (xls
<Tableau>.InsèreRéférence	1000025414	gestion des tableaux (syntaxe préfixée)	Ajoute la référence d'un objet à la position donnée dans un tableau à une dimension.
<Tableau>.Intersection	1000025407	gestion des tableaux (syntaxe préfixée)	Renvoie un tableau correspondant à l'intersection de deux tableaux.
<Tableau>.Inverse	1000024311	gestion des tableaux (syntaxe préfixée)	Inverse le contenu d'un tableau à une dimension.
<Tableau>.Max	1000025411	gestion des tableaux (syntaxe préfixée)	Renvoie la plus grande des valeurs présentes dans le tableau.
<Tableau>.Mélange	1000024312	gestion des tableaux (syntaxe préfixée)	Mélange les éléments d'un tableau WLangage.
<Tableau>.Min	1000025412	gestion des tableaux (syntaxe préfixée)	Renvoie la plus petite des valeurs présentes dans le tableau.
<Tableau>.Moyenne	1000025417	gestion des tableaux (syntaxe préfixée)	Calcule la moyenne des éléments d'un tableau.
<Tableau>.Occurrence	1000024313	gestion des tableaux (syntaxe préfixée)	Renvoie :soit le nombre d'éléments présents dans un tableau à une dimension.soit le nombre de lignes présentes dans un tableau à deux dimensions.soit 
<Tableau>.Somme	1000025415	gestion des tableaux (syntaxe préfixée)	Calcule la somme des éléments d'un tableau.
<Tableau>.Supprime	1000024314	gestion des tableaux (syntaxe préfixée)	Supprime un élément à une position donnée :dans un tableau WLangage à une dimension.dans une propriété tableau d'un type avancé (tableau des événement
<Tableau>.SupprimeDoublon	1000024315	gestion des tableaux (syntaxe préfixée)	Supprime les doublons dans un tableau.
<Tableau>.SupprimeLigne	1000024316	gestion des tableaux (syntaxe préfixée)	Supprime une ligne à une position donnée : dans un tableau à deux dimensions. dans la propriété tableau d'un type avancé (tableau des événements de gg
<Tableau>.SupprimeTout	1000024317	gestion des tableaux (syntaxe préfixée)	Supprime tous les éléments :d'un tableau WLangage à une dimension ou deux dimensions.d'un tableau associatif.de la propriété tableau d'un type avancé 
<Tableau>.TousFaux	1000024935	gestion des tableaux (syntaxe préfixée)	Renvoie Vrai si tous les éléments d'un tableau sont Faux.
<Tableau>.TousVrai	1000024936	gestion des tableaux (syntaxe préfixée)	Renvoie Vrai si tous les éléments d'un tableau sont Vrai.
<Tableau>.Transforme	1000025418	gestion des tableaux (syntaxe préfixée)	Renvoie un tableau WLangage contenant les résultats d'une procédure exécutée pour chaque élément d'un tableau source.
<Tableau>.Trie	1000024318	gestion des tableaux (syntaxe préfixée)	Trie un tableau WLangage.
<Tableau>.UnFaux	1000024937	gestion des tableaux (syntaxe préfixée)	Renvoie Vrai si au moins un élément d'un tableau est Faux.
<Tableau>.Union	1000025408	gestion des tableaux (syntaxe préfixée)	Renvoie un tableau correspondant à l'union de deux tableaux.
<Tableau>.UnionTout	1000025410	gestion des tableaux (syntaxe préfixée)	Renvoie un tableau correspondant à l'union de deux tableaux (sans suppression des doublons).
<Tableau>.UnVrai	1000024938	gestion des tableaux (syntaxe préfixée)	Renvoie Vrai si au moins un élément d'un tableau est Vrai.
<Tableau croisé dynamique>.AxeY	1000023710		
<Tableau croisé dynamique>.CalculeMiseAJourAsynchrone	1410090404	gestion des champs Tableau croisé dynamique (syntaxe préfixée)	Met à jour (sans blocage) une partie des données d'un champ Tableau croisé dynamique à partir d'une date.
<Tableau croisé dynamique>.CalculeToutAsynchrone	1410090405	gestion des champs Tableau croisé dynamique (syntaxe préfixée)	Calcule ou recalcule entièrement un champ Tableau croisé dynamique sans blocage.
<Tableur>.AjouteLien	1410090430	Tableur (syntaxe préfixée)	Crée un lien dans une cellule d'un champ Tableur. Le texte de la cellule devient le texte du lien.
<Tableur>.DéfusionneCellule	1410089570	Tableur (syntaxe préfixée)	Supprime la fusion de cellule pour la cellule spécifiée ou pour la cellule sélectionnée dans un champ Tableur.
<Tableur>.DéplaceFeuille	1410087262	Tableur (syntaxe préfixée)	Déplace une feuille de calcul dans un champ Tableur présent dans une fenêtre.
<Tableur>.FusionneCellule	1000026322	Tableur (syntaxe préfixée)	Fusionne les cellules spécifiées ou les cellules sélectionnées dans un champ Tableur.
<Tableur>.ListeCommentaire	1410090614	Tableur (syntaxe préfixée)	Liste tous les commentaires de la feuille courante d'un champ Tableur.
<Tableur>.SelectCommentaire	1410090615	Tableur (syntaxe préfixée)	Permet de : savoir si un commentaire est sélectionné dans un champ Tableur, sélectionner ou désélectionner un commentaire dans un champ Tableur.
<Thread>.DemandeArrêt	1000024924	gestion des threads (syntaxe préfixée)	Envoie une demande d'arrêt à un thread.
<Thread>.EnvoieSignal	1000024926	gestion des threads (syntaxe préfixée)	Le thread en cours envoie un signal au thread spécifié pour le débloquer.
<Thread>.Reprend	1000024927		
<Thread>.Suspend	1000024929		
<Toast>.Affiche	1000024863		
<Traitement de texte>.EffaceMiseEnForme	1410090632	gestion du champ Traitement de texte (syntaxe préfixée)	Remplace la mise en forme de la sélection en cours dans un champ Traitement de texte par la mise en forme par défaut.
<Traitement de texte>.InfoXY	1000025346	gestion du champ Traitement de texte (syntaxe préfixée)	Renvoie pour une position donnée dans un champ Traitement de texte (coordonnées d'un point du champ) :soit le numéro de la page correspondante, soit l
<Traitement de texte>.ModeCopieMiseEnForme	1410090630	gestion du champ Traitement de texte (syntaxe préfixée)	Active le mode "Copie de mise en forme" du champ Traitement de texte et permet de savoir si le mode "Copie de mise en forme" est activé.
<Traitement de texte>.RechercheElémentParNom	1410088862	gestion du champ Traitement de texte (syntaxe préfixée)	Recherche un élément par son nom dans l'ensemble d'un document de type Traitement de texte.
<Type Buffer>.CrypteAsymétrique	1410087279	cryptage / compression (syntaxe préfixée)	Crypte un buffer en utilisant un algorithme de chiffrement asymétrique (RSA) nécessitant une clé publique et une clé privée.
<Type Buffer>.CrypteAsymétriqueEnveloppé	1410087280	cryptage / compression (syntaxe préfixée)	Réalise un cryptage asymétrique d'une enveloppe.
<Type Buffer>.CrypteStandard	1410087281	cryptage / compression (syntaxe préfixée)	Crypte une chaîne de caractères ou un buffer binaire en utilisant un algorithme de chiffrement symétrique (AES, DES, etc.).
<Type Buffer>.Décode	1410087344	cryptage / compression (syntaxe préfixée)	Décode une chaîne de caractères précédemment encodée avec la fonction <Type Buffer>.Encode.
<Type Buffer>.DécrypteAsymétrique	1410087282	cryptage / compression (syntaxe préfixée)	Décrypte un buffer avec un algorithme clé privée/publique selon le cryptage RSA.
<Type Buffer>.DécrypteAsymétriqueEnveloppé	1410087283	cryptage / compression (syntaxe préfixée)	Réalise le décryptage asymétrique d'une enveloppe encryptée avec la fonction <Type Buffer>.CrypteAsymétriqueEnveloppé.
<Type Buffer>.Encode	1410087345	cryptage / compression (syntaxe préfixée)	Encode une chaîne de caractères ou un buffer. Pour décoder le résultat, il suffit d'utiliser la fonction <Type Buffer>.Décode.
<Type Date>.VersJourDansLAnnée	1410090343	gestion des Dates et des Heures (syntaxe préfixée)	Renvoie le numéro du jour dans l'année correspondant à une date donnée.
<Type DateHeure>.VersChaîne	1000025807	gestion des Dates et des Heures (syntaxe préfixée)	Convertit une date heure en une chaîne au format spécifié.
<Type Tableau>.Contient	1410091180	gestion des tableaux (syntaxe préfixée)	Cherche un élément dans un tableau WLangage.
<Variable ActionRapide>.Ajoute	1410090385	gestion des raccourcis d'application (app shortcuts)  (syntaxe préfixée)	Ajoute une nouvelle action rapide à l'application.
<Variable ActionRapide>.Epingle	1410090409	gestion des raccourcis d'application (app shortcuts)  (syntaxe préfixée)	Demande à épingler une action rapide.
<Variable ActionRapide>.Supprime	1410090386	gestion des raccourcis d'application (app shortcuts)  (syntaxe préfixée)	Supprime une action rapide de l'application.
<Variable adminWBAuth>.CréeCompte	1410089712	pilotage du Serveur d'application WEBDEV (syntaxe préfixée)	Crée un compte WEBDEV sur un Serveur d'application WEBDEV.
<Variable adminWBAuth>.Déconnecte	1410089713	pilotage du Serveur d'application WEBDEV (syntaxe préfixée)	Supprime une connexion sur un Serveur d'application WEBDEV.
<Variable adminWBAuth>.ListeApplication	1410090464	pilotage du Serveur d'application WEBDEV (syntaxe préfixée)	Renvoie la liste des applications WEBDEV d'un serveur d'application, pour un compte donnée, et pour un type donné.
<Variable adminWBAuth>.ListeCompte	1410089714	pilotage du Serveur d'application WEBDEV (syntaxe préfixée)	Renvoie la liste des comptes WEBDEV sur un Serveur d'application WEBDEV.
<Variable adminWBAuth>.ListeConnexion	1410089715	pilotage du Serveur d'application WEBDEV (syntaxe préfixée)	Renvoie la liste des connexions en cours sur un Serveur d'application WEBDEV.
<Variable adminWBAuth>.ModifieCompte	1410089716	pilotage du Serveur d'application WEBDEV (syntaxe préfixée)	Modifie les paramètres d'un compte WEBDEV sur un Serveur d'application WEBDEV.
<Variable adminWBAuth>.SupprimeApplication	1410090465	pilotage du Serveur d'application WEBDEV (syntaxe préfixée)	Supprime une application du serveur d'application WEBDEV.
<Variable adminWBAuth>.SupprimeCompte	1410089717	pilotage du Serveur d'application WEBDEV (syntaxe préfixée)	Supprime un compte WEBDEV sur un Serveur d'application WEBDEV.
<Variable btlePériphérique>.EtatConnexion	1000022202	BTLE (syntaxe préfixée)	Renvoie l'état actuel de la connexion avec un périphérique Bluetooth Low Energy ou demande à être prévenu en cas de changement de l'état de la connexi
<Variable Certificat>.ExtraitValeurExtension	1410087241	gestion des certificats (syntaxe préfixée)	Renvoie la valeur d'une extension du certificat.
<Variable Commande>.AjouteArgument	1410090748	gestion de l'exécution des commandes en mode console (syntaxe préfixée)	Ajoute un argument à une commande à exécuter en mode console.
<Variable Commande>.AjouteOption	1410090749	gestion de l'exécution des commandes en mode console (syntaxe préfixée)	Ajoute une option à la commande à exécuter en mode console.
<Variable Commande>.EcritEntréeStandard	1410090750	gestion de l'exécution des commandes en mode console (syntaxe préfixée)	Ecrit les données sur l'entrée standard de la commande exécutée en mode console.
<Variable Commande>.Exécute	1410090751	gestion de l'exécution des commandes en mode console (syntaxe préfixée)	Exécute une commande en mode console.
<Variable Commande>.ExécutionEstEnCours	1410091033	gestion de l'exécution des commandes en mode console (syntaxe préfixée)	Indique si l'exécutable lié à une commande exécutée en mode console est actuellement en cours d'exécution.
<Variable Commande>.LitSortieErreur	1410090752	gestion de l'exécution des commandes en mode console (syntaxe préfixée)	Lit les données disponibles sur la sortie d'erreur pour la commande lancée en mode console.
<Variable Commande>.LitSortieStandard	1410090753	gestion de l'exécution des commandes en mode console (syntaxe préfixée)	Lit les données disponibles sur la sortie standard pour la commande lancée en mode console.
<Variable Commande>.RécupèreCodeRetour	1410090754	gestion de l'exécution des commandes en mode console (syntaxe préfixée)	Récupère le code de retour de la commande lancée en mode console, c'est-à-dire la valeur renvoyée à la terminaison de la commande.
<Variable Commande>.Termine	1410091034	gestion de l'exécution des commandes en mode console (syntaxe préfixée)	Force la terminaison de l'exécutable associé à une commande en mode console en cours d'exécution.
<Variable Connection>.RSRenommeNomServeur	1410088539		
<Variable Connexion>.ExécuteProcédureAsynchrone	1410091179	gestion de HFSQL Client/Serveur (syntaxe préfixée)	Exécute une procédure stockée en mode asynchrone.
<Variable Connexion>.InfoBlocage	1000022774	gestion de HFSQL Client/Serveur (syntaxe préfixée)	Renvoie des informations sur le blocage d'un fichier de données, d'un enregistrement ou de tous les enregistrements d'un fichier de données.
<Variable Connexion>.InfoDroitRubrique	1410090543	gestion de HFSQL Client/Serveur (syntaxe préfixée)	Permet de connaître les droits accordés sur une rubrique.
<Variable Connexion>.ListeFichiersSurveillés	1410090429	gestion de HFSQL Client/Serveur (syntaxe préfixée)	Renvoie la liste des fichiers de données surveillés par la fonction <Source>.Surveille.
<Variable Connexion>.ListeHistoriquePlanification	1410090890	gestion de HFSQL Client/Serveur (syntaxe préfixée)	Liste l'historique d'exécution d'un élément planifié sur un serveur HFSQL : tâche planifiée (procédure stockée), sauvegarde, optimisation, rafraîchiss
<Variable Connexion>.ModifieDroitRubrique	1410090544	gestion de HFSQL Client/Serveur (syntaxe préfixée)	Modifie les droits accordés sur une rubrique d'un fichier de données HFSQL Client/Serveur pour un utilisateur ou un groupe.
<Variable Connexion>.ModifiePropriétéFichier	1000022718	gestion de HFSQL Client/Serveur (syntaxe préfixée)	Modifie les propriétés d'un fichier de données HFSQL situé sur un serveur.
<Variable Connexion>.PolitiqueSécuritéDébloqueCompte	1410091327	gestion de HFSQL Client/Serveur (syntaxe préfixée)	Permet de débloquer le compte d'un utilisateur bloqué à cause d'un trop grand nombre de tentatives d'ouverture de connexion infructueuses.
<Variable Connexion>.PolitiqueSécuritéModifie	1410091328	gestion de HFSQL Client/Serveur (syntaxe préfixée)	Modifie la politique de sécurité des mots de passe d'un serveur HFSQL.
<Variable Connexion>.PolitiqueSécuritéRécupère	1410086666	gestion de HFSQL Client/Serveur (syntaxe préfixée)	Récupère la politique de sécurité d'un serveur HFSQL.
<Variable Connexion>.PolitiqueSécuritéVérifie	1410091329	gestion de HFSQL Client/Serveur (syntaxe préfixée)	Vérifie que la politique de sécurité des mots de passe associée au serveur HFSQL est respectée pour chacun des comptes des utilisateurs.
<Variable Connexion>.RSIgnoreErreur	1410090601		
<Variable Connexion>.RSTransformeSpareEnServeur	1410091036		
<Variable Connexion>.SupprimeHistoriquePlanification	1410090891	gestion de HFSQL Client/Serveur (syntaxe préfixée)	Supprime l'historique d'exécution d'un élément planifié sur un serveur HFSQL : tâche planifiée (procédure stockée), sauvegarde, optimisation, rafraîch
<Variable Connexion>.SupprimeVue	1410088611	gestion de HFSQL Client/Serveur (syntaxe préfixée)	Supprime une vue matérialisée sur le serveur HFSQL.
<Variable Connexion>.TransactionPointDeSauvegarde	1410087876	gestion de HFSQL Client/Serveur (syntaxe préfixée)	Déclare un point de sauvegarde pour une transaction.
<Variable Connexion>.TransactionRetourneAuPointDeSauvegarde	1410087877	gestion de HFSQL Client/Serveur (syntaxe préfixée)	Annule la transaction jusqu'au point de sauvegarde.
<Variable diagBibliothèque>.ChargeBibliothèque	1410088685	gestion des diagrammes (syntaxe préfixée)	Charge un fichier diagramme pour en faire une bibliothèque de formes prédéfinies.
<Variable diagForme>.VersImage	1410088686	gestion des diagrammes (syntaxe préfixée)	Crée une image à partir d'une forme d'un diagramme (la forme peut être affichée ou non dans le diagramme).
<Variable Diagramme>.Charge	1410088669	gestion des diagrammes (syntaxe préfixée)	Charge un diagramme dans une variable de type Diagramme à partir d'un fichier ".wddiag", d'un mémo ou d'un buffer binaire.
<Variable Diagramme>.DébutModification	1410088877	gestion des diagrammes (syntaxe préfixée)	Signale le début du regroupement d'un ensemble d'opérations sur une variable de type Diagramme en un seul événement (gestion du "undo/redo").
<Variable Diagramme>.FinModification	1410088878	gestion des diagrammes (syntaxe préfixée)	Signale la fin du regroupement d'un ensemble d'opérations sur une variable de type Diagramme en un seul événement (gestion du "undo/redo").
<Variable Diagramme>.Recherche	1410089986	gestion des diagrammes (syntaxe préfixée)	Recherche les formes contenant un texte spécifique dans un diagramme.
<Variable Diagramme>.Sauve	1410089987	gestion des diagrammes (syntaxe préfixée)	Sauve un diagramme dans un fichier "diag".
<Variable Diagramme>.VersImage	1410088690	gestion des diagrammes (syntaxe préfixée)	Exporte un diagramme vers une une variable de type Image.
<Variable Diagramme>.VersSVG	1410088880	gestion des diagrammes (syntaxe préfixée)	Exporte un diagramme vers une image vectorielle au format SVG.
<Variable docFragment>.EffaceMiseEnForme	1410090631	gestion du champ Traitement de texte (syntaxe préfixée)	Remplace la mise en forme actuelle de la sélection par la mise en forme par défaut.
<Variable Drive>.CopieFichier	1410090349	gestion des drives : OneDrive, Google Drive, Dropbox (syntaxe préfixée)	Copie un fichier unique du disque distant vers un autre répertoire du disque distant.
<Variable Drive>.CopieRépertoire	1410090351	gestion des drives : OneDrive, Google Drive, Dropbox (syntaxe préfixée)	Copie un répertoire du drive vers un autre répertoire de ce drive (disque distant).
<Variable Drive>.CréeFichier	1410090352	gestion des drives : OneDrive, Google Drive, Dropbox (syntaxe préfixée)	Crée un fichier sur le disque distant.
<Variable Drive>.CréeRépertoire	1410090353	gestion des drives : OneDrive, Google Drive, Dropbox (syntaxe préfixée)	Crée un répertoire sur le disque distant.
<Variable Drive>.DéplaceFichier	1410090354	gestion des drives : OneDrive, Google Drive, Dropbox (syntaxe préfixée)	Déplace un fichier présent dans un répertoire d'un drive vers un autre répertoire de ce drive (disque distant).
<Variable Drive>.DéplaceRépertoire	1410090356	gestion des drives : OneDrive, Google Drive, Dropbox (syntaxe préfixée)	Déplace un répertoire et son contenu vers un autre répertoire du même drive (disque distant).
<Variable Drive>.EnvoieFichier	1410090357	gestion des drives : OneDrive, Google Drive, Dropbox (syntaxe préfixée)	Envoie un fichier (présent sur la machine de l'utilisateur) vers un drive (disque distant).
<Variable Drive>.EnvoieRépertoire	1410090358	gestion des drives : OneDrive, Google Drive, Dropbox (syntaxe préfixée)	Envoie un répertoire et ses fichiers (présents sur la machine de l'utilisateur) vers un drive (disque distant).
<Variable Drive>.ListeFichier	1410090359	gestion des drives : OneDrive, Google Drive, Dropbox (syntaxe préfixée)	Liste les fichiers d'un répertoire d'un drive.
<Variable Drive>.ListeRépertoire	1410090361	gestion des drives : OneDrive, Google Drive, Dropbox (syntaxe préfixée)	Liste les répertoires d'un drive.
<Variable Drive>.RécupèreFichier	1410090362	gestion des drives : OneDrive, Google Drive, Dropbox (syntaxe préfixée)	Récupère un fichier présent sur un drive (disque distant) et enregistre ce fichier sur le poste de l'utilisateur.
<Variable Drive>.RécupèreRépertoire	1410090364	gestion des drives : OneDrive, Google Drive, Dropbox (syntaxe préfixée)	Récupère un répertoire (et ses fichiers) présent sur un drive (disque distant) pour l'enregistrer sur le poste de l'utilisateur.
<Variable Drive>.Renomme	1410090365	gestion des drives : OneDrive, Google Drive, Dropbox (syntaxe préfixée)	Renomme un fichier ou un répertoire présent sur un drive.
<Variable Drive>.SupprimeFichier	1410090368	gestion des drives : OneDrive, Google Drive, Dropbox (syntaxe préfixée)	Supprime un fichier dans un drive (disque distant).
<Variable Drive>.SupprimeRépertoire	1410090369	gestion des drives : OneDrive, Google Drive, Dropbox (syntaxe préfixée)	Supprime un répertoire (et les fichiers qu'il contient) sur un drive (disque distant).
<Variable Email>.ExporteHTML	1000026178	gestion des emails (syntaxe préfixée)	Récupère le code HTML d'un email pour l'afficher dans un champ HTML (champ HTML, champ d'affichage HTML, ...).
<Variable emailSessionIMAP>.AbonneAuDossier	1410091167	gestion des emails (syntaxe préfixée)	Ajoute un dossier existant à la liste des dossiers abonnés.
<Variable emailSessionIMAP>.DésabonneDuDossier	1410091267	gestion des emails (syntaxe préfixée)	Supprime un dossier existant de la liste des dossiers abonnés.
<Variable emailSessionIMAP>.ExécuteCommande	1410091166	gestion des emails (syntaxe préfixée)	Envoie une commande IMAP au serveur de mails.
<Variable emailSessionNotes>.EnvoieMessage	1000022316	gestion des emails (syntaxe préfixée)	Envoie un email selon le protocole Lotus Notes.
<Variable emailSessionOutlook>.EnvoieMessage	1000022315	gestion des emails (syntaxe préfixée)	Envoie un email selon le protocole Outlook.
<Variable emailSessionSMTP>.EnvoieMessage	1000022314	gestion des emails (syntaxe préfixée)	Envoie un email selon le protocole SMTP.
<Variable FichierDisque>.Bloque	1410089037	gestion des répertoires et des fichiers externes (syntaxe préfixée)	Bloque entièrement ou partiellement un fichier externe.
<Variable FichierDisque>.ChangeTaille	1410089038	gestion des répertoires et des fichiers externes (syntaxe préfixée)	Change la taille d'un fichier externe.
<Variable FichierDisque>.Cherche	1410089039	gestion des répertoires et des fichiers externes (syntaxe préfixée)	Cherche une chaîne de caractères ou un buffer dans un fichier ouvert avec la fonction <Variable FichierDisque>.Ouvre.
<Variable FichierDisque>.Crée	1410090211	gestion des répertoires et des fichiers externes (syntaxe préfixée)	Crée un fichier externe.
<Variable FichierDisque>.Débloque	1410089040	gestion des répertoires et des fichiers externes (syntaxe préfixée)	Débloque entièrement ou partiellement un fichier externe.
<Variable FichierDisque>.Ecrit	1410089041	gestion des répertoires et des fichiers externes (syntaxe préfixée)	Écrit :une chaîne de caractères dans un fichier externe.une portion de mémoire.
<Variable FichierDisque>.EcritLigne	1410089042	gestion des répertoires et des fichiers externes (syntaxe préfixée)	Écrit une ligne dans un fichier texte (au format ANSI ou Unicode).
<Variable FichierDisque>.Ferme	1410089043	gestion des répertoires et des fichiers externes (syntaxe préfixée)	Ferme un fichier externe.
<Variable FichierDisque>.Lit	1410089044	gestion des répertoires et des fichiers externes (syntaxe préfixée)	Lit :un bloc d'octets (bloc de caractères) dans un fichier externe (ANSI ou Unicode),le contenu d'un fichier externe (ANSI ou Unicode) pour l'affecter
<Variable FichierDisque>.LitLigne	1410089045	gestion des répertoires et des fichiers externes (syntaxe préfixée)	Lit une ligne dans un fichier externe (au format ANSI ou Unicode).
<Variable FichierDisque>.LitLigneExpressionRégulière	1410089046	gestion des répertoires et des fichiers externes (syntaxe préfixée)	Lit une ligne d'un fichier externe et récupère dans des variables les morceaux de cette ligne en fonction d'une expression régulière.
<Variable FichierDisque>.NomFichier	1410089047	gestion des répertoires et des fichiers externes (syntaxe préfixée)	Renvoie le nom d'un fichier externe actuellement ouvert.
<Variable FichierDisque>.Ouvre	1410090197	gestion des répertoires et des fichiers externes (syntaxe préfixée)	Ouvre un fichier externe (ANSI ou Unicode) pour le manipuler par programmation.
<Variable FichierDisque>.OuvreFichierTemp	1410090203	gestion des répertoires et des fichiers externes (syntaxe préfixée)	Crée et ouvre un fichier temporaire.
<Variable FichierDisque>.Positionne	1410089048	gestion des répertoires et des fichiers externes (syntaxe préfixée)	Renvoie et modifie la position en cours dans un fichier externe.
<Variable FichierDisque>.Taille	1410089049	gestion des répertoires et des fichiers externes (syntaxe préfixée)	Renvoie la taille d'un fichier en octets.
<Variable ftpConnexion>.Attribut	1410091117	FTP Standard (syntaxe préfixée)	Identifie les attributs d'un fichier présent sur un serveur FTP (File Transfer Protocol).
<Variable ftpConnexion>.Commande	1410091118	FTP Standard (syntaxe préfixée)	Envoie une commande FTP spécifique à un serveur.
<Variable ftpConnexion>.Connecte	1410091119	FTP Standard (syntaxe préfixée)	Connecte le poste en cours à un serveur FTP (File Transfer Protocol).
<Variable ftpConnexion>.Date	1410091120	FTP Standard (syntaxe préfixée)	Renvoie les différentes dates (date de création, de modification ou d'accès) d'un fichier présent sur un serveur FTP (File Transfer Protocol).
<Variable ftpConnexion>.DateHeure	1410091121	FTP Standard (syntaxe préfixée)	Renvoie les différentes dates et heures (de création, de modification ou d'accès) d'un fichier présent sur un serveur FTP (File Transfer Protocol).
<Variable ftpConnexion>.Déconnecte	1410091122	FTP Standard (syntaxe préfixée)	Ferme la connexion entre le poste en cours et le serveur FTP (File Transfer Protocol).
<Variable ftpConnexion>.Envoie	1410091123	FTP Standard (syntaxe préfixée)	Transfère un fichier ou un répertoire sur un serveur FTP (File Transfer Protocol).
<Variable ftpConnexion>.FichierExiste	1410091124	FTP Standard (syntaxe préfixée)	Teste l'existence d'un fichier sur un serveur FTP.
<Variable ftpConnexion>.Heure	1410091125	FTP Standard (syntaxe préfixée)	Renvoie les différentes heures (heure de création, de modification ou d'accès) d'un fichier présent sur un serveur FTP (File Transfer Protocol).
<Variable ftpConnexion>.ListeFichier	1410091126	FTP Standard (syntaxe préfixée)	Liste les fichiers d'un répertoire (et/ou les répertoires) d'un serveur FTP et retourne le nombre de fichiers (et/ou de répertoires) listés.
<Variable ftpConnexion>.Nom	1410091137	FTP Standard (syntaxe préfixée)	Renvoie le nom du dernier fichier accédé par une fonction FTP (File Transfer Protocol).
<Variable ftpConnexion>.Récupère	1410091127	FTP Standard (syntaxe préfixée)	Transfère un fichier ou un répertoire d'un serveur FTP (File Transfer Protocol) sur le poste en cours.
<Variable ftpConnexion>.RécupèreFichier	1410091128	FTP Standard (syntaxe préfixée)	Transfère un fichier d'un serveur FTP (File Transfer Protocol) sur le poste en cours.
<Variable ftpConnexion>.RenommeFichier	1410091129	FTP Standard (syntaxe préfixée)	Renomme ou déplace un fichier présent sur un serveur FTP (File Transfer Protocol).
<Variable ftpConnexion>.RepCrée	1410091130	FTP Standard (syntaxe préfixée)	Crée un répertoire sur un serveur FTP (File Transfer Protocol).
<Variable ftpConnexion>.RepEnCours	1410091131	FTP Standard (syntaxe préfixée)	Identifie ou modifie le répertoire en cours sur un serveur FTP (File Transfer Protocol).
<Variable ftpConnexion>.RepExiste	1410091282	FTP Standard (syntaxe préfixée)	Permet de savoir si un répertoire existe sur un serveur FTP (File Transfer Protocol).
<Variable ftpConnexion>.RepSupprime	1410091132	FTP Standard (syntaxe préfixée)	Supprime un répertoire et son contenu (fichiers et sous-répertoires) d'un serveur FTP (File Transfer Protocol).
<Variable ftpConnexion>.SupprimeFichier	1410091133	FTP Standard (syntaxe préfixée)	Supprime un fichier d'un serveur FTP (File Transfer Protocol).
<Variable ftpConnexion>.Taille	1410091134	FTP Standard (syntaxe préfixée)	Renvoie la taille (en octets) d'un fichier présent sur un serveur FTP (File Transfer Protocol).
<Variable gglDrive>.CopieFichier	1410090350	gestion des drives : OneDrive, Google Drive, Dropbox (syntaxe préfixée)	Copie un fichier unique du disque distant vers un autre répertoire du disque distant.
<Variable gglDrive>.DéplaceFichier	1410090355	gestion des drives : OneDrive, Google Drive, Dropbox (syntaxe préfixée)	Déplace un fichier présent dans un répertoire d'un drive vers un autre répertoire de ce drive (disque distant).
<Variable gglDrive>.ListeFichierGgl	1410090360	gestion des drives : OneDrive, Google Drive, Dropbox (syntaxe préfixée)	Liste les fichiers de la suite Google (Google Docs, Google Sheets, etc.) présents dans un drive Google.
<Variable gglDrive>.RécupèreFichierGgl	1410090363	gestion des drives : OneDrive, Google Drive, Dropbox (syntaxe préfixée)	Récupère un document de la suite Google présent sur un Google Drive dans le format compatible souhaité.
<Variable gglDrive>.Renomme	1410090366	gestion des drives : OneDrive, Google Drive, Dropbox (syntaxe préfixée)	Renomme un fichier de la suite Google ou un répertoire présent dans un drive Google.
<Variable gglDrive>.SupprimeFichier	1410090367	gestion des drives : OneDrive, Google Drive, Dropbox (syntaxe préfixée)	Supprime un fichier de la suite Google à l'intérieur d'un drive Google.
<Variable htmlDocument>.ChercheElémentParBalise	1000026312	gestion des documents HTML (syntaxe préfixée)	Cherche les éléments d'un document HTML correspondant à une balise.
<Variable htmlDocument>.ChercheElémentParClasse	1000026314	gestion des documents HTML (syntaxe préfixée)	Cherche les éléments d'un document HTML pour lesquels l'attribut "class" correspond à une valeur spécifique.
<Variable htmlDocument>.ChercheElémentParID	1000026316	gestion des documents HTML (syntaxe préfixée)	Cherche l'élément d'un document HTML dont l'attribut "ID" correspond à une valeur spécifique.
<Variable htmlDocument>.ChercheElémentParNom	1000026318	gestion des documents HTML (syntaxe préfixée)	Cherche les éléments d'un document HTML dont l'attribut "name" correspond à une valeur spécifique.
<Variable htmlDocument>.ConstruitChaîne	1000026320	gestion des documents HTML (syntaxe préfixée)	Génère une chaîne de caractères au format UTF8 contenant un document HTML.
<Variable htmlDocument>.Sauve	1000026321	gestion des documents HTML (syntaxe préfixée)	Sauve le contenu d'une variable de type htmlDocument dans un fichier HTML.
<Variable htmlNoeud>.ChercheElémentParBalise	1000026313	gestion des documents HTML (syntaxe préfixée)	Cherche les éléments d'un noeud HTML correspondant à une balise.
<Variable htmlNoeud>.ChercheElémentParClasse	1000026315	gestion des documents HTML (syntaxe préfixée)	Cherche les éléments d'un noeud HTML pour lesquels l'attribut "class" correspond à une valeur spécifique.
<Variable htmlNoeud>.ChercheElémentParID	1000026317	gestion des documents HTML (syntaxe préfixée)	Cherche l'élément d'un noeud HTML dont l'attribut "ID" correspond à une valeur spécifique.
<Variable htmlNoeud>.ChercheElémentParNom	1000026319	gestion des documents HTML (syntaxe préfixée)	Cherche les éléments d'un noeud HTML dont l'attribut "name" correspond à une valeur spécifique.
<Variable htmlNoeud>.DésencadreTousLesFils	1410088108	gestion des documents HTML (syntaxe préfixée)	Supprime le noeud spécifié dans un document HTML sans supprimer ses fils, qui prennent sa place.
<Variable htmlNoeud>.Encadre	1410088117	gestion des documents HTML (syntaxe préfixée)	Encadre le noeud spécifié dans un noeud donné d'un document HTML.
<Variable htmlNoeud>.EncadreTousLesFils	1410088109	gestion des documents HTML (syntaxe préfixée)	Encadre tous les fils du noeud donné dans un nouveau noeud dans un document HTML.
<Variable htmlNoeud>.InsèreAprès	1410088110	gestion des documents HTML (syntaxe préfixée)	Ajoute un noeud après le noeud spécifié dans un document HTML.
<Variable htmlNoeud>.InsèreAvant	1410088111	gestion des documents HTML (syntaxe préfixée)	Ajoute un noeud avant le noeud spécifié dans un document HTML.
<Variable htmlNoeud>.InsèreDernierFils	1410088112	gestion des documents HTML (syntaxe préfixée)	Ajoute un fils après les fils du noeud courant dans un document HTML.
<Variable htmlNoeud>.InsèrePremierFils	1410088113	gestion des documents HTML (syntaxe préfixée)	Ajoute un fils au début des fils du noeud courant dans un document HTML.
<Variable htmlNoeud>.ModifieAttribut	1410088114	gestion des documents HTML (syntaxe préfixée)	Ajoute ou modifie un attribut du noeud courant du document HTML.
<Variable htmlNoeud>.Supprime	1410088115	gestion des documents HTML (syntaxe préfixée)	Supprime le noeud spécifié et son arborescence dans un document HTML.
<Variable htmlNoeud>.SupprimeAttribut	1410088118	gestion des documents HTML (syntaxe préfixée)	Supprime un attribut donné
<Variable htmlNoeud>.SupprimeFils	1410088116	gestion des documents HTML (syntaxe préfixée)	Supprime un noeud donné dans le noeud courant d'un document HTML.
<Variable httpRequête>.EnvoieAsynchrone	1410091297	HTTP (syntaxe préfixée)	Envoie une requête HTTP en mode asynchrone : le programme continue de s'exécuter et la réponse est traitée par une procédure spécifique.Attention : Ce
<Variable iaModèleRéseauDeNeurones>.Détecte	1410089809		
<Variable Image>.DessineTexteMarkdown	1410089254	dessin et de traitement des images (syntaxe préfixée)	Dessine un texte au format Markdown dans une variable de type Image.
<Variable Image>.Différence	1410091284	dessin et de traitement des images (syntaxe préfixée)	Calcule la différence entre deux images en renvoyant une image en niveaux de gris permettant de visualiser les différences ainsi qu'un pourcentage de 
<Variable Image>.Efface	1410090484	dessin et de traitement des images (syntaxe préfixée)	Efface le contenu d'une variable de type Image avec la couleur spécifiée.
<Variable Image>.Flou	1410089007	dessin et de traitement des images (syntaxe préfixée)	Floute la totalité d'une zone donnée dans une variable de type Image.
<Variable Image>.ModifieContraste	1410089004	dessin et de traitement des images (syntaxe préfixée)	Modifie le contraste d'une image contenue dans une variable de type Image.
<Variable Image>.Redresse	1410089482	dessin et de traitement des images (syntaxe préfixée)	Transforme une image en la déformant.
<Variable JSON>.VersChaîne	1410089810		
<Variable JSON>.VersXML	1410087332		
<Variable mongoBase>.Info	1000025396	MongoDB (syntaxe préfixée)	Renvoie des informations sur une base MongoDB.
<Variable mongoBase>.SupprimeBase	1000025399	MongoDB (syntaxe préfixée)	Supprime une base MongoDB et toutes ses collections.
<Variable mongoCollection>.Ajoute	1000025345	MongoDB (syntaxe préfixée)	Ajoute un ou plusieurs documents dans une collection d'une base MongoDB.
<Variable mongoCollection>.Cherche	1000025356	MongoDB (syntaxe préfixée)	Cherche des documents dans une collection MongoDB.
<Variable mongoCollection>.ExécuteLotOpérations	1410089633	MongoDB (syntaxe préfixée)	Effectue un ensemble d'opérations d'écriture MongoDB en lot. Il est ainsi possible d'éviter des latences réseau qui pourraient subvenir en effectuant 
<Variable mongoCollection>.ModifieTout	1000025397	MongoDB (syntaxe préfixée)	Modifie des documents dans une collection d'une base MongoDB.
<Variable mongoCollection>.ModifieUn	1000025398	MongoDB (syntaxe préfixée)	Modifie un document dans une collection d'une base MongoDB.
<Variable mongoCollection>.SupprimeCollection	1000025400	MongoDB (syntaxe préfixée)	Supprime une collection d'une base MongoDB.
<Variable mongoCollection>.SupprimeTout	1000025401	MongoDB (syntaxe préfixée)	Supprime tous les documents (correspondant au filtre spécifié) d'une collection d'une base MongoDB.
<Variable mongoCollection>.SupprimeUn	1000025402	MongoDB (syntaxe préfixée)	Supprime un document dans une collection d'une base MongoDB.
<Variable mongoGridFS>.EnvoieFichier	1000025357	MongoDB (syntaxe préfixée)	Copie un fichier du poste local vers un système de fichiers MongoDB (GridFS).
<Variable mongoGridFS>.ListeFichier	1000025358	MongoDB (syntaxe préfixée)	Récupère la liste des fichiers MongoDB présents dans le système de fichiers MongoDB (gridFS).
<Variable mongoGridFS>.RécupèreFichier	1000025391	MongoDB (syntaxe préfixée)	Récupère sur le poste local un fichier identifié par son nom et présent dans un système de fichiers MongoDB.
<Variable mongoGridFS>.RécupèreFichierParID	1000025392	MongoDB (syntaxe préfixée)	Récupère sur le poste local un fichier (identifié par son identifiant) présent dans un système de fichiers MongoDB.
<Variable mongoGridFS>.RécupèreInfoFichier	1000025393	MongoDB (syntaxe préfixée)	Permet de récupérer les informations concernant un fichier MongoDB (gridFS).
<Variable mongoGridFS>.SupprimeFichier	1000025394	MongoDB (syntaxe préfixée)	Supprime un fichier identifié par son nom dans un système de fichiers MongoDB.
<Variable mongoGridFS>.SupprimeFichierParID	1000025395	MongoDB (syntaxe préfixée)	Supprime un fichier identifié par son identifiant dans un système de fichiers MongoDB.
<Variable Notification>.Ajoute	1410090431	gestion du téléphone (syntaxe préfixée)	Ajoute une notification dans la barre système de l'appareil (Android) ou dans le centre de notification (iOS).
<Variable Notification>.Envoie	1410088028		
<Variable Notification>.EnvoiePush	1410090433	gestion du téléphone (syntaxe préfixée)	Envoie une notification push (distante) à un appareil mobile (iOS ou Android).
<Variable Notification>.EnvoiePushAbonné	1410090479	gestion du téléphone (syntaxe préfixée)	Envoie une notification push distante aux appareils Android abonnés d'un sujet.
<Variable Notification>.Modifie	1410090432	gestion du téléphone (syntaxe préfixée)	Modifie une notification actuellement affichée dans la barre système de l'appareil.
<Variable Notification>.Supprime	1410090434	gestion du téléphone (syntaxe préfixée)	Supprime une notification affichée dans la barre système de l'appareil.
<Variable Palette>.Charge	1410091000	Palette (syntaxe préfixée)	Charge une palette à partir d'un fichier de type ".wdPalette".
<Variable Palette>.Génère	1410091001	Palette (syntaxe préfixée)	Génère une palette à partir d'une couleur de base.
<Variable Palette>.Sauve	1410091002	Palette (syntaxe préfixée)	Sauve une palette dans un fichier.
<Variable pdfDocument>.AjouteFiligrane	1410087872	gestion des fichiers PDF (syntaxe préfixée)	Ajoute un filigrane sur toutes les pages d'un fichier PDF existant.
<Variable pdfDocument>.Extrait	1410090636		
<Variable pdfDocument>.ExtraitPage	1410090338	gestion des fichiers PDF (syntaxe préfixée)	Extrait une page d'un fichier PDF dans une variable de type Image.
<Variable pdfDocument>.NbSignature	1410088154	gestion des fichiers PDF (syntaxe préfixée)	Récupère le nombre de signatures dans un document PDF.
<Variable pdfDocument>.RécupèreDateSignature	1410088157	gestion des fichiers PDF (syntaxe préfixée)	Récupère la date de l'une des signatures d'un document PDF.
<Variable pdfDocument>.RécupèreSignature	1410088159	gestion des fichiers PDF (syntaxe préfixée)	Récupère la signature d'un document PDF sous forme d'un buffer.
<Variable pdfDocument>.Sauve	1410088160	gestion des fichiers PDF (syntaxe préfixée)	Sauve le contenu d'une variable de type pdfDocument dans un fichier ".PDF".
<Variable pdfDocument>.Signe	1410090339	gestion des fichiers PDF (syntaxe préfixée)	Applique une signature d'approbation sur un PDF existant.
<Variable pdfDocument>.VérifieSignatures	1410091037	gestion des fichiers PDF (syntaxe préfixée)	Vérifie la validité des signatures contenues dans un PDF.
<Variable pdfDocument>.VersTexte	1410090340	gestion des fichiers PDF (syntaxe préfixée)	Extrait le texte contenu dans un document PDF.
<Variable pdfPage>.AjouteFiligrane	1410087871	gestion des fichiers PDF (syntaxe préfixée)	Ajoute un filigrane sur une page d'un fichier PDF existant.
<Variable pdfPage>.AjouteImage	1410087875	gestion des fichiers PDF (syntaxe préfixée)	Ajoute une image dans une page d'un fichier PDF existant.
<Variable picCalque>.ChangeMode	1000024432	dessin et de traitement des images (syntaxe préfixée)	Change le mode de dessin utilisé par les fonctions de dessin (fonctions <Variable Image>.DessineLigne, <Variable Image>.DessineRectangle, ....).
<Variable picCalque>.DébutDessin	1000024470	dessin et de traitement des images (syntaxe préfixée)	Indique que les fonctions de dessin qui vont être utilisées sont destinées à la variable de type picCalque spécifiée.
<Variable picCalque>.DessineArc	1000024939	dessin et de traitement des images (syntaxe préfixée)	Dessine un arc de cercle ou un arc d'ellipse dans une variable de type picCalque.
<Variable picCalque>.DessineCercle	1000024940	dessin et de traitement des images (syntaxe préfixée)	Dessine un cercle ou une ellipse dans une variable de type picCalque.
<Variable picCalque>.DessineCorde	1000024469	dessin et de traitement des images (syntaxe préfixée)	Dessine une corde de cercle (intersection d'une ellipse et d'une droite) dans une variable de type picCalque.
<Variable picCalque>.DessineLigne	1000024495	dessin et de traitement des images (syntaxe préfixée)	Dessine une ligne dans une variable de type picCalque.
<Variable picCalque>.DessinePoint	1000024500	dessin et de traitement des images (syntaxe préfixée)	Dessine un point dans une variable de type picCalque.
<Variable picCalque>.DessinePolygone	1000024504	dessin et de traitement des images (syntaxe préfixée)	Dessine un polygone dans une variable de type picCalque.
<Variable picCalque>.DessinePolyligne	1000024557	dessin et de traitement des images (syntaxe préfixée)	Dessine une ligne composée de plusieurs segments.
<Variable picCalque>.DessinePortion	1000024561	dessin et de traitement des images (syntaxe préfixée)	Dessine une portion de cercle ou d'ellipse dans une variable de type picCalque.
<Variable picCalque>.DessineRectangle	1000024564	dessin et de traitement des images (syntaxe préfixée)	Dessine un rectangle dans une variable de type picCalque.
<Variable picCalque>.DessineRectangleArrondi	1000024565	dessin et de traitement des images (syntaxe préfixée)	Dessine un rectangle arrondi dans une variable de type picCalque.
<Variable picCalque>.DessineRectangleDégradé	1000024581	dessin et de traitement des images (syntaxe préfixée)	Dessine un rectangle dans une variable de type picCalque.
<Variable picCalque>.DessineTexte	1000024657	dessin et de traitement des images (syntaxe préfixée)	Dessine un texte dans une variable de type picCalque.
<Variable picCalque>.DessineTexteMarkdown	1410089255	dessin et de traitement des images (syntaxe préfixée)	Dessine un texte au format Markdown dans une variable de type picCalque.
<Variable picCalque>.DessineTexteRTF	1000024862	dessin et de traitement des images (syntaxe préfixée)	Dessine un texte RTF dans une variable de type picCalque.
<Variable picCalque>.Différence	1410091286	dessin et de traitement des images (syntaxe préfixée)	Calcule la différence entre deux images en renvoyant une image en niveaux de gris permettant de visualiser les différences ainsi qu'un pourcentage de 
<Variable picCalque>.FinDessin	1000024473	dessin et de traitement des images (syntaxe préfixée)	Efface tous les dessins réalisés depuis l'exécution de la fonction <Variable picCalque>.DébutDessin.
<Variable picCalque>.Flou	1410089009	dessin et de traitement des images (syntaxe préfixée)	Floute la totalité d'une zone donnée dans une variable de type picCalque.
<Variable picCalque>.Fond	1000024480	dessin et de traitement des images (syntaxe préfixée)	Déclare la couleur de fond par défaut des rectangles, des cercles, ... utilisés dans une variable de type picCalque.
<Variable picCalque>.Fusionne	1000024491	dessin et de traitement des images (syntaxe préfixée)	Fusionne une image dans une autre image. Il est ainsi possible de créer des effets de fondu entre 2 images.
<Variable picCalque>.InverseCouleur	1000024492	dessin et de traitement des images (syntaxe préfixée)	Inverse les couleurs d'une variable de type picCalque.
<Variable picCalque>.PixelCouleur	1000024496	dessin et de traitement des images (syntaxe préfixée)	Identifie la couleur d'un pixel contenu dans une variable de type picCalque.
<Variable picCalque>.PixelOpacité	1000024499	dessin et de traitement des images (syntaxe préfixée)	Identifie l'opacité d'un pixel d'une image de type picCalque gérant la couche Alpha.
<Variable picCalque>.Police	1000024503	dessin et de traitement des images (syntaxe préfixée)	Déclare la police de caractères qui sera utilisée par la fonction <Image>.DessineTexte dans une variable de type picCalque.
<Variable picCalque>.Redimensionne	1000024582	dessin et de traitement des images (syntaxe préfixée)	Redimensionne une image contenue dans une variable de type picCalque.
<Variable picCalque>.Redresse	1410089483	dessin et de traitement des images (syntaxe préfixée)	Transforme une image en la déformant.
<Variable picCalque>.Remplissage	1000024588	dessin et de traitement des images (syntaxe préfixée)	Colorie une zone dans une variable de type picCalque.
<Variable picCalque>.Rotation	1000024590	dessin et de traitement des images (syntaxe préfixée)	Effectue une rotation d'une image contenue dans une variable de type picCalque.
<Variable picCalque>.SymétrieHorizontale	1000024639	dessin et de traitement des images (syntaxe préfixée)	Retourne une image contenue dans une variable de type picCalque par rapport à un axe horizontal (symétrie par rapport à un axe horizontal).
<Variable picCalque>.SymétrieVerticale	1000024642	dessin et de traitement des images (syntaxe préfixée)	Retourne l'image contenue dans une variable de type picCalque par rapport à un axe vertical (symétrie par rapport à un axe vertical).
<Variable picCaqlue>.Stylo	1000024637	dessin et de traitement des images (syntaxe préfixée)	Déclare la couleur et le style par défaut du tracé des traits, des rectangles, des cercles, ... contenus dans une variable de type picCalque.
<Variable Polygone2D>.Aire	1410090517	gestion des données spatiales (syntaxe préfixée)	Calcule l'aire d'un polygone en 2 dimensions.
<Variable Polygone2D>.Chevauche	1410090519	gestion des données spatiales (syntaxe préfixée)	Permet de savoir si un polygone en 2 dimensions chevauche une autre géométrie.
<Variable Polygone2D>.Contient	1410090522	gestion des données spatiales (syntaxe préfixée)	Permet de savoir si une géométrie A de type polygone en 2 dimensions contient une géométrie B.
<Variable Polygone2D>.Corrige	1410090523	gestion des données spatiales (syntaxe préfixée)	Permet d'obtenir une version corrigée du polygone en 2 dimensions spécifié.
<Variable Polygone2D>.Couvre	1410090526	gestion des données spatiales (syntaxe préfixée)	Permet de savoir si une géométrie A de type polygone en 2 dimensions couvre une géométrie B.
<Variable Polygone2D>.Croise	1410090527	gestion des données spatiales (syntaxe préfixée)	Permet de savoir si un polygone en 2 dimensions croise une autre géométrie.
<Variable Polygone2D>.Différence	1410090530	gestion des données spatiales (syntaxe préfixée)	Renvoie la géométrie correspondant à la différence entre un polygone en 2 dimensions et une autre géométrie.
<Variable Polygone2D>.DifférenceSymétrique	1410090531	gestion des données spatiales (syntaxe préfixée)	Calcule la différence symétrique entre un polygone en 2 dimensions et une autre géométrie.
<Variable Polygone2D>.Disjoint	1410090563	gestion des données spatiales (syntaxe préfixée)	Permet de savoir si deux géométries sont disjointes, c'est-à-dire si leur intersection est vide.
<Variable Polygone2D>.Distance	1410090566	gestion des données spatiales (syntaxe préfixée)	Calcule la distance entre un polygone en 2 dimensions et une autre géométrie.
<Variable Polygone2D>.Egale	1410090567	gestion des données spatiales (syntaxe préfixée)	Permet de savoir si deux géométries sont spatialement égales, c'est-à-dire si la première géométrie est incluse dans la seconde, et si la seconde est 
<Variable Polygone2D>.EnveloppeConvexe	1410090588	gestion des données spatiales (syntaxe préfixée)	Calcule l'enveloppe convexe du polygone en 2 dimensions spécifié.
<Variable Polygone2D>.EstContenu	1410090571	gestion des données spatiales (syntaxe préfixée)	Permet de savoir si la géométrie A (de type polygone en 2 dimensions) est complètement contenue dans la géométrie B (c'est-à-dire que la géométrie B c
<Variable Polygone2D>.EstCouvert	1410090572	gestion des données spatiales (syntaxe préfixée)	Permet de savoir si tout point de la géométrie A (de type polygone en 2 dimensions) se trouve à l'intérieur ou dans le contour de la géométrie B.
<Variable Polygone2D>.EstValide	1410090575	gestion des données spatiales (syntaxe préfixée)	Vérifie si le polygone en 2 dimensions spécifié est valide au sens de la norme OGC.
<Variable Polygone2D>.Intersecte	1410090576	gestion des données spatiales (syntaxe préfixée)	Vérifie si une géométrie de type polygone en 2 dimensions et une géométrie quelconque ont une intersection non vide.
<Variable Polygone2D>.Intersection	1410090579	gestion des données spatiales (syntaxe préfixée)	Renvoie la géométrie correspondant à l'intersection d'un polygone en 2 dimensions avec une autre géométrie.
<Variable Polygone2D>.Périmètre	1410090580	gestion des données spatiales (syntaxe préfixée)	Calcule le périmètre d'un polygone en 2 dimensions.
<Variable Polygone2D>.SérialiseWKT	1410090583	gestion des données spatiales (syntaxe préfixée)	Sérialise un polygone en 2 dimensions au format Well Known Text (WKT).
<Variable Polygone2D>.Touche	1410090584	gestion des données spatiales (syntaxe préfixée)	Permet de savoir si un polygone en 2 dimensions touche une autre géométrie.
<Variable Polygone2D>.Union	1410090587	gestion des données spatiales (syntaxe préfixée)	Renvoie la géométrie correspondant à l'union entre un polygone en 2 dimensions et une autre géométrie.
<Variable PolygoneGéo>.Aire	1410090518	gestion des données spatiales (syntaxe préfixée)	Calcule l'aire d'un polygone en coordonnées géographiques.
<Variable PolygoneGéo>.Chevauche	1410090520	gestion des données spatiales (syntaxe préfixée)	Permet de savoir si un polygone en coordonnées géographiques chevauche une autre géométrie.
<Variable PolygoneGéo>.Contient	1410090521	gestion des données spatiales (syntaxe préfixée)	Permet de savoir si une géométrie A de type polygone géographique contient une géométrie B.
<Variable PolygoneGéo>.Corrige	1410090524	gestion des données spatiales (syntaxe préfixée)	Permet d'obtenir une version corrigée du polygone géographique spécifié.
<Variable PolygoneGéo>.Couvre	1410090525	gestion des données spatiales (syntaxe préfixée)	Permet de savoir si une géométrie A de type polygone géographique couvre une géométrie B.
<Variable PolygoneGéo>.Croise	1410090528	gestion des données spatiales (syntaxe préfixée)	Permet de savoir si un polygone géographique croise une autre géométrie.
<Variable PolygoneGéo>.Différence	1410090529	gestion des données spatiales (syntaxe préfixée)	Renvoie la géométrie correspondant à la différence entre un polygone géographique et une autre géométrie.
<Variable PolygoneGéo>.DifférenceSymétrique	1410090532	gestion des données spatiales (syntaxe préfixée)	Calcule la différence symétrique entre un polygone géographique et une autre géométrie.
<Variable PolygoneGéo>.Disjoint	1410090564	gestion des données spatiales (syntaxe préfixée)	Permet de savoir si deux géométries sont disjointes, c'est-à-dire si leur intersection est vide.
<Variable PolygoneGéo>.Distance	1410090565	gestion des données spatiales (syntaxe préfixée)	Calcule la distance entre un polygone géographique et une autre géométrie.
<Variable PolygoneGéo>.Egale	1410090568	gestion des données spatiales (syntaxe préfixée)	Permet de savoir si deux géométries sont spatialement égales, c'est-à-dire si la première géométrie est incluse dans la seconde, et si la seconde est 
<Variable PolygoneGéo>.EnveloppeConvexe	1410090569	gestion des données spatiales (syntaxe préfixée)	Calcule l'enveloppe convexe du polygone géographique spécifié.
<Variable PolygoneGéo>.EstContenu	1410090570	gestion des données spatiales (syntaxe préfixée)	Permet de savoir si la géométrie A (de type polygone géographique) est complètement contenue dans la géométrie B (c'est-à-dire que la géométrie B cont
<Variable PolygoneGéo>.EstCouvert	1410090573	gestion des données spatiales (syntaxe préfixée)	Permet de savoir si tout point de la géométrie A (de type polygone géographique) se trouve à l'intérieur ou dans le contour de la géométrie B.
<Variable PolygoneGéo>.EstValide	1410090574	gestion des données spatiales (syntaxe préfixée)	Vérifie si le polygone géographique spécifié est valide au sens de la norme OGC.
<Variable PolygoneGéo>.Intersecte	1410090577	gestion des données spatiales (syntaxe préfixée)	Vérifie si une géométrie de type polygone géographique et une géométrie quelconque ont une intersection non vide.
<Variable PolygoneGéo>.Intersection	1410090578	gestion des données spatiales (syntaxe préfixée)	Renvoie la géométrie correspondant à l'intersection d'un polygone géographique avec une autre géométrie.
<Variable PolygoneGéo>.Périmètre	1410090581	gestion des données spatiales (syntaxe préfixée)	Calcule le périmètre d'un polygone géographique.
<Variable PolygoneGéo>.SérialiseWKT	1410090582	gestion des données spatiales (syntaxe préfixée)	Sérialise un polygone géographique au format Well Known Text (WKT).
<Variable PolygoneGéo>.Touche	1410090585	gestion des données spatiales (syntaxe préfixée)	Permet de savoir si un polygone géographique touche une autre géométrie.
<Variable PolygoneGéo>.Union	1410090586	gestion des données spatiales (syntaxe préfixée)	Renvoie la géométrie correspondant à l'union entre un polygone géographique et une autre géométrie.
<Variable Polyligne2D>.AjoutePoint	1410090485	gestion des données spatiales (syntaxe préfixée)	Ajoute un nouveau point dans une polyligne en 2 dimensions (polyligne géométrique).
<Variable PolyligneGéo>.AjoutePoint	1410090486	gestion des données spatiales (syntaxe préfixée)	Ajoute un nouveau point dans une polyligne géographique.
<Variable redisConnexion>.Déconnecte	1410090488	gestion d'une base Big Data Redis (syntaxe préfixée)	Force la fermeture de la connexion vers un serveur Redis (ou un cluster Redis).
<Variable restRequête>.Envoie	1410089811	HTTP (syntaxe préfixée)	Envoie une requête REST et attend la réponse du serveur.
<Variable Scanneur>.AvecInterfaceUtilisateur	1410087860	gestion des scanneurs (syntaxe préfixée)	Enregistre un document provenant d'un scanneur dans un ou plusieurs fichiers, en utilisant l'interface utilisateur du scanneur.
<Variable Scanneur>.Capacité	1410088721	gestion des scanneurs (syntaxe préfixée)	Permet de savoir si un scanneur possède une capacité donnée.
<Variable Scanneur>.Propriété	1410087863	gestion des scanneurs (syntaxe préfixée)	Permet de connaître ou de modifier les caractéristiques d'un scanneur.
<Variable Scanneur>.VersImage	1410087864	gestion des scanneurs (syntaxe préfixée)	Récupère un document provenant d'un scanneur dans une variable de type Image.
<Variable Scanneur>.VersPDF	1410087866	gestion des scanneurs (syntaxe préfixée)	Enregistre un document provenant d'un scanneur dans un fichier PDF.
<Variable sshSession>.Commande	1410091176	SSH (syntaxe préfixée)	Envoie une commande à un serveur SSH. La session est ouverte et refermée automatiquement après l'envoi de la commande.
<Variable sshSession>.ConnecteCommande	1410091177	SSH (syntaxe préfixée)	Permet de conserver la session SSH active entre plusieurs envois de commandes (via la fonction <Variable sshSession>.Commande) à un serveur SSH.
<Variable sshSession>.DéconnecteCommande	1410091178	SSH (syntaxe préfixée)	Permet d'arrêter la session SSH qui était active pour permettre l'envoi groupé de plusieurs commandes.
<Variable sshSession>.SCPEnvoieFichier	1410089494		
<Variable sshSession>.SCPRécupèreFichier	1410089493		
<Variable sysNotificationJauge>.Maj	1410091057		
<Variable TâcheParallèle>.Exécute	1000021667	gestion des tâches parallèles (syntaxe préfixée)	Déclenche l'exécution d'une tâche parallèle.
<Variable TâcheParallèle>.ExécuteAprès	1000021668	gestion des tâches parallèles (syntaxe préfixée)	Indique une tâche parallèle de continuation qui sera exécutée lorsque la tâche parallèle spécifiée sera terminée.
<Variable Thread>.Attend	1000024880	gestion des threads (syntaxe préfixée)	Attend la fin de l'exécution du thread désigné.
<Variable WDPic>.ChangeMode	1000024405	dessin et de traitement des images (syntaxe préfixée)	Change le mode de dessin utilisé par les fonctions de dessin (fonctions <Variable Image>.DessineLigne, <Variable Image>.DessineRectangle, ....).
<Variable WDPic>.DébutDessin	1000024471	dessin et de traitement des images (syntaxe préfixée)	Indique que les fonctions de dessin qui vont être utilisées sont destinées à la variable de type WDPic spécifiée.
<Variable WDPic>.DessineArc	1000024387	dessin et de traitement des images (syntaxe préfixée)	Dessine un arc de cercle ou un arc d'ellipse dans une variable de type WDPic.
<Variable WDPic>.DessineCercle	1000024388	dessin et de traitement des images (syntaxe préfixée)	Dessine un cercle ou une ellipse dans une variable de type WDPic.
<Variable WDPic>.DessineCorde	1000024468	dessin et de traitement des images (syntaxe préfixée)	Dessine une corde de cercle (intersection d'une ellipse et d'une droite) dans une variable de type WDPic.
<Variable WDPic>.DessineLigne	1000024494	dessin et de traitement des images (syntaxe préfixée)	Dessine une ligne dans une variable de type WDPic.
<Variable WDPic>.DessinePoint	1000024501	dessin et de traitement des images (syntaxe préfixée)	Dessine un point dans une variable de type WDPic.
<Variable WDPic>.DessinePolygone	1000024521	dessin et de traitement des images (syntaxe préfixée)	Dessine un polygone dans une variable de type WDPic.
<Variable WDPic>.DessinePolyligne	1000024522	dessin et de traitement des images (syntaxe préfixée)	Dessine une ligne composée de plusieurs segments.
<Variable WDPic>.DessinePortion	1000024562	dessin et de traitement des images (syntaxe préfixée)	Dessine une portion de cercle ou d'ellipse dans une variable de type WDPic.
<Variable WDPic>.DessineRectangle	1000024563	dessin et de traitement des images (syntaxe préfixée)	Dessine un rectangle dans une variable de type WDPic.
<Variable WDPic>.DessineRectangleArrondi	1000024566	dessin et de traitement des images (syntaxe préfixée)	Dessine un rectangle arrondi dans une variable de type WDPic.
<Variable WDPic>.DessineRectangleDégradé	1000024567	dessin et de traitement des images (syntaxe préfixée)	Dessine un rectangle dans une variable de type WDPic.
<Variable WDPic>.DessineTexte	1000024676	dessin et de traitement des images (syntaxe préfixée)	Dessine un texte dans une variable de type WDPic.
<Variable WDPic>.DessineTexteMarkdown	1410089256	dessin et de traitement des images (syntaxe préfixée)	Dessine un texte au format Markdown dans une variable de type WDPic.
<Variable WDPic>.DessineTexteRTF	1000024757	dessin et de traitement des images (syntaxe préfixée)	Dessine un texte RTF dans une variable de type WDPic.
<Variable WDPic>.Différence	1410091285	dessin et de traitement des images (syntaxe préfixée)	Calcule la différence entre deux images en renvoyant une image en niveaux de gris permettant de visualiser les différences ainsi qu'un pourcentage de 
<Variable WDPic>.FinDessin	1000024472	dessin et de traitement des images (syntaxe préfixée)	Efface tous les dessins réalisés depuis l'exécution de la fonction <Variable picCalque>.DébutDessin.
<Variable WDPic>.Flou	1410089008	dessin et de traitement des images (syntaxe préfixée)	Floute la totalité d'une zone donnée dans une variable de type WDPic (sur le calque d'arrière-plan).
<Variable WDPic>.Fond	1000024481	dessin et de traitement des images (syntaxe préfixée)	Déclare la couleur de fond par défaut des rectangles, des cercles, ... utilisés dans une variable de type WDPic.
<Variable WDPic>.Fusionne	1000024482	dessin et de traitement des images (syntaxe préfixée)	Fusionne une image dans une autre image. Il est ainsi possible de créer des effets de fondu entre 2 images.
<Variable WDPic>.FusionneCalque	1000024866	gestion du champ Editeur d'images et des variables WDPic (syntaxe préfixée)	Fusionne les calques d'une image au format WDPic.
<Variable WDPic>.InverseCouleur	1000024493	dessin et de traitement des images (syntaxe préfixée)	Inverse les couleurs d'une variable de type WDPic.
<Variable WDPic>.PixelCouleur	1000024497	dessin et de traitement des images (syntaxe préfixée)	Identifie la couleur d'un pixel contenu dans une variable de type WDPic.
<Variable WDPic>.PixelOpacité	1000024498	dessin et de traitement des images (syntaxe préfixée)	Identifie l'opacité d'un pixel d'une image de type WDPic gérant la couche Alpha.
<Variable WDPic>.Police	1000024502	dessin et de traitement des images (syntaxe préfixée)	Déclare la police de caractères qui sera utilisée par la fonction <Image>.DessineTexte dans une variable de type WDPic.
<Variable WDPic>.Redimensionne	1000024920	gestion du champ Editeur d'images et des variables WDPic (syntaxe préfixée)	Redimensionne une image au format WDPic.
<Variable WDPic>.Remplissage	1000024589	dessin et de traitement des images (syntaxe préfixée)	Colorie une zone dans une variable de type WDPic.
<Variable WDPic>.Rotation	1000024922	gestion du champ Editeur d'images et des variables WDPic (syntaxe préfixée)	Effectue une rotation d'une image au format WDPic.
<Variable WDPic>.Sauve	1000024923	gestion du champ Editeur d'images et des variables WDPic (syntaxe préfixée)	Sauve l'image présente dans une variable de type WDPic.
<Variable WDPic>.Stylo	1000024636	dessin et de traitement des images (syntaxe préfixée)	Déclare la couleur et le style par défaut du tracé des traits, des rectangles, des cercles, ... contenus dans une variable de type WDPic.
<Variable WDPic>.SymétrieHorizontale	1000024640	dessin et de traitement des images (syntaxe préfixée)	Retourne une image contenue dans une variable de type WDPic par rapport à un axe horizontal (symétrie par rapport à un axe horizontal).
<Variable WDPic>.SymétrieVerticale	1000024641	dessin et de traitement des images (syntaxe préfixée)	Retourne l'image contenue dans une variable de type WDPic (sur le calque d'arrière-plan) par rapport à un axe vertical (symétrie par rapport à un axe 
<Variable websocketClient>.Déconnecte	1000026067	WebSocket (syntaxe préfixée)	Déconnecte un client actuellement connecté sur un serveur de WebSocket.
<Variable websocketClient>.Envoie	1000026068	WebSocket (syntaxe préfixée)	Envoie un message pour un client du serveur de WebSocket.
<Variable websocketClient>.Exécute	1000026113	WebSocket (syntaxe préfixée)	Exécute une procédure globale dans le contexte d'un client connecté au serveur de WebSocket.
<Variable xlsDocument>.DéfusionneCellule	1410089571	gestion des fichiers XLS (syntaxe préfixée)	Supprime la fusion de la cellule spécifiée.
<Variable xlsDocument>.FusionneCellule	1410089568	gestion des fichiers XLS (syntaxe préfixée)	Fusionne les cellules spécifiées dans un document Excel.
<Variable xlsDocument>.RecalculeTout	1410089739	gestion des fichiers XLS (syntaxe préfixée)	Recalcule toutes les formules d'un document Excel au format XLSX.
<Variable xlsDocument>.RécupèreFusion	1410089569	gestion des fichiers XLS (syntaxe préfixée)	Permet de savoir si une cellule est fusionnée avec d'autres cellules et d'obtenir la plage des cellules fusionnées correspondante.
<Variable zipArchive>.ChangeChemin	1000026329	archivage (gestion des ZIP, WDZ, CAB, RAR, 7z, TAR, gzip, ...) (syntaxe préfixée)	Modifie le chemin mémorisé d'un fichier d'une archive (au format ZIP, WDZ ou 7z).
<Variable zipArchive>.ChercheFichier	1000026330	archivage (gestion des ZIP, WDZ, CAB, RAR, 7z, TAR, gzip, ...) (syntaxe préfixée)	Recherche un fichier dans une archive (au format CAB, ZIP, RAR, WDZ, 7z, gzip, TAR ou TGZ (TAR.GZ)).
<Variable zipArchive>.DébutAjoutFichier	1410091280	archivage (gestion des ZIP, WDZ, CAB, RAR, 7z, TAR, gzip, ...) (syntaxe préfixée)	Débute une série d'ajouts optimisés de fichiers dans une archive de type CAB, ZIP, WDZ, 7z, TAR, gzip ou TGZ (TAR.GZ).
<Variable zipArchive>.Existe	1000026332	archivage (gestion des ZIP, WDZ, CAB, RAR, 7z, TAR, gzip, ...) (syntaxe préfixée)	Permet de savoir si une archive existe.
<Variable zipArchive>.ExtraitRépertoire	1000025755	archivage (gestion des ZIP, WDZ, CAB, RAR, 7z, TAR, gzip, ...) (syntaxe préfixée)	Extrait et décompresse automatiquement les fichiers présents dans un répertoire de l'arborescence des fichiers d'une archive vers un emplacement physi
<Variable zipArchive>.FinAjoutFichier	1410091281	archivage (gestion des ZIP, WDZ, CAB, RAR, 7z, TAR, gzip, ...) (syntaxe préfixée)	Termine une série d'ajouts optimisés de fichiers dans une archive.
<VisiteGuidée>.Arrête	1410090323		
<VisiteGuidée>.ChangeEtape	1410090324		
<VisiteGuidée>.Démarre	1410090325		
<VisiteGuidée>.Info	1410090326		
<xmlDocument>.VersJSON	1410087334	XML (syntaxe préfixée)	Convertit une chaîne de caractères au format XML en une chaîne de caractères au format JSON.
<xmlNoeud>.VersJSON	1410087333	XML (syntaxe préfixée)	Convertit une chaîne de caractères au format XML en une chaîne de caractères au format JSON.
<zipArchive>.SélectionFichier	1000026294	archivage (gestion des ZIP, WDZ, CAB, RAR, 7z, TAR, gzip, ...) (syntaxe préfixée)	Définit une sélection des fichiers contenus dans l'archive.
<Zone répétée>.AjouteDébut	1410090639	gestion des champs Zone répétée (syntaxe préfixée)	Ajoute une répétition (ou ligne) au début d'un champ Zone répétée infinie. La répétition est insérée avant la première répétition du champ Zone répété
<Zone répétée>.AjouteFIDébut	1410090640	gestion des champs Zone répétée (syntaxe préfixée)	Ajoute une répétition (ou une ligne) constituée par une fenêtre interne en première répétition d'un champ Zone Répétée infinie. La répétition est insé
<Zone répétée>.AjoutePI	1410089490	gestion des champs Zone répétée (syntaxe préfixée)	Ajoute une répétition sous forme d'une page interne à la fin d'un champ Zone répétée par programmation.
<Zone répétée>.InsèrePI	1410089491	gestion des champs Zone répétée (syntaxe préfixée)	Insère une répétition sous forme d'une page interne dans un champ Zone répétée par programmation.
<Zone répétée>.ModifiePI	1410089492	gestion des champs Zone répétée (syntaxe préfixée)	Modifie une répétition correspondant à une page interne dans un champ Zone répétée par programmation.
AccessibilitéLecteurEcranActif	1410090330		
ActionRapideAjoute	1410090053	Action rapide	Ajoute une nouvelle action rapide à l'application.
ActionRapideEpingle	1410090069	Action rapide	Demande à épingler une action rapide.
ActionRapideListe	1410090067	Action rapide	Liste les actions rapides de l'application.
ActionRapideSupprime	1410090064	Action rapide	Supprime une action rapide de l'application.
ActionRapideSupprimeTout	1410090068	Action rapide	Supprime toutes les actions rapides de l'application. Les actions rapides épinglées sur l'écran d'accueil seront désactivées (mais pas supprimées).
AdminWBCréeCompte	1410089450	pilotage du Serveur d'application WEBDEV	Crée un compte WEBDEV sur un Serveur d'application WEBDEV.
AdminWBDéconnecte	1410089343	pilotage du Serveur d'application WEBDEV	Supprime une connexion sur un Serveur d'application WEBDEV.
AdminWBListeApplication	1410089996	pilotage du Serveur d'application WEBDEV	Renvoie la liste des applications WEBDEV d'un serveur d'application, pour un compte donnée, et pour un type donné.
AdminWBListeCompte	1410089449	pilotage du Serveur d'application WEBDEV	Renvoie la liste des comptes WEBDEV sur un Serveur d'application WEBDEV.
AdminWBListeConnexion	1410089342	pilotage du Serveur d'application WEBDEV	Renvoie la liste des connexions en cours sur un Serveur d'application WEBDEV.
AdminWBModifieCompte	1410089471	pilotage du Serveur d'application WEBDEV	Modifie les caractéristiques d'un compte WEBDEV sur un Serveur d'application WEBDEV.
AdminWBSupprimeApplication	1410089999	pilotage du Serveur d'application WEBDEV	Supprime une application du serveur d'application WEBDEV.
AdminWBSupprimeCompte	1410089472	pilotage du Serveur d'application WEBDEV	Supprime un compte WEBDEV sur un Serveur d'application WEBDEV.
AfficheLicence	1410090236	gestion du téléphone	Affiche la licence du framework WINDEV Mobile ou des librairies du framework dans une nouvelle fenêtre.
Agrège	1000024744	Tableau	Exécute une opération d'agrégation sur chaque élément d'un tableau WLangage.
Allemagne.VérifieIdNr	1410089244	gestion des identifiants administratifs	Teste la validité d'un numéro IdNr (numéro d'identification personnel en Allemagne).
Allemagne.VérifieNuméroFiscal	1410090227	gestion des identifiants administratifs	Teste la validité d'un numéro fiscal en Allemagne.Cette fonction est disponible en code navigateur à partir de la version 2026 Update 1.
Allemagne.VérifieUStIdNr	1410089248	gestion des identifiants administratifs	Teste la validité d'un numéro UStIdNr (numéro d'identification d'entreprise en Allemagne).
AndroidActivityResultProcédure	1410088881	gestion du téléphone	Permet de spécifier la procédure à appeler pour récupérer le résultat renvoyé par une Activity tierce.
AppelAJAXEnCours	1000025871	diverses WINDEV	Permet de savoir si la requête en cours de traitement est une requête AJAX.
AppleIdentifiantPublicitaire	1410087936	gestion du téléphone	Renvoie l'identifiant publicitaire de l'appareil (iOS uniquement).
AppleSignIn	1000025404	gestion du téléphone	Permet d'effectuer une authentification par "Connexion avec Apple" sur le matériel iOS 13 et plus.
AppleTrackingDemandeAutorisationAsynchrone	1410087935	gestion du téléphone	Affiche la demande de permission concernant le suivi de l'activité de l'utilisateur.
AppleTrackingEtatAutorisation	1410087934	gestion du téléphone	Permet de savoir si l'application est autorisée à réaliser un suivi d'activité sur les données de l'utilisateur (iOS uniquement).
AppliDétecteMAJDisponible	1410087705	Mises à jour d'applications	Désactive ou personnalise la détection des mises à jour disponibles.
Applique	1000024856	Tableau	Exécute une procédure pour chaque élément d'un tableau WLangage.
ArrondiAuMultiple	1410088706	Mathématiques	Renvoie la valeur arrondie d'une valeur numérique au multiple le plus proche d'une autre valeur numérique.
AuthDéconnecte	1410090538	gestion des protocoles OAuth et OpenID	Déconnecte un utilisateur précédemment authentifié via :le protocole OAuth 2.0 sur un service Web quelconque.le protocole OpenID sur un service Web qu
AuthImporteToken	1410089557	gestion des protocoles OAuth et OpenID	Crée un token d'accès à un webservice à partir d'une description de token au format JSON.
AuthIntrospecteToken	1410090841	gestion des protocoles OAuth et OpenID	Introspecte un token OAuth.
AuthRécupèreInfoUtilisateur	1410090919	gestion des protocoles OAuth et OpenID	Récupère les informations concernant un utilisateur à partir d'un jeton d'accès (access token).
AuthRenouvelleToken	1000026168	gestion des protocoles OAuth et OpenID	Renouvelle un token OAuth2 d'un utilisateur si ce token est expiré.
AuthRévoqueToken	1410090634	gestion des protocoles OAuth et OpenID	Révoque un token JWT.
AuthVérifieAuthentification	1410090756	gestion des protocoles OAuth et OpenID	Vérifie la validité du token de l'utilisateur courant dans le cas d'une authentification SSO.
AvertissementAsynchrone	1000025270	Boîtes de dialogue	Affiche un message personnalisé dans une fenêtre d'avertissement système non bloquante.
Belgique.VérifieBCE	1410089348	gestion des identifiants administratifs	Teste la validité d'un numéro BCE (numéro Banque-Carrefour des Entreprises de Belgique servant à identifier une entreprise).
Belgique.VérifieNISS	1410089349	gestion des identifiants administratifs	Teste la validité d'un numéro NISS (numéro d'identification de la sécurité sociale de Belgique).
Belgique.VérifieNuméroFiscal	1410090223	gestion des identifiants administratifs	Teste la validité d'un numéro fiscal en Belgique.Cette fonction est disponible en code navigateur à partir de la version 2026 Update 1.
Belgique.VérifieUE	1410089350	gestion des identifiants administratifs	Teste la validité d'un numéro UE (numéro d'unité d'établissement identifiant un établissement d'une entreprise en Belgique).
BitcoinAdresseValide	1410088858	BitcoinCore	Vérifie si une adresse d'un portefeuille Bitcoin est valide.
BitcoinCoreConnexionOccurrence	1410090772	BitcoinCore	Renvoie le nombre de pairs connectés.
BitcoinCoreDateHeureDernierBloc	1410090322	BitcoinCore	Renvoie la date et l'heure de création du dernier bloc.
BitcoinCoreDateHeureDernierLancement	1410090771	BitcoinCore	Renvoie la date et l'heure du dernier lancement du logiciel Bitcoin Core.
BitcoinCoreDifficulté	1410086761	BitcoinCore	Renvoie la difficulté courante du réseau.
BitcoinCoreEspaceDisqueUtilisé	1410090773	BitcoinCore	Indique la taille sur disque de la blockchain.
BitcoinCoreHashBloc	1410090774	BitcoinCore	Renvoie le hash d’un bloc identifié par son indice.
BitcoinCoreNombreBloc	1410090321	BitcoinCore	Renvoie la taille de la chaîne de blocs connue par le noeud Bitcoin (c'est-à-dire le nombre de blocs créés depuis le 3 janvier 2009). Il est ainsi pos
BitcoinCoreNombreHashParSeconde	1410090319	BitcoinCore	Renvoie le nombre de fois où la fonction sha256 a du être calculée par secondes pour calculer le dernier bloc. Ce nombre correspond à une preuve de tr
BitcoinCoreParamètre	1410090320	BitcoinCore	Indique les paramètres de connexion au serveur Bitcoin Core, afin d'utiliser les fonctions BitcoinCoreXXXX.
BitcoinCoreTauxHash	1410086762	BitcoinCore	Calcule le "taux de hash" (hashrate) actuel nécessaire pour créer de nouveaux blocs.
BoutonSegmentéAjoute	1410090834	Bouton segmenté	Ajoute une nouvelle option (c'est-à-dire un nouveau bouton) dans un champ Bouton segmenté.
BoutonSegmentéInsère	1410090835	Bouton segmenté	Insère une nouvelle option dans un champ Bouton segmenté.
BoutonSegmentéSupprime	1410090836	Bouton segmenté	Supprime une option dans un champ Bouton segmenté.
BoutonSegmentéSupprimeTout	1410090837	Bouton segmenté	Supprime toutes les options d'un champ Bouton segmenté.
Brésil.VérifieCNPJ	1410089249	gestion des identifiants administratifs	Teste la validité d'un numéro CNPJ (numéro d'identification d'entreprise au Brésil).
Brésil.VérifieCPF	1410089245	gestion des identifiants administratifs	Teste la validité d'un numéro CPF (numéro d'identification personnel au Brésil).
Brésil.VérifieNuméroFiscal	1410090228	gestion des identifiants administratifs	Teste la validité d'un numéro fiscal au Brésil.Cette fonction est disponible en code navigateur à partir de la version 2026 Update 1.
BTLEInitialisePériphérique	1410087620	BTLE	Initialise un périphérique Bluetooth Low Energy sous Windows.
BufferVersPhrase	1000025938	gestion des chaînes	Renvoie une phrase mnémotechnique à partir d'un buffer en utilisant l'algorithme BIP39.
BufferVersURI	1410087415	URI	Sauvegarde le contenu d'un buffer dans une ressource identifiée par son URI.
CaméraPhoto	1410087225	Caméra	Prend une photo via un champ Caméra dans une application Android ou iOS.
CaméraVidéoArrête	1410087229	Caméra	Arrête l'enregistrement d'une vidéo précédemment démarré par la fonction CaméraVidéoDémarre.
CaméraVidéoDémarre	1410087227	Caméra	Démarre l'enregistrement d'une vidéo via un champ Caméra dans une application Android ou iOS.
Canada.VérifieNAS	1410089351	gestion des identifiants administratifs	Teste la validité d'un numéro NAS (numéro d'assurance sociale du Canada).
Canada.VérifieNE15	1410089352	gestion des identifiants administratifs	Teste la validité d'un numéro NE15 (numéro d'entreprise sur 15 caractères identifiant un établissement d'une entreprise au Canada).
Canada.VérifieNE9	1410089353	gestion des identifiants administratifs	Teste la validité d'un numéro NE9 (numéro d'entreprise à 9 chiffres servant à identifier une entreprise au Canada).
Canada.VérifieNuméroFiscal	1410090221	gestion des identifiants administratifs	Teste la validité d'un numéro fiscal du Canada.Cette fonction est disponible en code navigateur à partir de la version 2026 Update 1.
CarteAffichePopup	1000025553	Carte	Ouvre la popup d'un marqueur affiché dans un champ Carte.
CarteAfficheZone	1000025535	Carte	Déplace la carte affichée dans le champ Carte pour que la zone géographique spécifiée soit entièrement visible dans le champ.
CarteAjouteCalque	1410091361	Carte	Ajoute un nouveau calque dans une carte affichée dans un champ Carte.
CarteAjouteForme	1000025509	Carte	Ajoute une nouvelle forme (polygone, ligne, cercle) sur la carte affichée dans un champ Carte.
CarteAjouteImage	1000025532	Carte	Ajoute une nouvelle image sur la carte affichée dans un champ Carte.
CarteChangeStyle	1000025556	Carte	Modifie le style de la carte affichée dans le champ Carte.Attention : La gestion des styles de carte a été modifiée par Google. Cette fonction n'est p
CarteFermePopup	1000025554	Carte	Ferme la popup d'un marqueur affichée dans le champ Carte.
CarteIdentifiantGgl	1410091136	Carte	Renvoie ou modifie le style de la carte affichée dans le champ Carte. Ce style correspond à un ID de carte défini dans la console Google Cloud.
CarteLimiteZone	1000025537	Carte	Limite la zone géographique affichée dans le champ Carte.
CarteModifieForme	1000025511	Carte	Modifie une forme dessinée sur la carte affichée dans un champ Carte.
CarteModifieImage	1000025533	Carte	Modifie une image dessinée sur la carte affichée dans un champ Carte.
CartePopupAffichée	1000025555	Carte	Permet de savoir si la popup d'un marqueur du champ Carte est affichée.
CarteRécupèreStyle	1000025557	Carte	Renvoie le style utilisé par la carte affichée dans le champ Carte.Attention : La gestion des styles de carte a été modifiée par Google. Cette fonctio
CarteSupprimeCalque	1410091362	Carte	Supprime un calque d'une carte affichée dans un champ Carte.
CarteSupprimeForme	1000025510	Carte	Supprime une forme dessinée sur la carte affichée dans un champ Carte.
CarteSupprimeImage	1000025534	Carte	Supprime une image dessinée sur la carte affichée dans un champ Carte.
CertificatExporte	1410090436	gestion des certificats	Exporte un certificat du magasin de certificats Windows vers un fichier au format "pfx"ou "cert".
CertificatExtraitMessageEnveloppé	1410091163	gestion des certificats	Vérifie la validité d'une signature au format PKCS7 enveloppée et extrait le message enveloppé.
CertificatExtraitValeurExtension	1410087221	gestion des certificats	Renvoie la valeur d'une extension du certificat.
CertificatGénèreDepuisCSR	1410086712	gestion des certificats	Crée un certificat X.509 signé à partir d'une demande de signature de certificat (CSR – Certificate Signing Request).
CertificatPEMVersPFX	1410090438	gestion des certificats	Convertit un fichier de certificat au format "pem" en un ficher de certificat au format "PFX" incluant la clé privée.
CertificatSignePackageMSIX	1410091135	gestion des certificats	Signe un package MSIX avec un certificat.
ChaîneEncadre	1410091370	gestion des chaînes	Encadre une chaîne par une chaîne de début et une chaîne de fin (uniquement si ces chaînes ne sont pas déjà présentes).
ChaîneSupprimeDoublon	1410087412	gestion des chaînes	Supprime les doublons parmi les sous-chaînes d'une chaîne de caractères en fonction d'un ou plusieurs séparateurs.
ChaîneVersNumérique	1410087852	gestion des chaînes	Renvoie la valeur numérique d'une chaîne de caractères. Il est ainsi possible d'effectuer des calculs numériques sur des chaînes de caractères.
ChampRectangle	1410090408		
ChangePageSource	1000024600	gestion des pages	Change dynamiquement la page affichée dans un champ Page interne.
ChangeThème	1000025266	gestion du téléphone	Permet de modifier par programmation le thème (sombre ou clair) utilisé par l'application mobile.
ChatIAAjouteLigne	1410091384	Chat IA	Ajoute d'une ligne personnalisée dans la conversation d'un champ Chat IA.Attention : Cette fonction est disponible en iOS uniquement à partir de la ve
ChatIAChargeConversation	1410091365	Chat IA	Charge une conversation dans un champ Chat IA.Attention : Cette fonction est disponible en iOS uniquement à partir de la version 2026 Update 2.Cette f
ChatIADemande	1410091334	Chat IA	Lance une nouvelle demande dans le champ Chat IA.Attention : Cette fonction est disponible en iOS uniquement à partir de la version 2026 Update 2.Cett
ChatIARegénèreDemande	1410091360	Chat IA	Lance une nouvelle demande à partir de la conversation en cours dans le champ Chat IA.Attention : Cette fonction est disponible en iOS uniquement à pa
ChatIASauveConversation	1410091364	Chat IA	Sauvegarde la conversation en cours dans un champ Chat IA (en mémoire ou sous forme de fichier au format json).Attention : Cette fonction est disponib
ChatIAStopDemande	1410091363		
Clone	1000024843	diverses WINDEV	Construit une copie d'une instance de classe : Un objet de la classe réelle de l'instance de la classe est alloué. Une copie des membres de l'instance
CmdAjouteArgument	1410090501	Commande	Ajoute un argument à une commande à exécuter en mode console.
CmdAjouteOption	1410090502	Commande	Ajoute une option à la commande à exécuter en mode console.
CmdEcritEntréeStandard	1410090503	Commande	Ecrit les données sur l'entrée standard de la commande exécutée en mode console.
CmdExécute	1410090500	Commande	Exécute une commande en mode console.
CmdExécutionEstEnCours	1410091011	Commande	Indique si l'exécutable lié à une commande exécutée en mode console est actuellement en cours d'exécution.
CmdLitSortieErreur	1410090505	Commande	Lit les données disponibles sur la sortie d'erreur pour la commande lancée en mode console.
CmdLitSortieStandard	1410090504	Commande	Lit les données disponibles sur la sortie standard pour la commande lancée en mode console.
CmdRécupèreCodeRetour	1410090506	Commande	Récupère le code de retour de la commande lancée en mode console, c'est-à-dire la valeur renvoyée à la terminaison de la commande.
CmdTermine	1410091013	Commande	Force la terminaison de l'exécutable associé à une commande en mode console en cours d'exécution.
CodeSQLMetEnForme	1410091388	diverses WINDEV	Met en forme un code SQL : coloration, réécriture normalisée, etc.Attention : Cette fonction est disponible uniquement à partir de la version 2026 Upd
CodeWLangageDonneDéclarationsCSS	1410090145	diverses WINDEV	Renvoie la feuille de style CSS correspondant à un thème du code WLangage.Attention : Cette fonction est conservée pour compatibilité. Utilisez la fon
CodeWLangageMetEnForme	1410090043	diverses WINDEV	Met en forme un code WLangage : coloration, réécriture normalisée, indentation, traduction, etc.
CoffreFortContenusSecrets	1410091203	diverses WINDEV	Permet de savoir si les contenus secrets des coffres-forts sont présents, c'est-à-dire si l'exécution est réalisée avec les contenus secrets.
CoffreFortRécupèreContenu	1410091372	diverses WINDEV	Renvoie le contenu d'une chaîne secrète pour une utilisation par programmation (utilisation dans une API, une requête HTTP, etc.).
CoffreFortUtiliseContenusPourTest	1410091204	diverses WINDEV	Force l'utilisation des contenus pour test présents dans les coffres-forts.
ComposantExécute	1410089107	Projets	Exécute une procédure globale présente dans un composant externe. Ce composant externe a été précédemment chargé par la fonction ComposantCharge.
ConfirmerAsynchrone	1000025305	Boîtes de dialogue	Affiche un message non bloquant dans une boîte de dialogue standard proposant les réponses "Oui", "Non", "Annuler" et appelle une procédure WLangage a
CookieSupprime	1000025874	gestion du navigateur	Supprime un cookie sur le poste de l'internaute.
CoordonnéeChampImageVersImage	1000026037	gestion des champs	Convertit les coordonnées d'un rectangle exprimées par rapport au champ Image vers les coordonnées correspondantes exprimées par rapport à l'image aff
CoordonnéeImageVersChampImage	1000026038	gestion des champs	Convertit les coordonnées d'un rectangle exprimées par rapport à l'image vers les coordonnées correspondantes exprimées par rapport au champ Image qui
DateHeureVersChaîne	1000025516	gestion des dates et des heures	Convertit une date heure en une chaîne au format spécifié.
DateVersJourDansLAnnée	1410089834	gestion des dates et des heures	Renvoie le numéro du jour dans l'année correspondant à une date donnée.
dbgConnecte	1000024735	gestion du débogage	Permet de connecter un débogueur à distance sur une application, un service, un Webservice, ...
dCopieImageChamp	1410089473	dessin	Copie l'image d'un champ d'une fenêtre WINDEV dans une variable de type Image.
dDifférenceImage	1410091217	dessin	Calcule la différence entre deux images en renvoyant une image en niveaux de gris permettant de visualiser les différences ainsi qu'un pourcentage de 
DeepLinkProcédure	1410089051	gestion du téléphone	Définit la procédure WLangage exécutée lors du clic sur un "deep link".
dEfface	1410089252	dessin	Efface le contenu d'une variable de type Image ou d'un champ Image avec la couleur spécifiée.
DemandeMiseAJourUIÉlément	1410088703	gestion des fenêtres	Demande l'exécution de l'événement "Demande de mise à jour de l'affichage" de l'élément spécifié (et rend la main sans attendre l'exécution de l'événe
DernierJourDeLAnnée	1000025806	gestion des dates et des heures	Renvoie la date du dernier jour de l'année.
dFlou	1410088153	dessin	Floute la totalité d'une zone donnée : dans un champ Image, dans une variable de type Image, dans une variable de type WDPic (sur le calque d'arrière-
DiagrammeCharge	1410088123	Editeur de diagrammes	Charge un diagramme dans une variable de type Diagramme à partir d'un fichier ".wddiag", d'un mémo ou d'un buffer binaire.
DiagrammeChargeBibliothèque	1410088356	Editeur de diagrammes	Charge un fichier diagramme pour en faire une bibliothèque de formes prédéfinies.
DiagrammeDébutModification	1410088735	Editeur de diagrammes	Signale le début du regroupement d'un ensemble d'opérations sur un document de type Diagramme en un seul événement (gestion du "undo/redo").
DiagrammeDégroupe	1410088422	Editeur de diagrammes	Dissocie les différentes formes d'un groupe dans un champ Editeur de diagrammes.
DiagrammeFinModification	1410088736	Editeur de diagrammes	Signale la fin du regroupement d'un ensemble d'opérations sur un document de type Diagramme en un seul événement (gestion du "undo/redo").
DiagrammeFormeVersImage	1410088373	Editeur de diagrammes	Crée une image à partir d'une forme d'un diagramme (la forme peut être affichée ou non dans le diagramme).
DiagrammeGroupe	1410088421	Editeur de diagrammes	Crée un groupe à partir des éléments sélectionnés dans le champ Editeur de diagrammes.
DiagrammeInfoXY	1410088464	Editeur de diagrammes	Indique la présence d'une forme à une position donnée dans le champ Editeur de diagrammes.
DiagrammeRecherche	1410088695	Editeur de diagrammes	Recherche les formes contenant un texte spécifique dans un diagramme.
DiagrammeSauve	1410088122	Editeur de diagrammes	Sauve un diagramme dans un fichier "diag".
DiagrammeSelectMoins	1410088168	Editeur de diagrammes	Désélectionne une forme dans un champ Editeur de diagrammes.
DiagrammeSelectPlus	1410088167	Editeur de diagrammes	Sélectionne une forme dans un champ Editeur de diagrammes.
DiagrammeVersImage	1410088144	Editeur de diagrammes	Exporte un diagramme vers une une variable de type Image.
DiagrammeVersSVG	1410088873	Editeur de diagrammes	Exporte un diagramme vers une image vectorielle au format SVG.
DialogueAsynchrone	1000025310	Boîtes de dialogue	Affiche une boîte de message non bloquante et appelle une procédure WLangage avec la valeur du bouton cliqué par l'utilisateur.
dModifieContraste	1410088872	dessin	Modifie le contraste d'une image contenue : dans un champ Image, dans une variable de type Image.
DNSInterroge	1410089873	DNS	Envoie une requête à un serveur DNS.
DocContinuerNumérotation	1410086716	Traitement de texte	Reprend automatiquement la numérotation (ou les puces) d'une liste numérotée précédente, en assurant la continuité logique des éléments.
DocEffaceMiseEnForme	1410090443	Traitement de texte	Remplace la mise en forme actuelle de la sélection par la mise en forme par défaut.
DocInfoXY	1000025333	Traitement de texte	Renvoie pour une position donnée dans un champ Traitement de texte (coordonnées d'un point du champ) :soit le numéro de la page correspondante, soit l
DocInsèreTableDesMatières	1000024884	Traitement de texte	Insère une table des matières dans un document de type Traitement de texte.
DocMiseAJourFormule	1000024897	Traitement de texte	Met à jour les formules d'un document.
DocMiseAJourTableDesMatières	1000024885	Traitement de texte	Met à jour la table des matières d'un document.
DocModeCopieMiseEnForme	1410090446	Traitement de texte	Active le mode "Copie de mise en forme" du champ Traitement de texte et permet de savoir si le mode "Copie de mise en forme" est activé.
DocPositionDébutPage	1410088921	Traitement de texte	Renvoie la position du premier caractère d'une page donnée dans un champ Traitement de texte.
DocRechercheElémentParNom	1410088857	Traitement de texte	Recherche un élément par son nom dans l'ensemble d'un document de type Traitement de texte.
DocReprendreNumérotationAUn	1410086717	Traitement de texte	Arrête la numérotation ou les puces d'une liste précédente et recommence la numérotation à partir du numéro 1.
DocSupprimeTableDesMatières	1000024916	Traitement de texte	Supprime une table des matières dans un document.
DonneFocusEtRetourUtilisateur	1410088107		
DoubleAuthGénèreCléTOTP	1000025974	gestion de la double authentification	Génère une clé TOTP pour un utilisateur dans une application.
DoubleAuthGénèreLien	1000025975	gestion de la double authentification	Génère un lien pour enregistrer un compte dans une application d'authentification. Affecté à un champ Code-barres, ce lien permettra d'afficher un QRC
DoubleAuthVérifieCode	1000025976	gestion de la double authentification	Vérifie le code donné par une application d'authentification.
dpDriveConnecte	1410089379	Drive	Crée une connexion à un drive Dropbox.
dRedresse	1410088803	dessin	Transforme une image en la déformant.
DriveCopieFichier	1410089524	Drive	Copie un fichier unique du disque distant vers un autre répertoire du disque distant.
DriveCopieRépertoire	1410089554	Drive	Copie un répertoire du drive vers un autre répertoire de ce drive (disque distant).
DriveCréeFichier	1410089477	Drive	Crée un fichier sur le disque distant.
DriveCréeRépertoire	1410089479	Drive	Crée un répertoire sur le disque distant.
DriveDéplaceFichier	1410089555	Drive	Déplace un fichier présent dans un répertoire d'un drive vers un autre répertoire de ce drive (disque distant).
DriveDéplaceRépertoire	1410089556	Drive	Déplace un répertoire et son contenu vers un autre répertoire du même drive (disque distant).
DriveEnvoieFichier	1410089563	Drive	Envoie un fichier (présent sur la machine de l'utilisateur) vers un drive (disque distant).
DriveEnvoieRépertoire	1410089564	Drive	Envoie un répertoire et ses fichiers (présents sur la machine de l'utilisateur) vers un drive (disque distant).
DriveListeFichier	1410089380	Drive	Liste les fichiers d'un répertoire d'un drive.
DriveListeFichierGgl	1410089601	Drive	Liste les fichiers de la suite Google (Google Docs, Google Sheets, etc.) présents dans un drive Google.
DriveListeRépertoire	1410089448	Drive	Liste les répertoires d'un drive.
DriveRécupèreFichier	1410089558	Drive	Récupère un fichier présent sur un drive (disque distant) et enregistre ce fichier sur le poste de l'utilisateur.
DriveRécupèreFichierGgl	1410089618	Drive	Récupère un document de la suite Google présent sur un Google Drive dans le format compatible souhaité.
DriveRécupèreRépertoire	1410089559	Drive	Récupère un répertoire (et ses fichiers) présent sur un drive (disque distant) pour l'enregistrer sur le poste de l'utilisateur.
DriveRenomme	1410089566	Drive	Renomme un fichier ou un répertoire présent sur un drive.
DriveSupprimeFichier	1410089480	Drive	Supprime un fichier dans un drive (disque distant).
DriveSupprimeRépertoire	1410089481	Drive	Supprime un répertoire (et les fichiers qu'il contient) sur un drive (disque distant).
dTexteHauteur	1410091058	dessin	Calcule la hauteur d'un texte en pixels.
dTexteHTML	1410091368	dessin	Dessine un texte au format HTML :dans un champ Image,dans une variable de type Image.dans une variable de type WDPic (sur le calque d'arrière-plan),da
dTexteLargeur	1410091056	dessin	Calcule la largeur d'un texte en pixels.
dTexteMarkdown	1410089010	dessin	Dessine un texte au format Markdown :dans un champ Image, dans une variable de type Image,dans une variable de type WDPic (sur le calque d'arrière-pla
EditeurCodeCharge	1410090372	Editeur de code	Charge un fichier de code WLangage dans un champ Editeur de code.
EditeurCodeCommente	1410090247	Editeur de code	Commente la sélection en cours dans le champ Editeur de code. Les caractères "//" sont ajoutés devant la ligne en cours.
EditeurCodeCompile	1410090249	Editeur de code	Compile le code WLangage affiché dans le champ Editeur de code et affiche les potentielles erreurs.
EditeurCodeDécommente	1410090248	Editeur de code	Décommente la sélection en cours dans le champ Editeur de code. Les caractères "//" présents devant la ligne en cours sont supprimés.
EditeurCodeDupliqueLigne	1410090252	Editeur de code	Duplique la ligne courante dans le champ Editeur de code.
EditeurCodeExécute	1410090253	Editeur de code	Exécute le code WLangage affiché dans le champ Editeur de code.
EditeurCodeInsère	1410090254	Editeur de code	Insère une chaîne de caractères dans le champ Editeur de code.
EditeurCodeRecherche	1410090250	Editeur de code	Recherche une chaîne de caractères ou une expression régulière dans le champ Editeur de code.
EditeurCodeRécupèreErreur	1410090257	Editeur de code	Permet de récupérer l'erreur de compilation du code présent dans le champ Editeur de code.
EditeurCodeRemplace	1410090251	Editeur de code	Recherche et remplace une chaîne de caractères dans le champ Editeur de code.
EditeurCodeSauve	1410090245	Editeur de code	Sauve le contenu d'un champ Editeur de code dans un fichier.
EditeurCodeSupprimeTout	1410090256	Editeur de code	Supprime le contenu du champ Editeur de code.
EditeurHTMLDepuisEmail	1000026172	Editeur HTML	Importe le contenu HTML d'un email et ses images dans un champ Editeur HTML. Les images contenues dans l'email sont également affichées dans le champ.
EditeurHTMLExécuteJS	1000026260	Editeur HTML	Exécute du code Javascript dans un champ Editeur HTML.
EditeurHTMLFormateSélection	1000025996	Editeur HTML	Modifie le style de la sélection dans un champ Editeur HTML.
EditeurHTMLInsère	1000025994	Editeur HTML	Insère du texte ou du code HTML à la position du curseur dans un champ Editeur HTML.
EditeurHTMLInsèreTableau	1000025917	Editeur HTML	Insère un tableau à la position du curseur dans un champ Editeur HTML.
EditeurHTMLRecherche	1000025918	Editeur HTML	Recherche une chaîne de caractères dans un champ Editeur HTML.
EditeurHTMLRécupère	1000025981	Editeur HTML	Récupère en mode asynchrone la valeur d'une des propriétés d'un champ Editeur HTML.
EditeurHTMLRécupèreDocument	1000025993	Editeur HTML	Récupère en mode asynchrone le document HTML en cours dans un champ Editeur HTML.
EditeurHTMLRécupèreSélection	1000025992	Editeur HTML	Récupère en mode asynchrone la sélection effectuée dans un champ Editeur HTML.
EditeurHTMLRemplace	1000025995	Editeur HTML	Remplace une chaîne de caractères par une autre dans un champ Editeur HTML.
EditeurHTMLSélectionne	1000025926	Editeur HTML	Sélectionne une portion de texte dans un champ Editeur HTML.
EditeurHTMLVersEmail	1000026171	Editeur HTML	Exporte le contenu d'un champ Editeur HTML vers une variable de type Email (pour envoyer l'email).
EditeurHTMLVersPDF	1000025927	Editeur HTML	Exporte le contenu d'un champ Editeur HTML vers un fichier PDF.
EmailAbonneAuDossier	1410091039	gestion des emails	Ajoute un dossier existant à la liste des dossiers abonnés.
EmailAppliRécupèreArchitecture	1410090512	gestion des emails	Renvoie l'architecture (32 ou 64 bits) du programme de messagerie par défaut du poste en cours.
EmailDésabonneDuDossier	1410091040	gestion des emails	Supprime un dossier existant de la liste des dossiers abonnés.
EmailExécuteCommande	1410091038	gestion des emails	Envoie une commande IMAP au serveur de mails.
EmailExporteHTML	1000026173	gestion des emails	Récupère le code HTML d'un email pour l'afficher dans un champ HTML (champ HTML, champ d'affichage HTML, ...).
EmailExtrait	1410091387	gestion des emails	Renvoie les différents éléments d'une adresse email : utilisateur, domaine, TLD (Top Level Domain).Attention : Cette fonction est disponible uniquemen
EnModeMacCatalyst	1000024934	diverses WINDEV	Indique si l'application s'exécute en mode Mac Catalyst (exécution d'une application iPad sur un Mac).
EnModePageDansFenêtre	1410089362	diverses WINDEV	Indique si la page est affichée dans un champ Page WEBDEV d'une fenêtre.
EnModeRecyclage	1410090740	diverses WINDEV	Identifie si le mode "Recyclage des sessions prélancées" est activé dans les options du projet.
EnModeServeurWebSocket	1000025939	diverses WINDEV	Permet de savoir si l'exécution en cours est effectuée dans le serveur de WebSocket.
EnModeServeurWebSocketServiceGlobal	1000025966	diverses WINDEV	Permet de savoir si l'exécution en cours est effectuée dans le service global du serveur de WebSockets.
EnModeSysNotification	1410087933	Notifications système	Permet de savoir si l'application est lancée depuis une notification interactive "Windows 10".
EnModeTestApplication	1410090514	diverses WINDEV	Permet de savoir si le test automatique en cours est un test d'application.
EnModeTestUnitaire	1410090513	diverses WINDEV	Permet de savoir si un test unitaire est en cours.
EnModeToolIA	1410086703	diverses WINDEV	Identifie si le code est exécuté dans un "Tool IA".
EnModeVisiteGuidée	1410090218	diverses WINDEV	Indique si une visite guidée est en cours d'exécution.
EnModeWindowsMobile	1000019657	diverses WINDEV	Identifie si le code est exécuté :depuis une application Windows Mobile.depuis une application WINDEV standard, depuis un site WEBDEV ou depuis une ap
EntierVersBuffer	1410091333	gestion des chaînes	Convertit un entier en un buffer binaire.
ErreurAsynchrone	1000025306	Boîtes de dialogue	Affiche un message d'erreur personnalisé dans une fenêtre d'erreur système non bloquante.
ErreurAvecDélaiAsynchrone	1000025428	Boîtes de dialogue	Affiche un message d'erreur personnalisé dans une fenêtre d'erreur système non bloquante pendant un délai défini.
ErreurRAZ	1000025702	gestion des Exceptions	Réinitialise la détection des erreurs non fatales : Le résultat de la fonction ErreurInfo est réinitialisé. La variable ErreurDétectée revient à Faux.
Espagne.VérifieDNI	1410089242	gestion des identifiants administratifs	Teste la validité d'un numéro DNI (numéro d'identification personnel en Espagne).
Espagne.VérifieNIF	1410089246	gestion des identifiants administratifs	Teste la validité d'un numéro NIF (numéro d'identification d'entreprise en Espagne).
Espagne.VérifieNuméroFiscal	1410090224	gestion des identifiants administratifs	Teste la validité d'un numéro fiscal en Espagne.Cette fonction est disponible en code navigateur à partir de la version 2026 Update 1.
EtatsUnis.VérifieEIN	1410089226	gestion des identifiants administratifs	Teste la validité d'un numéro EIN (numéro d'identification d'entreprise aux Etats-Unis).
EtatsUnis.VérifieFEI	1410089250	gestion des identifiants administratifs	Teste la validité d'un numéro FEI (numéro d'identification d'établissement d'entreprise aux Etats-Unis).
EtatsUnis.VérifieNuméroFiscal	1410090220	gestion des identifiants administratifs	Teste la validité d'un numéro fiscal aux Etats-Unis.Cette fonction est disponible en code navigateur à partir de la version 2026 Update 1.
EtatsUnis.VérifieSSN	1410089225	gestion des identifiants administratifs	Teste la validité d'un numéro SSN (numéro d'identification personnel aux Etats-Unis).
EvénementExiste	1000024424	Evénements Windows	Indique si une procédure spécifique est exécutée lorsqu'un événement Windows est envoyé à un champ ou une fenêtre.
ExécuteMiseAJourUIÉlément	1410088704	gestion des fenêtres	Exécute immédiatement l'événement "Demande de mise à jour de l'affichage" de l'élément spécifié.
ExécuteProcédureRéactive	1410090775	diverses WINDEV	Force l'exécution immédiate d'une procédure réactive.
ExécuteThreadPrincipalAsynchrone	1410088684	gestion des threads	Déclenche l'exécution d'une procédure par le thread principal de l'application sans attendre la fin de l'exécution de cette procédure.
ExtraitChaîneAprès	1410091392	gestion des chaînes	Permet d'extraire d'une chaîne de caractères la partie située entre la fin d'un séparateur de chaîne donné et la fin de la chaîne.Attention : Cette fo
ExtraitChaîneAvant	1410091391	gestion des chaînes	Permet d'extraire d'une chaîne de caractères la partie située entre le début de la chaîne et le début d'un séparateur de chaîne donné.Attention : Cett
FAALanceAide	1410089447	FAA (Fonctionnalités Automatiques de l'Application)	Ouvre le site d'aide des FAA (Fonctionnalités Automatiques de vos Applications).
fChangeExtension	1410089227	gestion des fichiers externes	Change l'extension d'un fichier présent sur un disque.
fContentType	1000024732	gestion des fichiers externes	Renvoie le type d'un fichier selon la norme MIME (Multipurpose Internet Mail Extensions).
FenêtreDepuisSource	1000021396	liaison	Initialise automatiquement les champs d'une fenêtre avec : les valeurs des rubriques associées dans l'enregistrement en cours (chargé en mémoire) du f
FenListeFenêtreFilleOuverte	1410086674	gestion des fenêtres	Liste les fenêtres filles d'une fenêtre donnée.
FenListeFenêtreOuverte	1410091369	gestion des fenêtres	Liste les fenêtres ouvertes dans l'application.
FenOptimise	1410090613	gestion des fenêtres	Permet de changer le mode de création et de dessin des fenêtres. Ce mode sera utilisé par toutes les fenêtres ouvertes après cette fonction.
FichierTélécharge	1410090792	diverses WEBDEV	Lance le téléchargement d'un fichier par le navigateur.
FichierVersURI	1410087413	URI	Sauvegarde le contenu d'un fichier dans une ressource identifiée par son URI.
FichierVisualise	1410090793	diverses WEBDEV	Lance la visualisation d'un fichier dans le navigateur.
Filtre	1000024845	Tableau	Renvoie un tableau contenant les éléments d'un tableau source pour lesquels une procédure renvoie Vrai.
fInsèreTexteAuDébut	1000025303	gestion des fichiers externes	Insère un texte au début d'un fichier sans écraser le texte déjà présent dans le fichier.
France.VérifieINSEE	1410089315	gestion des identifiants administratifs	Teste la validité d'un numéro INSEE (numéro d'inscription au répertoire des personnes physiques attribué par l'Institut National de la Statistique et 
France.VérifieNuméroFiscal	1410089496	gestion des identifiants administratifs	Teste la validité d'un numéro fiscal français.Cette fonction est disponible en code navigateur à partir de la version 2026 Update 1.
France.VérifieSIREN	1410089365	gestion des identifiants administratifs	Vérifie la validité d'un numéro SIREN (système d'identification du répertoire des entreprises).
France.VérifieSIRET	1410089347	gestion des identifiants administratifs	Vérifie la validité d'un numéro SIRET (système d'identification du répertoire des établissements).
fRelativise	1410088420	gestion des fichiers externes	Renvoie le chemin relatif d'un fichier par rapport à un répertoire de référence.
FTPRepExiste	1410091242	FTP	Permet de savoir si un répertoire existe sur un serveur FTP (File Transfer Protocol).
GaleriePopupAffichée	1000024975	Zones répétées	Indique si la popup automatique de zoom du champ Galerie d'images est affichée.
GeminiAnalysePrompt	1410086695	gestion du téléphone	Analyse un texte (prompt) en langage naturel et déclenche automatiquement l’exécution de la procédure globale correspondante via les API Gemini.
GeminiChangeModèle	1410086694	gestion du téléphone	Fixe le modèle IA à utiliser pour interagir avec Gemini.
GénèreImageGéométrique	1410088705	diverses WINDEV	Génère aléatoirement une image avec des formes géométriques, utilisée par exemple pour remplir temporairement un champ Image.
GénèreLorem	1000025817	diverses WINDEV	Génère un texte aléatoire de style "Lorem ipsum", utilisé par exemple pour remplir temporairement un champ avec du texte.
GéométrieAire	1410090167	gestion des données spatiales	Calcule l'aire d'une géométrie donnée.
GéométrieChevauche	1410090308	gestion des données spatiales	Permet de savoir si deux géométries se chevauchent.
GéométrieContient	1410090138	gestion des données spatiales	Permet de savoir si une géométrie A contient une géométrie B.
GéométrieCorrige	1410090157	gestion des données spatiales	Permet d'obtenir une version corrigée de la géométrie spécifiée.
GéométrieCouvre	1410090140	gestion des données spatiales	Permet de savoir si une géométrie A couvre une géométrie B.
GéométrieCroise	1410090341	gestion des données spatiales	Permet de savoir si deux géométries se croisent.
GéométrieDésérialiseWKT2D	1410090336	gestion des données spatiales	Construit une géométrie en 2 dimensions à partir d'une représentation textuelle au format WKT.
GéométrieDésérialiseWKTGéo	1410090335	gestion des données spatiales	Construit une géométrie en coordonnées géographiques à partir d'une représentation textuelle au format WKT.
GéométrieDifférence	1410090156	gestion des données spatiales	Renvoie la géométrie correspondant à la différence entre deux géométries.
GéométrieDifférenceSymétrique	1410090164	gestion des données spatiales	Calcule la différence symétrique entre deux géométries.
GéométrieDisjoint	1410090307	gestion des données spatiales	Permet de savoir si deux géométries sont disjointes, c'est-à-dire si leur intersection est vide.
GéométrieDistance	1410090297	gestion des données spatiales	Calcule la distance entre deux géométries.
GéométrieEgale	1410090295	gestion des données spatiales	Permet de savoir si deux géométries sont spatialement égales, c'est-à-dire si la première géométrie est incluse dans la seconde, et si la seconde est 
GéométrieEnveloppeConvexe	1410090169	gestion des données spatiales	Calcule l'enveloppe convexe de la géométrie spécifiée.
GéométrieEstContenu	1410090139	gestion des données spatiales	Permet de savoir si la géométrie A est complètement contenue dans la géométrie B (c'est-à-dire que la géométrie B contient complètement la géométrie A
GéométrieEstCouvert	1410090141	gestion des données spatiales	Permet de savoir si tout point de la géométrie A se trouve à l'intérieur ou dans le contour de la géométrie B.
GéométrieEstValide	1410090158	gestion des données spatiales	Vérifie si la géométrie spécifiée est valide au sens de la norme OGC.
GéométrieIntersecte	1410090115	gestion des données spatiales	Vérifie si deux géométries ont une intersection non vide.
GéométrieIntersection	1410090153	gestion des données spatiales	Renvoie la géométrie correspondant à l'intersection entre deux géométries.
GéométrieLongueur	1410090296	gestion des données spatiales	Calcule la longueur d'une géométrie donnée.
GéométriePérimètre	1410090168	gestion des données spatiales	Calcule le périmètre d'une géométrie donnée (polygone ou multipolygone).
GéométrieSérialiseDSV	1410090121	gestion des données spatiales	Sérialise une géométrie en utilisant le format DSV spécifié.
GéométrieSérialiseWKT	1410090108	gestion des données spatiales	Sérialise une géométrie au format Well Known Text (WKT).
GéométrieTouche	1410090114	gestion des données spatiales	Permet de savoir si deux géométries se touchent.
GéométrieUnion	1410090155	gestion des données spatiales	Renvoie la géométrie correspondant à l'union entre deux géométries.
géoRécupèreZone	1000025776	géolocalisation	Récupère les coordonnées de la zone géographique correspondant à la description.
GglCompteAssocie	1410089808	gestion du téléphone	Permet d'effectuer une authentification en un clic dans l'application avec un compte Google enregistré sur l'appareil sans avoir besoin de saisir un l
GglCompteDissocie	1410089813	gestion du téléphone	Supprime de l'appareil l'association entre l'application et le compte Google de l'utilisateur. Cette association a été effectuée précédemment avec la 
GglDriveConnecte	1410089373	Drive	Crée une connexion à un drive Google Drive.
gpwConnecteDistant	1000024855	Groupware utilisateur	Permet de se connecter à l'application via le Webservice du groupware utilisateur.
gpwListeOAuthParamètres	1000024479	Groupware utilisateur	Récupère la liste des paramètres OAuth définis pour le groupware utilisateur, c'est-à-dire la liste des providers (Google, Facebook, ...) auxquels il 
gpwListeUtilisateur	1410089604	Groupware utilisateur	Récupère la liste des utilisateurs du groupware utilisateur.
gpwRéinitialiseMotDePasse	1000024854	Groupware utilisateur	Réinitialise le mot de passe d'un utilisateur inscrit.
grAngleDépart	1410088085	gestion des graphes	Indique l'angle de départ de la première part dans un graphe de type :Secteur, Hémicycle ou Donut.Secteur multiniveau.Graphe circulaire de progrès.
GraphQLExécuteRequête	1410091373	GraphQL	Exécute une requête GraphQL.
grCPAjouteDonnée	1410087792	gestion des graphes	Ajoute une donnée à un graphe circulaire de progrès.
grCPSensDeRotation	1410087791	gestion des graphes	Fixe le sens de rotation d'un graphe circulaire de progrès.
grCPValeurMaximale	1410087801	gestion des graphes	Fixe la valeur maximale du graphe circulaire de progrès.
grHistoTypeBarre	1410090175	gestion des graphes	Définit le type de barre à utiliser dans un graphe de type histogramme.
GrilleAjouteColonne	1410086675	Grille	Ajoute une nouvelle colonne dans un champ Grille.
GrilleAjouteLigne	1410086676	Grille	Ajoute une nouvelle ligne dans un champ Grille.
GrilleInsèreColonne	1410086677	Grille	Insère une nouvelle colonne dans un champ Grille.
GrilleInsèreLigne	1410086678	Grille	Insère une nouvelle ligne dans un champ Grille.
GrilleSupprimeColonne	1410086679	Grille	Supprime une colonne dans un champ Grille.
GrilleSupprimeLigne	1410086680	Grille	Supprime une ligne dans un champ Grille.
grNuageOpacitéSérie	1410091379	gestion des graphes	Modifie le facteur d'opacité d'une série dans un graphe de type "Nuage de points".Attention : Cette fonction est disponible uniquement à partir de la 
grNuageTypePointSérie	1410091380	gestion des graphes	Modifie la forme du point d'une série dans un graphe de type "Nuage de points".Nouveauté 2026Attention : Cette fonction est disponible uniquement à pa
grNuageTypeTraitSérie	1410091378	gestion des graphes	Modifie le type de trait d'une série dans un graphe de type "Nuage de points".Nouveauté 2026Attention : Cette fonction est disponible uniquement à par
grPIImage	1410090782	gestion des graphes	Définit l'image utilisée pour illustrer les données d'un graphe de type "Pourcentage imagé".
grPIValeurMaximale	1410090786	gestion des graphes	Permet de spécifier la valeur maximale du graphe permettant de calculer automatiquement les pourcentages d'un graphe de type "Pourcentage imagé".
grPourcentageTrou	1410088089	gestion des graphes	Modifie le pourcentage correspondant au rayon du trou d'un graphe de type : Beignet (Donut), Graphe circulaire de progrès.
grSauveImage	1000024953	gestion des graphes	Sauve l'image d'un graphe dans une variable de type Image.
grVignetteCatégorie	1410090677	gestion des graphes	Initialise une image de catégorie dans les graphes de type Secteur, Beignet ou Hémicycle.
grWaffleTaille	1410089812	gestion des graphes	Permet de définir le nombre de lignes et de colonnes d'un graphe de type Waffle.
grWaffleTypeCellule	1410089815	gestion des graphes	Permet de définir la forme des cellules d'un graphe de type Waffle.
gValeurMémorisée	1410088363	manipulation de chaînes graphiques	Ajoute une valeur "invisible" dans un élément d'un champ Liste, Combo ou Planning.
gValeurMémoriséeActive	1410088364	manipulation de chaînes graphiques	Autorise ou non la récupération de la valeur définie par la fonction gValeurMémorisée dans un champ Liste, Combo ou Rouleau.
HauteurAdaptée	1410090795		
HClusterNoeudMaître	1410087885	WLangage	Renvoie le nom du noeud maître dans un cluster HFSQL.
HDécritIndexSémantique	1410086684	HFSQL	Décrit un index sémantique d'un fichier de données créé par programmation.
HEnregistrementVersChaîne	1000025983	HFSQL	Convertit sous forme de chaîne le contenu de l'enregistrement en cours (dans un fichier de données, une vue HFSQL, une requête, ...).
HExécuteProcédureAsynchrone	1410091042	HFSQL Client/Serveur	Exécute une procédure stockée en mode asynchrone.
HExécuteRequêteAsynchrone	1000026094	HFSQL	Exécute une requête de type SELECT de manière asynchrone.
HExécuteRequêteSQLAsynchrone	1000026095	HFSQL	Exécute une requête SQL de manière asynchrone.
HExporteChaîneJSON	1410088487	HFSQL	Exporte les enregistrements d'un fichier de données (HFSQL ou OLE DB), d'une vue ou d'une requête dans une chaîne au format JSON.
HImporteCSV	1410090596	HFSQL	Importe un fichier CSV dans un fichier de données au format HFSQL Classic ou Client/Serveur (fichier de données décrit sous l'éditeur d'analyses, ou d
HInfoDroitRubrique	1410089919	HFSQL Client/Serveur	Permet de connaître les droits accordés sur une rubrique.
HJSONVersEnregistrement	1000021910	HFSQL	Importe des données JSON vers l'enregistrement courant.
HListeCléSémantique	1410086681	HFSQL	Renvoie la liste des clés sémantiques présentes dans un fichier de données (une requête ou une vue) reconnu par le moteur HFSQL.
HListeCléSpatiale	1410090426	HFSQL	Renvoie la liste des clés spatiales d'un fichier de données (d'une requête ou d'une vue) reconnues par le moteur HFSQL.
HListeFichiersSurveillés	1410089900	HFSQL Client/Serveur	Renvoie la liste des fichiers de données surveillés par la fonction HSurveille.
HListeHistoriquePlanification	1410090762	HFSQL Client/Serveur	Liste l'historique d'exécution d'une opération planifiée sur un serveur HFSQL : tâche planifiée (procédure stockée), sauvegarde, optimisation, rafraîc
HListeHistoriqueRéindexation	1410091060	HFSQL Client/Serveur	Liste les différentes opérations effectuées sur les fichiers de données en cours ou celles qui ont eu lieu pendant les dernières 24 heures et sur les 
HListeIndexSémantique	1410091375	HFSQL	Renvoie la liste des index sémantiques d'un fichier de données reconnu par le moteur HFSQL.
HMiseAJourLiaison	1000024555	HFSQL Client/Serveur	Met à jour sur le serveur l'ensemble des liaisons impliquant un fichier de données HFSQL Client/Serveur.
HModifieDroitRubrique	1410089918	HFSQL Client/Serveur	Modifie les droits accordés sur une rubrique d'un fichier de données HFSQL Client/Serveur pour un utilisateur ou un groupe.
HOuvreAnalyseComplémentaire	1410090082	HFSQL	Ouvre une nouvelle analyse tout en conservant l'analyse principale de l'application.
HPolitiqueSécuritéDébloqueCompte	1410091235	HFSQL Client/Serveur	Permet de débloquer le compte d'un utilisateur bloqué à cause d'un trop grand nombre de tentatives d'ouverture de connexion infructueuses.
HPolitiqueSécuritéModifie	1410091205	HFSQL Client/Serveur	Modifie la politique de sécurité des mots de passe d'un serveur HFSQL.
HPolitiqueSécuritéRécupère	1410091207	HFSQL Client/Serveur	Récupère la politique de sécurité d'un serveur HFSQL.
HPolitiqueSécuritéVérifie	1410091206	HFSQL Client/Serveur	Vérifie que la politique de sécurité des mots de passe associée au serveur HFSQL est respectée pour chacun des comptes des utilisateurs.
HRecalculeEmbedding	1410086682	HFSQL	Recalcule l'embedding d'un index sémantique.
HRéindexeAsynchrone	1410091053	HFSQL Client/Serveur	Reconstruit l'index d'un fichier de données HFSQL Client/Serveur (fichier d'extension ".NDX"). Cette réindexation est asynchrone : elle est effectuée 
HRequêteExécutée	1410090242	HFSQL	Permet de savoir si une requête a été exécutée.
HRplAjouteFichier	1410090462	WLangage	Ajoute un fichier de données dans une réplication universelle.
HRSIgnoreErreur	1410090182	WLangage	Ignore les erreurs pour que la réplication entre serveurs HFSQL puisse continuer à s'exécuter.
HRSRenommeNomServeur	1410088521	WLangage	Renomme le nom DNS du serveur de la réplication si celui-ci a changé de nom.
HRSTransformeSpareEnServeur	1410091035	WLangage	Transforme un serveur Spare en un serveur HFSQL. Il est ainsi possible de supprimer les réplications d'un serveur spare pour pouvoir l'utiliser à nouv
HSourceDeDonnéesConnue	1410090243	HFSQL	Permet de savoir si une source de données est initialisée.
HStatCalculeAsynchrone	1410091108	HFSQL Client/Serveur	Réalise diverses statistiques sur les clés d'un fichier de données HFSQL Client/Serveur.
HSuggèreClé	1000025903	HFSQL Client/Serveur	Renvoie une liste de clés à ajouter aux fichiers de données afin d'améliorer les performances des requêtes.
HSuggèreCléDébut	1000025905	HFSQL Client/Serveur	Lance la collecte d'informations sur les requêtes exécutées.
HSuggèreCléFin	1000025906	HFSQL Client/Serveur	Termine la collecte d'informations sur les requêtes exécutées.
HSupprimeHistoriquePlanification	1410090760	HFSQL Client/Serveur	Supprime l'historique d'exécution d'un élément planifié sur un serveur HFSQL : tâche planifiée (procédure stockée), sauvegarde, optimisation, rafraîch
HSupprimeToutHistoriquePlanification	1410090761	HFSQL Client/Serveur	Purge la totalité de l'historique d'exécution des éléments planifiés sur un serveur HFSQL.
HSupprimeVue	1410088606	HFSQL Client/Serveur	Supprime une vue matérialisée sur le serveur HFSQL.
HTMLActiveDébogueur	1410087849	Affichage HTML	Active le débogueur HTML/Javascript sur les champs HTML basé sur CEF (Chromium) : Champ d'affichage HTML ou champ Editeur HTML.
HTMLChercheElémentParBalise	1000026272	gestion des fichiers HTML	Cherche les éléments d'un document HTML (ou d'un noeud HTML) correspondant à une balise.
HTMLChercheElémentParClasse	1000026177	gestion des fichiers HTML	Cherche les éléments d'un document HTML (ou d'un noeud HTML) pour lesquels l'attribut "class" correspond à une valeur spécifique.
HTMLChercheElémentParID	1000025915	gestion des fichiers HTML	Cherche l'élément d'un document HTML (ou d'un noeud HTML) dont l'attribut "ID" correspond à une valeur spécifique.
HTMLChercheElémentParNom	1000025913	gestion des fichiers HTML	Cherche les éléments d'un document HTML (ou d'un noeud HTML) dont l'attribut "name" correspond à une valeur spécifique.
HTMLConstruitChaîne	1000025909	gestion des fichiers HTML	Génère une chaîne de caractères au format UTF8 contenant un document HTML.
HTMLDepuisEmail	1410087263	Affichage HTML	Importe le contenu HTML d'un email et ses images dans un champ d'affichage HTML. Les images contenues dans l'email sont également affichées dans le ch
HTMLDésencadreTousLesFils	1410087613	gestion des fichiers HTML	Supprime le noeud spécifié dans un document HTML sans supprimer ses fils, qui prennent sa place.
HTMLEncadre	1410087611	gestion des fichiers HTML	Encadre le noeud spécifié dans un noeud donné d'un document HTML.
HTMLEncadreTousLesFils	1410087612	gestion des fichiers HTML	Encadre tous les fils du noeud donné dans un nouveau noeud dans un document HTML.
HTMLExécuteProcédureNavigateur	1000025920	Affichage HTML	Exécute une procédure WLangage navigateur WEBDEV dans un champ d'affichage HTML avec une page créée par WEBDEV.
HTMLExécuteTraitementChamp	1000025969	Affichage HTML	Lance l'exécution d'un événement WLangage associé à un champ présent dans une page HTML affichée par une champ d'affichage HTML.
HTMLInsèreAprès	1410087610	gestion des fichiers HTML	Ajoute un noeud après le noeud spécifié dans un document HTML.
HTMLInsèreAvant	1410087609	gestion des fichiers HTML	Ajoute un noeud avant le noeud spécifié dans un document HTML.
HTMLInsèreDernierFils	1410087616	gestion des fichiers HTML	Ajoute un fils après les fils du noeud courant dans un document HTML.
HTMLInsèrePremierFils	1410087615	gestion des fichiers HTML	Ajoute un fils au début des fils du noeud courant dans un document HTML.
HTMLModifieAttribut	1410087618	gestion des fichiers HTML	Ajoute ou modifie un attribut du noeud courant du document HTML.
HTMLOuvre	1000025907	gestion des fichiers HTML	Charge un document HTML dans une variable de type htmlDocument.
HTMLSauve	1000025908	gestion des fichiers HTML	Sauve le contenu d'une variable de type htmlDocument dans un fichier HTML.
HTMLSupprime	1410087614	gestion des fichiers HTML	Supprime le noeud spécifié et son arborescence dans un document HTML.
HTMLSupprimeAttribut	1410087619	gestion des fichiers HTML	Supprime un attribut donné
HTMLSupprimeFils	1410087617	gestion des fichiers HTML	Supprime un noeud donné dans le noeud courant d'un document HTML.
HTMLSurErreurJS	1000026259	Affichage HTML	Indique la procédure à appeler en cas d'erreur dans l'exécution du Javascript dans un champ d'affichage HTML.
HTMLValeurChamp	1000025968	Affichage HTML	Permet de connaître ou modifier un champ d'un formulaire HTML présent dans un champ d'affichage HTML.
HTMLValideFormulaire	1000025970	Affichage HTML	Valide le formulaire d'une page HTML affichée dans un champ d'affichage HTML.
HTMLVersPDF	1410088984	gestion des fichiers HTML	Convertit une chaîne HTML ou un buffer HTML en un buffer contenant un document PDF.
HTransactionEnCours	1000025274	HFSQL	Permet de savoir si une transaction est en cours.
HTransactionPointDeSauvegarde	1410087841	HFSQL Client/Serveur	Déclare un point de sauvegarde pour une transaction.
HTransactionRetourneAuPointDeSauvegarde	1410087842	HFSQL Client/Serveur	Annule la transaction jusqu'au point de sauvegarde.
HTriggerEnregistrementAvant	1000025873	HFSQL	Récupère la valeur de l'enregistrement en cours avant l'exécution du ou des triggers.
HTTPEnvoieAsynchrone	1410091208	HTTP	Envoie une requête HTTP en mode asynchrone : le programme continue de s'exécuter et la réponse est traitée par une procédure spécifique.Attention : Ce
HVérifieIndexAsynchrone	1410091105	HFSQL Client/Serveur	Vérifie que les données contenues dans le fichier d'index (fichier .NDX) référencent correctement les données contenues dans le fichier de données HFS
HVérifieMémoAsynchrone	1410091107	HFSQL Client/Serveur	Vérifie l'intégrité structurelle des mémos d'un fichier de données HFSQL Client/Serveur.
IACalculeSimilaritéSémantique	1410091321	Intelligence Artificielle (IA)	Calcule le score de similarité sémantique entre : 2 vecteurs sémantiques, 1 vecteur sémantique et une collection de vecteurs sémantiques. 2 collection
IACollectionVecteurSémantiqueMoyenne	1410091325	Intelligence Artificielle (IA)	Calcule et renvoie le vecteur sémantique représentant la moyenne d'une collection de vecteurs sémantiques.
IACréeCollectionVecteurSémantique	1410091322	Intelligence Artificielle (IA)	Crée une collection de vecteurs sémantique à partir de données brutes.
IACréeVecteurSémantique	1410091316		
IADétecte	1410087942	Intelligence Artificielle (IA)	Détecte différents éléments sur une image : objets, visages, ... Cette détection est réalisée grâce à l'intelligence artificielle (IA).
IADétecteContour	1410089109	Intelligence Artificielle (IA)	Détecte les contours des formes présentes dans une image.
IADétecteDessin	1410089108	Intelligence Artificielle (IA)	Classifie les dessins à main levée parmi cercle, carré et triangle.
IAListeModèleChat	1410086702	Intelligence Artificielle (IA)	Renvoie sous forme de chaîne la liste des modèles d'IA : disponibles pour un fournisseur. disponibles pour un champ Chat IA.Attention : Cette fonction
IAModèleDétecte	1410087982		
IAVecteurSémantiqueNormalise	1410091354		
IBANValide	1410089019	diverses Windows	Teste la validité d'un IBAN (International Bank Acount Number).
iCloudCléValeurEcrit	1410088739	iCloud	Permet d'enregistrer la valeur d'une clé dans un conteneur de paires "clé-valeur" basé sur Apple iCloud.
iCloudCléValeurExiste	1410088740	iCloud	Vérifie l'existence d'une clé dans un conteneur de paires "clé-valeur" basé sur Apple iCloud.
iCloudCléValeurListeClé	1410088856	iCloud	Liste les clés contenues dans un conteneur de "clé-valeur" de Apple iCloud.
iCloudCléValeurLit	1410088741	iCloud	Lit la valeur d'une clé dans un conteneur de paires clé-valeur basé sur Apple iCloud.
iCloudCléValeurSupprime	1410088742	iCloud	Supprime une clé dans un conteneur de paires clé-valeur basé sur Apple iCloud.
iCloudCléValeurSurveille	1410088760	iCloud	Définit la procédure appelée lors du changement de la valeur d'une clé dans un conteneur de paires clé-valeur basé sur Apple iCloud.
iDéfinitXMPSupplémentaire	1000025142	impression	Ajoute des balises XMP dans les métadonnées du fichier PDF généré.
iEnchaînementAjouteDiagramme	1410088662	impression	Ajoute une impression d'un document de type Diagramme dans un enchaînement d'impressions d'états.
iImprimeDiagramme	1410088189	impression	Imprime un diagramme provenant : d'un champ Editeur de diagrammes, d'un fichier "wddiag",d'une variable de type Diagramme.
iImprimeZoneMarkdown	1410089011	impression	Imprime un texte au format Markdown dans une zone rectangulaire.
iInitEtatInterne	1000024611	impression	Initialise les paramètres d'un état interne utilisé par un état.
iInitEtatVerso	1410090612	impression	Initialise les paramètres de l'état qui sera imprimé au verso d'un autre état.
InfoAsynchrone	1000025269	Boîtes de dialogue	Affiche un message personnalisé et non bloquant dans une fenêtre d'information système.
InfoAvecDélaiAsynchrone	1000025271	Boîtes de dialogue	Affiche un message personnalisé dans une fenêtre d'information système non bloquante pendant un délai défini.
InfoImage	1410091104	dessin	Récupère les caractéristiques d'un fichier image ou d'un fichier PDF :format.largeur et hauteur.nombre de bits par pixel.zone de transparence.
iOSApplicationOpenURLProcédure	1410089346	gestion du téléphone	Permet de spécifier la procédure à appeler lorsque l'application doit ouvrir une ressource désignée par une URL.
iOSRépertoireAppGroup	1410088694	gestion du téléphone	Renvoie le chemin du répertoire du conteneur permettant de partager des fichiers entre plusieurs applications appartenant à un même App Group iOS.
Italie.VérifieCF	1410089243	gestion des identifiants administratifs	Teste la validité d'un numéro CF (numéro d'identification personnel en Italie).
Italie.VérifieIVA	1410089247	gestion des identifiants administratifs	Teste la validité d'un numéro IVA (numéro d'identification d'entreprise en Italie).
Italie.VérifieNuméroFiscal	1410090226	gestion des identifiants administratifs	Teste la validité d'un numéro fiscal en Italie.Cette fonction est disponible en code navigateur à partir de la version 2026 Update 1.
JourDansLAnnéeVersDate	1410090781	gestion des dates et des heures	Renvoie la date (au format "AAAAMMJJ") correspondant à un numéro de jour dans l'année.
JourEnCours	1410089835	gestion des dates et des heures	Renvoie le numéro du jour en cours dans le mois courant.
JSONOuvreLecteur	1410090784	gestion du format JSON	Crée un lecteur permettant de lire un document JSON sans le charger en mémoire.
JSONValide	1410089147	gestion du format JSON	Teste la validité d'une chaîne au format JSON.
JSONVersTable	1410090328	gestion du format JSON	Initialise le contenu d'un champ Table ou Table hiérarchique à partir d'une chaîne JSON ou d'une variable JSON.
JSONVersXML	1410087330	gestion du format JSON	Convertit une chaîne de caractères au format JSON en une chaîne de caractères au format XML.
JWTCréeAssertion	1410091014	gestion des protocoles OAuth et OpenID	Crée une assertion JWT.
KanbanAffiche	1410089522	Kanban	Rafraîchit l'affichage d'un champ Kanban ou d'une carte d'un champ Kanban.
KanbanAjouteCarte	1410089140	Kanban	Ajoute une carte dans une liste d'un champ Kanban.
KanbanAjouteListe	1410089137	Kanban	Ajoute une nouvelle liste dans un champ Kanban.
KanbanDéplaceCarte	1410089144	Kanban	Déplace une carte dans un champ Kanban.
KanbanDéplaceListe	1410089540	Kanban	Déplace une liste de Kanban dans un champ Kanban.
KanbanEnregistre	1410089562	Kanban	Modifie l'enregistrement associé à la carte en cours dans le champ Kanban fichier.
KanbanFiltre	1410089534	Kanban	Affiche uniquement les cartes correspondant au filtre spécifié.
KanbanIndiceListe	1410089317	Kanban	Renvoie l'indice d'une liste présente dans un champ Kanban.
KanbanInfoXY	1410089224	Kanban	Renvoie pour une position donnée dans un champ Kanban (coordonnées d'un point du champ) :soit le numéro de la carte pour la position indiquée, soit le
KanbanInsèreCarte	1410089316	Kanban	Insère une carte dans une liste de Kanban.
KanbanInsèreListe	1410089539	Kanban	Insère une liste de Kanban dans un champ Kanban.
KanbanOccurrence	1410089240	Kanban	Renvoie le nombre de cartes ou de listes dans un champ Kanban.
KanbanPositionListe	1410089241	Kanban	Permet de faire défiler une liste d'un champ Kanban afin d'afficher une carte donnée.
KanbanSupprimeCarte	1410089141	Kanban	Supprime une carte d'un champ Kanban ou d'un champ Liste de Kanban.
KanbanSupprimeListe	1410089239	Kanban	Supprime une liste de Kanban d'un champ Kanban.
KanbanSupprimeToutCarte	1410089143	Kanban	Supprime toutes les cartes d'un champ Kanban ou d'un champ Liste de Kanban.
KanbanVersImage	1410089138		
LecteurPDFAfficheSignet	1410089202	Lecteur PDF	Positionne le document PDF affiché dans le champ Lecteur PDF sur le signet demandé.
LecteurPDFInfoXY	1000025332	Lecteur PDF	Renvoie pour une position donnée dans un champ Lecteur PDF (coordonnées d'un point du champ) : soit le numéro de la page pour la position indiquée, so
LecteurPDFSauve	1000024898	Lecteur PDF	Sauve le contenu d'un champ Lecteur PDF dans un fichier.
LienCouleurRTF	1410087292		
ListeProcédureChargeImage	1410090789	Liste	Permet d'indiquer la procédure appelée lors de l'affichage d'une ligne d'un champ Liste image. Il est ainsi possible d'afficher une image calculée plu
LuhnCalcule	1410087276	cryptage/compression	Calcule le prochain chiffre de contrôle de Luhn pour une suite donnée.
LuhnVérifie	1410087277	cryptage/compression	Vérifie que la suite donnée respecte bien la formule de Luhn.
MarkdownLien	1410090230	gestion des chaînes	Ajoute un lien cliquable dans une chaîne Markdown. Il est ainsi possible d'ajouter un lien dans le libellé d'un champ au format Markdown.
MarkdownVersDOCX	1410089153	gestion des chaînes	Convertit une chaîne de caractères au format Markdown en un document au format DOCX.
MarkdownVersHTML	1410088874	gestion des chaînes	Convertit une chaîne de caractères au format Markdown en un buffer au format HTML (encodé en UTF8).
MarkdownVersPDF	1410089119	gestion des chaînes	Convertit une chaîne (ou un buffer) au format Markdown en un buffer contenant un document PDF.
MarkdownVersTexte	1410089001	gestion des chaînes	Convertit une chaîne de caractères au format Markdown en une chaîne de caractères au format texte (sans balises).
MasqueCodePostal	1000024742	Masque	Récupère le masque de saisie du code postal adapté à un pays donné.
MasqueFormate	1000024738	Masque	Formate une chaîne de caractères à l'aide d'une variable de type MasqueDeSaisie.
MasqueNuméroDeTéléphone	1000024741	Masque	Récupère le masque de saisie du numéro de téléphone adapté à un pays donné.
MémoTélécharge	1410086743	diverses WEBDEV	Optimise le temps de chargement du contenu d'une rubrique HFSQL de type "Mémo" sur la machine de l'internaute.
MémoVisualise	1410086742	diverses WEBDEV	Lance la visualisation d'un fichier contenu dans une rubrique "Mémo" dans le navigateur.
MenuAjouteMenuNavigateur	1410090921	Menu	Ajoute un nouveau menu dans un menu existant. Ce nouveau menu peut exécuter une procédure navigateur passée en paramètre.
MenuAjouteOptionNavigateur	1410090920	Menu	Ajoute une nouvelle option de menu à la suite de la dernière option d'un menu (déroulant ou contextuel). Cette option de menu exécute une procédure na
ModbusConnecteRTU	1000025929	Modbus	Connecte un poste client à un esclave Modbus via le port série.
ModbusConnecteTCP	1000025930	Modbus	Connecte un poste client à un serveur Modbus via le protocole TCP.
ModbusDéconnecte	1000025931	Modbus	Ferme la session Modbus.
ModbusEcritBit	1000025932	Modbus	Écrit un ou plusieurs bits à une adresse précise dans un esclave Modbus.
ModbusEcritFlottant	1000025933	Modbus	Ecrit une ou plusieurs flottants simple précision à partir d'une adresse précise dans un esclave Modbus.
ModbusEcritRegistre	1000025934	Modbus	Ecrit un ou plusieurs registres (valeur 16 bits) à partir d'une adresse précise dans un esclave Modbus.
ModbusEnvoieTrameBrute	1410089145	Modbus	Envoie une trame brute à un esclave Modbus. Il est ainsi possible de communiquer avec des automates qui disposent de fonctionnalités non-standards.
ModbusLitBit	1000025935	Modbus	Lit un ou plusieurs bits à partir d'une adresse précise sur un esclave Modbus.
ModbusLitFlottant	1000025936	Modbus	Lit un ou plusieurs flottants "simple précision" à partir d'une adresse précise dans un esclave Modbus.
ModbusLitRegistre	1000025937	Modbus	Lit un ou plusieurs registres à partir d'une adresse précise dans un esclave Modbus.
MongoExécuteLotOpérations	1410089189	MongoDB	Effectue un ensemble d'opérations d'écriture MongoDB en lot. Il est ainsi possible d'éviter des latences réseau qui pourraient subvenir en effectuant 
MongoPipelineAgrégation	1000025267	MongoDB	Permet de récupérer des documents issus de la transformation et de l'agrégation en plusieurs étapes.
NavigateurPartage	1410089642	gestion du navigateur	Lance le partage natif de l'appareil.
NotifPushAbonne	1410089870	gestion du téléphone	Abonne l'application Android en cours aux notifications push relatives à un sujet.
NotifPushDésabonne	1410089871	gestion du téléphone	Désabonne l'application des notifications push envoyées pour le sujet spécifié.
NotifPushEnvoieAbonné	1410089872	gestion du téléphone	Envoie une notification push distante aux appareils Android abonnés d'un sujet.
OCRAjouteLangue	1000025728	OCR	Ajoute une langue de détection à l'OCR natif.
OCRChargeLangue	1000025790	OCR	Ajoute une langue à l'OCR natif.
OCRDétecteZoneTexte	1000025704	OCR	Renvoie toutes les zones de texte d'une image sans lire le texte.
OCRExtraitBlocTexte	1000025703	OCR	Renvoie tous les blocs texte d'une image.
OCRExtraitTexte	1000025699	OCR	Lit le texte contenu dans une image.
OCRParamètre	1000025701	OCR	Initialise les options générales de l'OCR (Optical Character Recognition) natif.
OCRRépertoireModèle	1000025700	OCR	Permet de définir le répertoire contenant les modèles de langue pour l'OCR natif.
OCRSupprimeToutesLangues	1000025729	OCR	Supprime toutes les langues de l'OCR natif.
oDriveConnecte	1410089376	Drive	Crée une connexion à un drive OneDrive.
OKAnnulerAsynchrone	1000025308	Boîtes de dialogue	Affiche un message dans une boîte de dialogue standard non bloquante proposant les réponses "OK" et "Annuler" et appelle une procédure WLangage avec l
OpenAPIVersHTTP	1410088947	HTTP	Construit la requête HTTP d'appel à une fonction d'une API. Elle pourra ensuite être envoyée grâce à la fonction HTTPEnvoie.
OuiNonAsynchrone	1000025272	Boîtes de dialogue	Affiche un message dans une boîte de dialogue standard non bloquante proposant les réponses "Oui" et "Non" et appelle une procédure WLangage avec la r
OuvreAsynchrone	1410087804	gestion des fenêtres	Ouvre une fenêtre dont le résultat sera récupéré via une procédure WLangage (appelée "callback").
OuvreDocumentAsynchrone	1410088182	diverses WINDEV	Ouvre un document dans une nouvelle fenêtre (non modale) en utilisant l'éditeur WINDEV adapté au document. Le résultat pourra être récupéré via une pr
OuvrePopupAsynchrone	1410087806	gestion des fenêtres	Ouvre une fenêtre de type popup dont le résultat sera récupéré par une procédure WLangage (également appelée "Callback").
PageAgencementEnCours	1000024599	gestion des pages	Renvoie l'indice de l'agencement en cours : dans la page en cours.dans la page spécifiée.
PageChangeAgencement	1000024598	gestion des pages	Applique un agencement spécifique sur une page.
PageDepuisSource	1000021400	liaison	Initialise automatiquement les champs d'une page avec : les valeurs des rubriques associées dans l'enregistrement en cours (chargé en mémoire) du fich
PageEcritCodeHTTP	1410090194	gestion des pages	Renseigne le code HTTP qui sera retourné au client à la fin de l'exécution du code serveur de la page.
PageEcritCodeHTTPPersonnalisé	1410090195	gestion des pages	Renseigne le code HTTP personnalisé qui sera retourné au client à la fin de l'exécution du code serveur de la page.
PaletteChange	1410090897	Palette	Modifie la palette utilisée par le projet ou par une fenêtre.
PaletteCharge	1410090780	Palette	Charge une palette à partir d'un fichier de type ".wdpalette".
PaletteGénère	1410090825	Palette	Génère une palette à partir d'une couleur de base.
PaletteRécupère	1410090898	Palette	Récupère la palette courante du projet ou la palette de la fenêtre.
PaletteSauve	1410090779	Palette	Sauve une palette dans un fichier.
PartageProximitéAccepteConnexion	1410090646	partage de proximité	Accepte la demande de connexion d'un appareil distant.
PartageProximitéArrêteAttente	1410090647	partage de proximité	Arrête l'attente de la connexion des appareils aux autres appareils à proximité.
PartageProximitéArrêteRecherche	1410090649	partage de proximité	Arrête la recherche des appareils distants.
PartageProximitéArrêteTout	1410090668	partage de proximité	Arrête le ou les partages de proximité en cours : arrêt de l'attente de connexion, arrêt de la recherche d'appareils distants, déconnexion de tous les
PartageProximitéAttendConnexion	1410090655	partage de proximité	Rend l'appareil visible aux appareils distants qui sont en mode "recherche à proximité" (via la fonction PartageProximitéRechercheAppareil) et attend 
PartageProximitéDéconnecte	1410090652	partage de proximité	Ferme la connexion avec un appareil distant.
PartageProximitéDemandeConnexion	1410090650	partage de proximité	Demande la connexion à un appareil distant.
PartageProximitéEnvoie	1410090653	partage de proximité	Envoie des données (buffer binaire) à un ou plusieurs appareil(s) distant(s) au(x)quel(s) l'appareil en cours est connecté.
PartageProximitéEnvoieFichier	1410090654	partage de proximité	Envoie un fichier à un ou plusieurs appareil(s) distant(s) au(x)quel(s) l'appareil en cours est connecté.
PartageProximitéRechercheAppareil	1410090648	partage de proximité	Recherche les appareils à proximité qui ont annoncé leur présence et qui sont en attente de connexion.
PartageProximitéRefuseConnexion	1410090651	partage de proximité	Refuse la demande de connexion d'un appareil distant.
PDFAjouteFiligrane	1410087843	PDF	Ajoute un filigrane sur toutes les pages ou sur certaines pages d'un fichier PDF existant.
PDFAjouteImage	1410087847	PDF	Ajoute une image dans une page d'un fichier PDF existant.
PDFChampInfoXY	1410091157		
PDFExtrait	1410090600		
PDFFerme	1000025127	PDF	Ferme le fichier PDF chargé en mémoire dans une variable de type pdfDocument.
PDFNbSignature	1410088119	PDF	Récupère le nombre de signatures dans un document PDF.
PDFOuvre	1000025032	PDF	Ouvre un document PDF et charge ce document dans une variable de type pdfDocument.
PDFRécupèreDateSignature	1410088121	PDF	Récupère la date de l'une des signatures d'un document PDF.
PDFRécupèreSignature	1410088120	PDF	Récupère la signature d'un document PDF sous forme d'un buffer.
PDFVérifieSignatures	1410090988	PDF	Vérifie la validité des signatures contenues dans un PDF.
PermissionDemande	1410087423	Permission	Demande à l'utilisateur d'accorder une permission à l'application.
PermissionListe	1410087429	Permission	Renvoie une ou toutes les permissions déclarées par l'application.
PhraseVersBuffer	1000025971	gestion des chaînes	Renvoie le buffer encodé dans une phrase mnémotechnique BIP39.
PicCaptureLasso	1410088683	Editeur d'images et variables WDPic	Effectue une capture d'écran via le lasso et récupère cette capture dans une variable de type Image.
PicCaptureLassoOCR	1410088839	Editeur d'images et variables WDPic	Lance une capture d'écran par le lasso pour en extraire le texte via une analyse avec le système OCR intégré.
PiloteCombo	1000025309	Pilote	Pilote une des actions suivantes sur un champ Combo : clic sur le bouton permettant de dérouler la liste du champ Combo. sélection d'un élément dans u
PiloteDnD	1410088663	Pilote	Pilote un "Glisser-Déposer" durant les tests automatiques.
PoliceCharge	1410090994	gestion des polices	Charge une police personnelle depuis un fichier (ou un buffer). Après le chargement, les polices et variantes déclarées par le fichier seront disponib
PoliceDécharge	1410090995	gestion des polices	Décharge une police précédemment chargée avec la fonction PoliceCharge.
Polyligne2DAjoutePoint	1410090159	gestion des données spatiales	Ajoute un nouveau point dans une polyligne en 2 dimensions (polyligne géométrique).
PolyligneGéoAjoutePoint	1410090160	gestion des données spatiales	Ajoute un nouveau point dans une polyligne géographique.
PopupAffichePage	1410087258	gestion des pages	Affiche une page WEBDEV comme une popup dans la page courante avec un effet de GFI (Grisage des Fenêtres Inaccessibles).
PopupFermePage	1410087259	gestion des pages	Masque une page affichée en popup via la fonction PopupAffichePage.
PremièreLettreEnMajuscule	1410088702	gestion des chaînes	Convertit en majuscule la première lettre de tous les mots d'une chaîne de caractères.
PythonAjouteChemin	1410088169	Python	Permet d'ajouter le chemin d'un répertoire ou le chemin de l'environnement virtuel pour la recherche des modules Python.
PythonExécute	1410088102	Python	Exécute une fonction présente dans un module Python.
PythonInitialise	1410088100	Python	Indique l'emplacement de la DLL Python à charger.
PythonTermine	1410088101	Python	Décharge la DLL Python et libère la mémoire.
RechercheSémantique	1410091374		
RécupèreDéfinitionVariable	1410090635		
RécupèreThème	1000025320	gestion du téléphone	Permet de connaître le thème actuel d'une application mobile.
RedisAffecte	1410088170	gestion d'une base Big Data Redis	Modifie la valeur d'une clé sur un serveur Redis.
RedisDéconnecte	1410089738	gestion d'une base Big Data Redis	Force la fermeture de la connexion vers un serveur Redis (ou un cluster Redis).
RedisRécupère	1410088171	gestion d'une base Big Data Redis	Récupère la valeur d'une clé sur un serveur Redis sous forme de chaîne.
RegexCherche	1000026274	gestion des chaînes	Cherche toutes les parties d'une chaîne de caractères qui respectent un format donné.
RegexRemplace	1000026275	gestion des chaînes	Remplace toutes les parties d'une chaîne qui respectent un format donné.
RegexVérifie	1000026273	gestion des chaînes	Vérifie si une chaîne respecte un format défini par une expression régulière.
RépertoireWeb_15	3012018	diverses WEBDEV	Attention : lors de la migration d'un projet WEBDEV 1.5 vers WEBDEV 17 : la fonction RépertoireWeb a été remplacée par la fonction RépertoireWeb_15. u
SaaSAdminListeLicence	1410090977	SaaS	Liste les licences d'abonnement SaaS associées à un utilisateur.
SaaSAdminListeVisite	1000024559	SaaS	Renvoie la liste des visites d'un site SaaS.
SaisieInvalideAfficheBulle	1000024896	gestion de la saisie invalide	Affiche une bulle d'erreur sous un champ de saisie pour indiquer la raison de la saisie invalide.
SaisieInvalideAfficheErreur	1000026247	gestion de la saisie invalide	Affiche une erreur de saisie invalide pour le champ spécifié.
SaisieInvalideAfficheIcone	1000024917	gestion de la saisie invalide	Affiche une icône d'erreur à côté d'un champ de saisie pour indiquer que la saisie est invalide.
SaisieInvalideDétecte	1000026180	gestion de la saisie invalide	Détecte et met en erreur les champs dont la saisie est invalide et /ou obligatoire.
SaisieInvalideListeChamp	1000026244	gestion de la saisie invalide	Construit la liste des champs dont la saisie est invalide/obligatoire.
ScanAvecInterfaceUtilisateur	1410087840	gestion des scanners	Enregistre un document provenant d'un scanneur dans un ou plusieurs fichiers, en utilisant l'interface utilisateur du scanneur.
ScanCapacité	1410088661	gestion des scanners	Permet de savoir si un scanneur possède une capacité donnée.
ScanDepuisCaméraVersImage	1410090763	gestion du téléphone	Ouvre une fenêtre spécifique permettant de numériser sous forme d'image un ou plusieurs documents à l'aide de la caméra du téléphone ou de la tablette
ScanDepuisCaméraVersPDF	1410090790	gestion du téléphone	Ouvre une fenêtre spécifique permettant de numériser sous forme d'un fichier PDF un ou plusieurs documents à l'aide de la caméra du téléphone (ou de l
ScanDocumentDepuisCaméra	1410090545	gestion du téléphone	Ouvre une fenêtre spécifique permettant de numériser sous forme d'image un ou plusieurs documents à l'aide de la caméra du téléphone ou de la tablette
ScanListe	1410087807	gestion des scanners	Liste les scanneurs connectés au poste en cours.
ScanPropriété	1410087853	gestion des scanners	Permet de connaître ou de modifier les propriétés d'un scanneur.
ScanRécupère	1410087836	gestion des scanners	Récupère les caractéristiques d'un scanneur dans une variable de type Scanneur.
ScanSélecteur	1410087835	gestion des scanners	Affiche une boîte de dialogue standard listant les scanneurs disponibles.
ScanVersImage	1410087838	gestion des scanners	Récupère un document provenant d'un scanneur dans une variable de type Image.
ScanVersPDF	1410087839	gestion des scanners	Enregistre un document provenant d'un scanneur dans un fichier PDF.
SCPEnvoieFichier	1410089102	SCP	Envoie un fichier via le protocole SCP.
SCPRécupèreFichier	1410089103	SCP	Récupère un fichier via le protocole SCP.
SessionHeartBeatActive	1000026248	diverses WEBDEV	Active ou désactive le "heartbeat" de la session courante.
SessionPageDemandée	1410089106	diverses WEBDEV	Renvoie le nom de la page explicitement demandée au lancement de la session.
SessionPrologue	1000026262	diverses WEBDEV	Active ou désactive une procédure WLangage appelée sur chaque requête dans une session.
ShamirCréeClésPartagées	1410091293	cryptage/compression	Crée un ensemble de clés pour un même secret selon l'algorithme de Shamir.
ShamirGénèreNombrePremier	1410091295	cryptage/compression	Génère un nombre premier aléatoire utilisable pour la création de clés via l'algorithme de Shamir. Ce nombre est généré en fonction du secret.
ShamirReconstruitSecret	1410091294	cryptage/compression	Reconstruit un secret à partir d'un ensemble de clés.
sListePort	1000025980	Ports série et parallèle	Renvoie la liste des noms des ports séries et des ports parallèles présents sur la machine.
SMSDétecteCodeUsageUnique	1410090437	SMS	Remplit automatiquement un champ de saisie avec un code à usage unique reçu par SMS.
SocketParamètre	1410088949	gestion des sockets	Permet de paramétrer le mode d'utilisation des fonctions Socket.
SocketProxy	1410088761	gestion des sockets	Spécifie si les sockets TCP et les WebSockets doivent ou non passer par un proxy SOCKS5 pour exécuter leurs requêtes.
SourceDepuisFenêtre	1000021402	liaison	Initialise automatiquement : la valeur mémoire des rubriques d'un fichier de données avec la valeur des champs de la fenêtre.la valeur des variables W
SourceDepuisPage	1000021404	liaison	Initialise automatiquement :la valeur mémoire des rubriques d'un fichier de données avec la valeur des champs de la page.la valeur des variables WLang
SSHConnecteCommande	1410091112	SSH	Permet de conserver la session SSH active entre plusieurs envois de commandes (via la fonction SSHCommande) à un serveur SSH.
SSHDéconnecteCommande	1410091113	SSH	Permet d'arrêter la session SSH qui était active pour permettre l'envoi groupé de plusieurs commandes.
StyleDessinLibelléGrisé	1000025751	diverses WINDEV	Personnalise le style de dessin des libellés, dans les champs qui sont grisés.
Suisse.VérifieIDE	1410089354	gestion des identifiants administratifs	Teste la validité d'un numéro IDE (numéro d'identification des entreprises en Suisse).
Suisse.VérifieNAVS	1410089355	gestion des identifiants administratifs	Teste la validité d'un numéro NAVS (numéro d'assurance vieillesse survivants de Suisse).
Suisse.VérifieNuméroFiscal	1410090222	gestion des identifiants administratifs	Teste la validité d'un numéro fiscal en Suisse.Cette fonction est disponible en code navigateur à partir de la version 2026 Update 1.
Suisse.VérifieREE	1410089356	gestion des identifiants administratifs	Teste la validité d'un numéro REE (numéro dans le registre des entreprises et des établissements identifiant un établissement d'une entreprise en Suis
SynthèseVocaleListeVoix	1000025921	Synthèse Vocale	Renvoie la liste des voix disponibles sur l'appareil pour le moteur de synthèse vocale.
SysCouleurAccentuation	1410090893	Système	Renvoie la couleur d'accentuation de Windows (couleur système également appelée couleur dominante).
SysCrypte	1410091090	Système	Crypte des données en utilisant les informations d'identification de l'utilisateur Windows.
SysDécrypte	1410091091	Système	Décrypte des données en utilisant les informations d'identification de l'utilisateur Windows. Ces données ont été précédemment cryptées par la fonctio
SysEstAdministrateur	1410091051	Système	Indique si l'utilisateur courant possède les droits d'administrateur de la machine.
SysNomUtilisateur	1410091381	Système	Renvoie le nom de l'utilisateur ayant lancé l'application.Attention : Cette fonction est disponible uniquement à partir de la version 2026 Update 1.
SysNotificationCompatible	1410087932	Notifications système	Vérifie si le système d'exploitation supporte les notifications interactives.
SysNotificationEnvoie	1410087906	Notifications système	Envoie une notification interactive au système afin de l'afficher.
SysNotificationJaugeMaj	1410091055	Notifications système	Met à jour les caractéristiques d'une jauge présente dans une notification système.
SysNotificationSupprime	1410087907	Notifications système	Supprime une notification interactive précédemment envoyée.
SysNotificationSupprimeID	1410087939	Notifications système	Supprime toutes les notifications interactives précédemment envoyées correspondant à l'identifiant (ID) spécifié.
SysNotificationSupprimeTout	1410087937	Notifications système	Supprime toutes les notifications interactives précédemment envoyées par l'application en cours.
SysOptimBatterieArrièrePlan	1000026008	Système	Permet de gérer l'optimisation de la batterie : Récupère le mode de gestion de l'optimisation de la batterie pour l'application en cours. Demande à l'
TableAjouteDébut	1410090425	Table	Ajoute une ligne au début d'un champ Table infinie. La ligne est insérée avant la première ligne du champ Table. La position de défilement du champ Ta
TableauContient	1410091041	Tableau	Cherche un élément dans un tableau WLangage.
TableauDistinct	1000025337	Tableau	Renvoie un tableau sans doublons.
TableauIntersection	1000025335	Tableau	Renvoie un tableau correspondant à l'intersection de deux tableaux.
TableauUnion	1000025334	Tableau	Renvoie un tableau correspondant à l'union de deux tableaux.
TableauUnionTout	1000025403	Tableau	Renvoie un tableau correspondant à l'union de deux tableaux (sans suppression des doublons).
TableauVersParamètres	1410089937	Tableau	Convertit un tableau d'éléments en une liste de paramètres.
TableCherchePartout	1410088362	Table	Recherche une valeur dans toutes les colonnes des champs suivants : champ Table,champ Table hiérarchique,champ Table affiché dans un champ Combo.
TableurAjouteLien	1410090390	Tableur	Crée un lien dans une cellule d'un champ Tableur. Le texte de la cellule devient le texte du lien.
TableurDéfusionneCellule	1410089203	Tableur	Supprime la fusion de cellule pour la cellule spécifiée ou pour la cellule sélectionnée dans un champ Tableur.
TableurDéplaceFeuille	1410087257	Tableur	Déplace une feuille de calcul dans un champ Tableur présent dans une fenêtre.
TableurFusionneCellule	1000026181	Tableur	Fusionne les cellules spécifiées ou les cellules sélectionnées dans un champ Tableur.
TableurListeCommentaire	1000024881	Tableur	Liste tous les commentaires de la feuille courante d'un champ Tableur.
TableurSelectCommentaire	1000024883	Tableur	Permet de : savoir si un commentaire est sélectionné dans un champ Tableur, sélectionner ou désélectionner un commentaire dans un champ Tableur.
TableVersJSON	1410090327	Table	Convertit le contenu d'un champ Table ou Table hiérarchique en une chaîne au format JSON.
TCDCalculeMiseAJourAsynchrone	1410089990	Tableau croisé dynamique	Met à jour (sans blocage) une partie des données d'un champ Tableau croisé dynamique à partir d'une date.
TCDCalculeToutAsynchrone	1410090244	Tableau croisé dynamique	Calcule ou recalcule entièrement un champ Tableau croisé dynamique sans blocage.
TCDComparePériode	1000024869	Tableau croisé dynamique	Calcule et affiche une comparaison de périodes dans un champ Tableau croisé dynamique.
TéléchargementAjoute	1410087319	Téléchargement	Ajoute un nouveau téléchargement dans le gestionnaire de téléchargement du téléphone.
TéléchargementListe	1410087322	Téléchargement	Liste les téléchargements du gestionnaire de téléchargement provenant de l'application en cours.
TéléchargementRécupèreInfo	1410087320	Téléchargement	Récupère les informations d'un téléchargement présent dans le gestionnaire de téléchargement.
TéléchargementSupprime	1410087321	Téléchargement	Annule un téléchargement en le supprimant du gestionnaire de téléchargement du téléphone et supprime les fichiers existants.
TélémétrieEnvoieDonnées	1000024736	Télémétrie	Force l'envoi immédiat des données de la télémétrie.
TélémétrieEnvoieExceptionInfo	1410091371	Télémétrie	Envoie à la télémétrie les informations concernant l'exception uniquement si cette exception a été traitée par QUAND EXCEPTION DANS.
telRécupèreNuméro	1410090442	gestion du téléphone	Affiche la fenêtre d'autorisation et de sélection du ou des numéros de téléphone de l'utilisateur enregistrés sur l'appareil.
TexteVersMarkdown	1410091409	gestion des chaînes	Convertit une chaîne de caractères au format texte en une chaîne en Markdown (avec des balises spécifiques).Attention : Cette fonction est disponible 
ThreadArrêtDemandé	1000021219	gestion des threads	Vérifie si une demande d'arrêt a été envoyée au thread en cours d'exécution.
ThreadDemandeArrêt	1000021218	gestion des threads	Envoie une demande d'arrêt à un thread.
Transforme	1000024734	Tableau	Renvoie un tableau WLangage contenant les résultats d'une procédure exécutée pour chaque élément d'un tableau source.
TypeEstNullable	1410090370	diverses WINDEV	Permet de savoir si un élément est nullable.
UTF8Valide	1410089619	gestion des chaînes	Teste la validité d'une chaîne de caractères au format UTF8.
UTFConvertit	1410088734	gestion des chaînes	Convertit une chaîne ou un buffer vers le format spécifié : UTF, Ansi, Unicode.
VérifieTousFaux	1000024858	Tableau	Renvoie Vrai si tous les éléments d'un tableau sont Faux.
VérifieTousVrai	1000024857	Tableau	Renvoie Vrai si tous les éléments d'un tableau sont Vrai.
VérifieUnFaux	1000024860	Tableau	Renvoie Vrai si au moins un élément d'un tableau est Faux.
VérifieUnVrai	1000024859	Tableau	Renvoie Vrai si au moins un élément d'un tableau est Vrai.
VisiteGuidéeArrête	1410090225	Visite guidée	Arrête la visite guidée spécifiée ou la visite guidée en cours.
VisiteGuidéeChangeEtape	1410090229	Visite guidée	Modifie l'étape en cours de la visite guidée.
VisiteGuidéeDémarre	1410090176	Visite guidée	Démarre la visite guidée et affiche la première étape.
VisiteGuidéeInfo	1410090219	Visite guidée	Renvoie des informations sur une visite guidée.
wdbaasCréeUtilisateur	1410091289	gestion des utilisateurs sur le serveur d'authentification OAuth WEBDEV	Crée un nouvel utilisateur dans le serveur d'authentification OAuth.
wdbaasInfoUtilisateur	1410091290	gestion des utilisateurs sur le serveur d'authentification OAuth WEBDEV	Récupère les informations concernant un utilisateur sur le serveur OAuth WEBDEV.
wdbaasListeUtilisateur	1410091288	gestion des utilisateurs sur le serveur d'authentification OAuth WEBDEV	Renvoie la liste des utilisateurs du serveur d'authentification OAuth WEBDEV.
wdbaasModifieUtilisateur	1410091291	gestion des utilisateurs sur le serveur d'authentification OAuth WEBDEV	Modifie un utilisateur existant dans le serveur d'authentification OAuth WEBDEV.
wdbaasSupprimeUtilisateur	1410091292	gestion des utilisateurs sur le serveur d'authentification OAuth WEBDEV	Supprime un utilisateur existant du serveur d'authentification OAuth WEBDEV.
WebserviceEcritCodeHTTPPersonnalisé	1410087803	Webservices	Renseigne le code HTTP personnalisé qui sera retourné à la fin de l'exécution de la fonction du Webservice REST.
WebserviceEnvoieMorceau	1410091271	Webservices	Permet dans un Webservice REST de renvoyer immédiatement au client un morceau de la réponse (avant la fin de l'exécution du point d'entrée).
WebserviceLitTokenUtilisateur	1410090917	Webservices	Récupère le token d'autorisation ("access token") reçu par le webservice qui est en cours d'exécution.
WebSocketClientConnecte	1410087751	gestion des sockets	Permet d'établir une connexion avec un serveur de Websocket.
WebSocketClientConnecteSSL	1410087752	gestion des sockets	Permet d'établir une connexion sécurisée SSL avec un serveur de Websocket.
WebSocketDéconnecte	1000025960	WebSocket	Déconnecte un client actuellement connecté sur un serveur de WebSocket.
WebSocketEnvoie	1000025957	WebSocket	Envoie un message pour un client du serveur de WebSocket.
WebSocketExécute	1000025961	WebSocket	Exécute une procédure dans le contexte d'un client connecté au serveur de WebSocket.
WebSocketExécuteServiceGlobal	1000026042	WebSocket	Exécute une procédure globale dans le contexte du service global du serveur de WebSocket.
WebSocketListeClientConnecté	1000025956	WebSocket	Liste les clients connectés au serveur de WebSocket.
WidgetProcédure	1410087599	Widget	Permet de spécifier la procédure qui sera appelée lorsque l'utilisateur effectue un clic dans un Widget iOS 14.
xlsDéfusionneCellule	1410089538	gestion des fichiers XLS	Supprime la fusion d'une plage de cellules.
xlsFusionneCellule	1410089537	gestion des fichiers XLS	Fusionne les cellules spécifiées dans un document Excel.
xlsRecalculeTout	1410089617	gestion des fichiers XLS	Recalcule toutes les formules d'un document Excel au format XLSX.
xlsRécupèreFusion	1410089567	gestion des fichiers XLS	Permet de savoir si une cellule est fusionnée avec d'autres cellules et d'obtenir la plage des cellules fusionnées correspondante.
XMLVérifieSignature	1410090391	gestion des fichiers XML	Vérifie la signature d'un noeud XML.
XMLVersJSON	1410087331	gestion des fichiers XML	Convertit une chaîne de caractères au format XML en une chaîne de caractères au format JSON.
zipDébutAjoutFichier	1410091114	gestion des archives	Débute une série d'ajouts optimisés de fichiers dans une archive de type CAB, ZIP, WDZ, 7z, TAR, gzip ou TGZ (TAR.GZ).
zipExtraitRépertoire	1000025518	gestion des archives	Extrait et décompresse automatiquement les fichiers présents dans un répertoire de l'arborescence des fichiers d'une archive vers un emplacement physi
zipFiltre	1000026293	gestion des archives	Renvoie la liste des formats d'archives gérés par la plateforme en cours, au format attendu par le filtre de la fonction fSélecteur.
zipFinAjoutFichier	1410091115	gestion des archives	Termine une série d'ajouts optimisés de fichiers dans une archive.
zipSélectionFichier	1000026152	gestion des archives	Définit une sélection des fichiers contenus dans l'archive.
ZoneRépétéeAjouteDébut	1410090428	Zones répétées	Ajoute une répétition (ou ligne) au début d'un champ Zone répétée infinie. La répétition est insérée avant la première répétition du champ Zone répété
ZoneRépétéeAjouteFIDébut	1410090427	Zones répétées	Ajoute une répétition (ou une ligne) constituée par une fenêtre interne en première répétition d'un champ Zone Répétée infinie. La répétition est insé
ZoneRépétéeAjoutePI	1410089366	Zones répétées	Ajoute une répétition sous forme d'une page interne à la fin d'un champ Zone répétée par programmation.
ZoneRépétéeInsèrePI	1410089367	Zones répétées	Insère une répétition sous forme d'une page interne dans un champ Zone répétée par programmation.
ZoneRépétéeModifiePI	1410089368	Zones répétées	Modifie une répétition correspondant à une page interne dans un champ Zone répétée par programmation.
